window_id,sample_start,sample_end,n_eval,correct_estimated,interval_acc,cumulative_correct_estimated,cumulative_n_eval,cumulative_acc
1,1024,1123,100.0,68.5,0.685000,68.5,100.0,0.685000
2,1124,1223,100.0,76.5,0.765000,145.0,200.0,0.725000
3,1224,1323,100.0,85.75,0.857500,230.75,300.0,0.769167
4,1324,1423,100.0,72.25,0.722500,303.0,400.0,0.757500
5,1424,1523,100.0,82.25,0.822500,385.25,500.0,0.770500
6,1524,1623,100.0,83.25,0.832500,468.5,600.0,0.780833
7,1624,1723,100.0,83.25,0.832500,551.75,700.0,0.788214
8,1724,1823,100.0,78.25,0.782500,630.0,800.0,0.787500
9,1824,1923,100.0,81.75,0.817500,711.75,900.0,0.790833
10,1924,2023,100.0,89.25,0.892500,801.0,1000.0,0.801000
11,2024,2123,100.0,88.25,0.882500,889.25,1100.0,0.808409
12,2124,2223,100.0,89.75,0.897500,979.0,1200.0,0.815833
13,2224,2323,100.0,84.75,0.847500,1063.75,1300.0,0.818269
14,2324,2423,100.0,93.75,0.937500,1157.5,1400.0,0.826786
15,2424,2523,100.0,89.25,0.892500,1246.75,1500.0,0.831167
16,2524,2623,100.0,86.25,0.862500,1333.0,1600.0,0.833125
17,2624,2723,100.0,90.25,0.902500,1423.25,1700.0,0.837206
18,2724,2823,100.0,90.75,0.907500,1514.0,1800.0,0.841111
19,2824,2923,100.0,84.75,0.847500,1598.75,1900.0,0.841447
20,2924,3023,100.0,84.25,0.842500,1683.0,2000.0,0.841500
21,3024,3123,100.0,85.0,0.850000,1768.0,2100.0,0.841905
22,3124,3223,100.0,85.5,0.855000,1853.5,2200.0,0.842500
23,3224,3323,100.0,91.0,0.910000,1944.5,2300.0,0.845435
24,3324,3423,100.0,87.5,0.875000,2032.0,2400.0,0.846667
25,3424,3523,100.0,92.25,0.922500,2124.25,2500.0,0.849700
26,3524,3623,100.0,90.75,0.907500,2215.0,2600.0,0.851923
27,3624,3723,100.0,96.25,0.962500,2311.25,2700.0,0.856019
28,3724,3823,100.0,88.75,0.887500,2400.0,2800.0,0.857143
29,3824,3923,100.0,94.75,0.947500,2494.75,2900.0,0.860259
30,3924,4023,100.0,94.25,0.942500,2589.0,3000.0,0.863000
31,4024,4123,100.0,92.5,0.925000,2681.5,3100.0,0.865000
32,4124,4223,100.0,91.5,0.915000,2773.0,3200.0,0.866563
33,4224,4323,100.0,90.5,0.905000,2863.5,3300.0,0.867727
34,4324,4423,100.0,89.0,0.890000,2952.5,3400.0,0.868382
35,4424,4523,100.0,90.5,0.905000,3043.0,3500.0,0.869429
36,4524,4623,100.0,95.0,0.950000,3138.0,3600.0,0.871667
37,4624,4723,100.0,96.0,0.960000,3234.0,3700.0,0.874054
38,4724,4823,100.0,89.0,0.890000,3323.0,3800.0,0.874474
39,4824,4923,100.0,89.5,0.895000,3412.5,3900.0,0.875000
40,4924,5023,100.0,89.5,0.895000,3502.0,4000.0,0.875500
41,5024,5123,100.0,86.75,0.867500,3588.75,4100.0,0.875305
42,5124,5223,100.0,86.25,0.862500,3675.0,4200.0,0.875000
43,5224,5323,100.0,92.5,0.925000,3767.5,4300.0,0.876163
44,5324,5423,100.0,88.5,0.885000,3856.0,4400.0,0.876364
45,5424,5523,100.0,86.25,0.862500,3942.25,4500.0,0.876056
46,5524,5623,100.0,84.75,0.847500,4027.0,4600.0,0.875435
47,5624,5723,100.0,84.5,0.845000,4111.5,4700.0,0.874787
48,5724,5823,100.0,94.5,0.945000,4206.0,4800.0,0.876250
49,5824,5923,100.0,83.75,0.837500,4289.75,4900.0,0.875459
50,5924,6023,100.0,88.25,0.882500,4378.0,5000.0,0.875600
51,6024,6123,100.0,83.75,0.837500,4461.75,5100.0,0.874853
52,6124,6223,100.0,92.25,0.922500,4554.0,5200.0,0.875769
53,6224,6323,100.0,89.0,0.890000,4643.0,5300.0,0.876038
54,6324,6423,100.0,76.5,0.765000,4719.5,5400.0,0.873981
55,6424,6523,100.0,78.0,0.780000,4797.5,5500.0,0.872273
56,6524,6623,100.0,81.5,0.815000,4879.0,5600.0,0.871250
57,6624,6723,100.0,81.5,0.815000,4960.5,5700.0,0.870263
58,6724,6823,100.0,75.0,0.750000,5035.5,5800.0,0.868190
59,6824,6923,100.0,72.75,0.727500,5108.25,5900.0,0.865805
60,6924,7023,100.0,80.75,0.807500,5189.0,6000.0,0.864833
61,7024,7123,100.0,84.25,0.842500,5273.25,6100.0,0.864467
62,7124,7223,100.0,83.25,0.832500,5356.5,6200.0,0.863952
63,7224,7323,100.0,85.25,0.852500,5441.75,6300.0,0.863770
64,7324,7423,100.0,89.25,0.892500,5531.0,6400.0,0.864219
65,7424,7523,100.0,80.75,0.807500,5611.75,6500.0,0.863346
66,7524,7623,100.0,79.75,0.797500,5691.5,6600.0,0.862348
67,7624,7723,100.0,90.5,0.905000,5782.0,6700.0,0.862985
68,7724,7823,100.0,87.0,0.870000,5869.0,6800.0,0.863088
69,7824,7923,100.0,86.0,0.860000,5955.0,6900.0,0.863043
70,7924,8023,100.0,90.5,0.905000,6045.5,7000.0,0.863643
71,8024,8123,100.0,85.0,0.850000,6130.5,7100.0,0.863451
72,8124,8223,100.0,81.5,0.815000,6212.0,7200.0,0.862778
73,8224,8323,100.0,82.5,0.825000,6294.5,7300.0,0.862260
74,8324,8423,100.0,85.0,0.850000,6379.5,7400.0,0.862095
75,8424,8523,100.0,80.0,0.800000,6459.5,7500.0,0.861267
76,8524,8623,100.0,82.5,0.825000,6542.0,7600.0,0.860789
77,8624,8723,100.0,81.5,0.815000,6623.5,7700.0,0.860195
78,8724,8823,100.0,88.5,0.885000,6712.0,7800.0,0.860513
79,8824,8923,100.0,85.5,0.855000,6797.5,7900.0,0.860443
80,8924,9023,100.0,75.5,0.755000,6873.0,8000.0,0.859125
81,9024,9123,100.0,92.0,0.920000,6965.0,8100.0,0.859877
82,9124,9223,100.0,93.0,0.930000,7058.0,8200.0,0.860732
83,9224,9323,100.0,91.0,0.910000,7149.0,8300.0,0.861325
84,9324,9423,100.0,93.0,0.930000,7242.0,8400.0,0.862143
85,9424,9523,100.0,87.75,0.877500,7329.75,8500.0,0.862324
86,9524,9623,100.0,82.75,0.827500,7412.5,8600.0,0.861919
87,9624,9723,100.0,83.0,0.830000,7495.5,8700.0,0.861552
88,9724,9823,100.0,79.5,0.795000,7575.0,8800.0,0.860795
89,9824,9923,100.0,83.5,0.835000,7658.5,8900.0,0.860506
90,9924,10023,100.0,88.5,0.885000,7747.0,9000.0,0.860778
91,10024,10123,100.0,85.0,0.850000,7832.0,9100.0,0.860659
92,10124,10223,100.0,90.0,0.900000,7922.0,9200.0,0.861087
93,10224,10323,100.0,90.0,0.900000,8012.0,9300.0,0.861505
94,10324,10423,100.0,83.5,0.835000,8095.5,9400.0,0.861223
95,10424,10523,100.0,90.5,0.905000,8186.0,9500.0,0.861684
96,10524,10623,100.0,71.0,0.710000,8257.0,9600.0,0.860104
97,10624,10723,100.0,56.0,0.560000,8313.0,9700.0,0.857010
98,10724,10823,100.0,81.0,0.810000,8394.0,9800.0,0.856531
99,10824,10923,100.0,76.25,0.762500,8470.25,9900.0,0.855581
100,10924,11023,100.0,82.75,0.827500,8553.0,10000.0,0.855300
101,11024,11123,100.0,89.75,0.897500,8642.75,10100.0,0.855718
102,11124,11223,100.0,83.75,0.837500,8726.5,10200.0,0.855539
103,11224,11323,100.0,82.5,0.825000,8809.0,10300.0,0.855243
104,11324,11423,100.0,53.0,0.530000,8862.0,10400.0,0.852115
105,11424,11523,100.0,76.25,0.762500,8938.25,10500.0,0.851262
106,11524,11623,100.0,78.75,0.787500,9017.0,10600.0,0.850660
107,11624,11723,100.0,59.75,0.597500,9076.75,10700.0,0.848294
108,11724,11823,100.0,73.25,0.732500,9150.0,10800.0,0.847222
109,11824,11923,100.0,80.25,0.802500,9230.25,10900.0,0.846812
110,11924,12023,100.0,70.75,0.707500,9301.0,11000.0,0.845545
111,12024,12123,100.0,77.0,0.770000,9378.0,11100.0,0.844865
112,12124,12223,100.0,85.0,0.850000,9463.0,11200.0,0.844911
113,12224,12323,100.0,79.5,0.795000,9542.5,11300.0,0.844469
114,12324,12423,100.0,72.5,0.725000,9615.0,11400.0,0.843421
115,12424,12523,100.0,82.75,0.827500,9697.75,11500.0,0.843283
116,12524,12623,100.0,83.25,0.832500,9781.0,11600.0,0.843190
117,12624,12723,100.0,84.75,0.847500,9865.75,11700.0,0.843226
118,12724,12823,100.0,94.25,0.942500,9960.0,11800.0,0.844068
119,12824,12923,100.0,84.25,0.842500,10044.25,11900.0,0.844055
120,12924,13023,100.0,78.75,0.787500,10123.0,12000.0,0.843583
121,13024,13123,100.0,85.25,0.852500,10208.25,12100.0,0.843657
122,13124,13223,100.0,75.25,0.752500,10283.5,12200.0,0.842910
123,13224,13323,100.0,79.0,0.790000,10362.5,12300.0,0.842480
124,13324,13423,100.0,84.5,0.845000,10447.0,12400.0,0.842500
125,13424,13523,100.0,57.0,0.570000,10504.0,12500.0,0.840320
126,13524,13623,100.0,56.5,0.565000,10560.5,12600.0,0.838135
127,13624,13723,100.0,69.5,0.695000,10630.0,12700.0,0.837008
128,13724,13823,100.0,83.0,0.830000,10713.0,12800.0,0.836953
129,13824,13923,100.0,66.75,0.667500,10779.75,12900.0,0.835640
130,13924,14023,100.0,79.25,0.792500,10859.0,13000.0,0.835308
131,14024,14123,100.0,72.75,0.727500,10931.75,13100.0,0.834485
132,14124,14223,100.0,82.25,0.822500,11014.0,13200.0,0.834394
133,14224,14323,100.0,78.25,0.782500,11092.25,13300.0,0.834004
134,14324,14423,100.0,85.75,0.857500,11178.0,13400.0,0.834179
135,14424,14523,100.0,84.25,0.842500,11262.25,13500.0,0.834241
136,14524,14623,100.0,71.75,0.717500,11334.0,13600.0,0.833382
137,14624,14723,100.0,81.75,0.817500,11415.75,13700.0,0.833266
138,14724,14823,100.0,82.75,0.827500,11498.5,13800.0,0.833225
139,14824,14923,100.0,52.75,0.527500,11551.25,13900.0,0.831025
140,14924,15023,100.0,75.75,0.757500,11627.0,14000.0,0.830500
141,15024,15123,100.0,72.5,0.725000,11699.5,14100.0,0.829752
142,15124,15223,100.0,76.5,0.765000,11776.0,14200.0,0.829296
143,15224,15323,100.0,99.0,0.990000,11875.0,14300.0,0.830420
144,15324,15423,100.0,96.0,0.960000,11971.0,14400.0,0.831319
145,15424,15523,100.0,96.75,0.967500,12067.75,14500.0,0.832259
146,15524,15623,100.0,91.25,0.912500,12159.0,14600.0,0.832808
147,15624,15723,100.0,93.0,0.930000,12252.0,14700.0,0.833469
148,15724,15823,100.0,87.0,0.870000,12339.0,14800.0,0.833716
149,15824,15923,100.0,93.0,0.930000,12432.0,14900.0,0.834362
150,15924,16023,100.0,91.5,0.915000,12523.5,15000.0,0.834900
151,16024,16123,100.0,94.75,0.947500,12618.25,15100.0,0.835646
152,16124,16223,100.0,96.75,0.967500,12715.0,15200.0,0.836513
153,16224,16323,100.0,94.5,0.945000,12809.5,15300.0,0.837222
154,16324,16423,100.0,95.5,0.955000,12905.0,15400.0,0.837987
155,16424,16523,100.0,87.5,0.875000,12992.5,15500.0,0.838226
156,16524,16623,100.0,99.5,0.995000,13092.0,15600.0,0.839231
157,16624,16723,100.0,84.0,0.840000,13176.0,15700.0,0.839236
158,16724,16823,100.0,94.0,0.940000,13270.0,15800.0,0.839873
159,16824,16923,100.0,95.0,0.950000,13365.0,15900.0,0.840566
160,16924,17023,100.0,91.0,0.910000,13456.0,16000.0,0.841000
161,17024,17123,100.0,89.0,0.890000,13545.0,16100.0,0.841304
162,17124,17223,100.0,94.0,0.940000,13639.0,16200.0,0.841914
163,17224,17323,100.0,86.0,0.860000,13725.0,16300.0,0.842025
164,17324,17423,100.0,92.0,0.920000,13817.0,16400.0,0.842500
165,17424,17523,100.0,97.0,0.970000,13914.0,16500.0,0.843273
166,17524,17623,100.0,99.0,0.990000,14013.0,16600.0,0.844157
167,17624,17723,100.0,97.0,0.970000,14110.0,16700.0,0.844910
168,17724,17823,100.0,100.0,1.000000,14210.0,16800.0,0.845833
169,17824,17923,100.0,96.0,0.960000,14306.0,16900.0,0.846509
170,17924,18023,100.0,100.0,1.000000,14406.0,17000.0,0.847412
171,18024,18123,100.0,89.5,0.895000,14495.5,17100.0,0.847690
172,18124,18223,100.0,99.5,0.995000,14595.0,17200.0,0.848547
173,18224,18323,100.0,96.0,0.960000,14691.0,17300.0,0.849191
174,18324,18423,100.0,98.0,0.980000,14789.0,17400.0,0.849943
175,18424,18523,100.0,99.0,0.990000,14888.0,17500.0,0.850743
176,18524,18623,100.0,95.0,0.950000,14983.0,17600.0,0.851307
177,18624,18723,100.0,100.0,1.000000,15083.0,17700.0,0.852147
178,18724,18823,100.0,99.0,0.990000,15182.0,17800.0,0.852921
179,18824,18923,100.0,98.0,0.980000,15280.0,17900.0,0.853631
180,18924,19023,100.0,95.0,0.950000,15375.0,18000.0,0.854167
181,19024,19123,100.0,100.0,1.000000,15475.0,18100.0,0.854972
182,19124,19223,100.0,97.0,0.970000,15572.0,18200.0,0.855604
183,19224,19323,100.0,94.75,0.947500,15666.75,18300.0,0.856107
184,19324,19423,100.0,95.25,0.952500,15762.0,18400.0,0.856630
185,19424,19523,100.0,99.0,0.990000,15861.0,18500.0,0.857351
186,19524,19623,100.0,94.5,0.945000,15955.5,18600.0,0.857823
187,19624,19723,100.0,97.5,0.975000,16053.0,18700.0,0.858449
188,19724,19823,100.0,96.0,0.960000,16149.0,18800.0,0.858989
189,19824,19923,100.0,99.0,0.990000,16248.0,18900.0,0.859683
190,19924,20023,100.0,95.0,0.950000,16343.0,19000.0,0.860158
191,20024,20123,100.0,97.0,0.970000,16440.0,19100.0,0.860733
192,20124,20223,100.0,99.0,0.990000,16539.0,19200.0,0.861406
193,20224,20323,100.0,96.5,0.965000,16635.5,19300.0,0.861943
194,20324,20423,100.0,98.5,0.985000,16734.0,19400.0,0.862577
195,20424,20523,100.0,97.25,0.972500,16831.25,19500.0,0.863141
196,20524,20623,100.0,98.75,0.987500,16930.0,19600.0,0.863776
197,20624,20723,100.0,87.0,0.870000,17017.0,19700.0,0.863807
198,20724,20823,100.0,98.0,0.980000,17115.0,19800.0,0.864394
199,20824,20923,100.0,92.0,0.920000,17207.0,19900.0,0.864673
200,20924,21023,100.0,97.0,0.970000,17304.0,20000.0,0.865200
201,21024,21123,100.0,100.0,1.000000,17404.0,20100.0,0.865871
202,21124,21223,100.0,99.0,0.990000,17503.0,20200.0,0.866485
203,21224,21323,100.0,99.0,0.990000,17602.0,20300.0,0.867094
204,21324,21423,100.0,100.0,1.000000,17702.0,20400.0,0.867745
205,21424,21523,100.0,98.0,0.980000,17800.0,20500.0,0.868293
206,21524,21623,100.0,100.0,1.000000,17900.0,20600.0,0.868932
207,21624,21723,100.0,99.0,0.990000,17999.0,20700.0,0.869517
208,21724,21823,100.0,100.0,1.000000,18099.0,20800.0,0.870144
209,21824,21923,100.0,97.0,0.970000,18196.0,20900.0,0.870622
210,21924,22023,100.0,99.0,0.990000,18295.0,21000.0,0.871190
211,22024,22123,100.0,100.0,1.000000,18395.0,21100.0,0.871801
212,22124,22223,100.0,96.0,0.960000,18491.0,21200.0,0.872217
213,22224,22323,100.0,100.0,1.000000,18591.0,21300.0,0.872817
214,22324,22423,100.0,98.0,0.980000,18689.0,21400.0,0.873318
215,22424,22523,100.0,96.0,0.960000,18785.0,21500.0,0.873721
216,22524,22623,100.0,98.0,0.980000,18883.0,21600.0,0.874213
217,22624,22723,100.0,95.0,0.950000,18978.0,21700.0,0.874562
218,22724,22823,100.0,100.0,1.000000,19078.0,21800.0,0.875138
219,22824,22923,100.0,98.0,0.980000,19176.0,21900.0,0.875616
220,22924,23023,100.0,96.0,0.960000,19272.0,22000.0,0.876000
221,23024,23123,100.0,90.75,0.907500,19362.75,22100.0,0.876143
222,23124,23223,100.0,91.25,0.912500,19454.0,22200.0,0.876306
223,23224,23323,100.0,100.0,1.000000,19554.0,22300.0,0.876861
224,23324,23423,100.0,93.0,0.930000,19647.0,22400.0,0.877098
225,23424,23523,100.0,99.0,0.990000,19746.0,22500.0,0.877600
226,23524,23623,100.0,100.0,1.000000,19846.0,22600.0,0.878142
227,23624,23723,100.0,99.25,0.992500,19945.25,22700.0,0.878645
228,23724,23823,100.0,99.75,0.997500,20045.0,22800.0,0.879167
229,23824,23923,100.0,100.0,1.000000,20145.0,22900.0,0.879694
230,23924,24023,100.0,96.0,0.960000,20241.0,23000.0,0.880043
231,24024,24123,100.0,100.0,1.000000,20341.0,23100.0,0.880563
232,24124,24223,100.0,100.0,1.000000,20441.0,23200.0,0.881078
233,24224,24323,100.0,97.0,0.970000,20538.0,23300.0,0.881459
234,24324,24423,100.0,100.0,1.000000,20638.0,23400.0,0.881966
235,24424,24523,100.0,100.0,1.000000,20738.0,23500.0,0.882468
236,24524,24623,100.0,98.0,0.980000,20836.0,23600.0,0.882881
237,24624,24723,100.0,100.0,1.000000,20936.0,23700.0,0.883376
238,24724,24823,100.0,99.0,0.990000,21035.0,23800.0,0.883824
239,24824,24923,100.0,93.0,0.930000,21128.0,23900.0,0.884017
240,24924,25023,100.0,98.0,0.980000,21226.0,24000.0,0.884417
241,25024,25123,100.0,95.0,0.950000,21321.0,24100.0,0.884689
242,25124,25223,100.0,100.0,1.000000,21421.0,24200.0,0.885165
243,25224,25323,100.0,97.0,0.970000,21518.0,24300.0,0.885514
244,25324,25423,100.0,97.0,0.970000,21615.0,24400.0,0.885861
245,25424,25523,100.0,99.25,0.992500,21714.25,24500.0,0.886296
246,25524,25623,100.0,93.75,0.937500,21808.0,24600.0,0.886504
247,25624,25723,100.0,99.0,0.990000,21907.0,24700.0,0.886923
248,25724,25823,100.0,100.0,1.000000,22007.0,24800.0,0.887379
249,25824,25923,100.0,97.0,0.970000,22104.0,24900.0,0.887711
250,25924,26023,100.0,100.0,1.000000,22204.0,25000.0,0.888160
251,26024,26123,100.0,100.0,1.000000,22304.0,25100.0,0.888606
252,26124,26223,100.0,98.0,0.980000,22402.0,25200.0,0.888968
253,26224,26323,100.0,100.0,1.000000,22502.0,25300.0,0.889407
254,26324,26423,100.0,100.0,1.000000,22602.0,25400.0,0.889843
255,26424,26523,100.0,98.0,0.980000,22700.0,25500.0,0.890196
256,26524,26623,100.0,99.0,0.990000,22799.0,25600.0,0.890586
257,26624,26723,100.0,100.0,1.000000,22899.0,25700.0,0.891012
258,26724,26823,100.0,91.0,0.910000,22990.0,25800.0,0.891085
259,26824,26923,100.0,94.0,0.940000,23084.0,25900.0,0.891274
260,26924,27023,100.0,100.0,1.000000,23184.0,26000.0,0.891692
261,27024,27123,100.0,95.75,0.957500,23279.75,26100.0,0.891944
262,27124,27223,100.0,95.75,0.957500,23375.5,26200.0,0.892195
263,27224,27323,100.0,99.5,0.995000,23475.0,26300.0,0.892586
264,27324,27423,100.0,100.0,1.000000,23575.0,26400.0,0.892992
265,27424,27523,100.0,88.0,0.880000,23663.0,26500.0,0.892943
266,27524,27623,100.0,92.0,0.920000,23755.0,26600.0,0.893045
267,27624,27723,100.0,100.0,1.000000,23855.0,26700.0,0.893446
268,27724,27823,100.0,96.0,0.960000,23951.0,26800.0,0.893694
269,27824,27923,100.0,97.75,0.977500,24048.75,26900.0,0.894006
270,27924,28023,100.0,98.25,0.982500,24147.0,27000.0,0.894333
271,28024,28123,100.0,100.0,1.000000,24247.0,27100.0,0.894723
272,28124,28223,100.0,95.0,0.950000,24342.0,27200.0,0.894926
273,28224,28323,100.0,97.0,0.970000,24439.0,27300.0,0.895201
274,28324,28423,100.0,98.0,0.980000,24537.0,27400.0,0.895511
275,28424,28523,100.0,100.0,1.000000,24637.0,27500.0,0.895891
276,28524,28623,100.0,92.0,0.920000,24729.0,27600.0,0.895978
277,28624,28723,100.0,95.0,0.950000,24824.0,27700.0,0.896173
278,28724,28823,100.0,100.0,1.000000,24924.0,27800.0,0.896547
279,28824,28923,100.0,99.0,0.990000,25023.0,27900.0,0.896882
280,28924,29023,100.0,97.0,0.970000,25120.0,28000.0,0.897143
281,29024,29123,100.0,95.0,0.950000,25215.0,28100.0,0.897331
282,29124,29223,100.0,100.0,1.000000,25315.0,28200.0,0.897695
283,29224,29323,100.0,98.0,0.980000,25413.0,28300.0,0.897986
284,29324,29423,100.0,99.0,0.990000,25512.0,28400.0,0.898310
285,29424,29523,100.0,97.0,0.970000,25609.0,28500.0,0.898561
286,29524,29623,100.0,100.0,1.000000,25709.0,28600.0,0.898916
287,29624,29723,100.0,97.0,0.970000,25806.0,28700.0,0.899164
288,29724,29823,100.0,96.0,0.960000,25902.0,28800.0,0.899375
289,29824,29923,100.0,99.0,0.990000,26001.0,28900.0,0.899689
290,29924,30023,100.0,99.0,0.990000,26100.0,29000.0,0.900000
291,30024,30123,100.0,98.25,0.982500,26198.25,29100.0,0.900284
292,30124,30223,100.0,94.75,0.947500,26293.0,29200.0,0.900445
293,30224,30323,100.0,100.0,1.000000,26393.0,29300.0,0.900785
294,30324,30423,100.0,97.5,0.975000,26490.5,29400.0,0.901037
295,30424,30523,100.0,98.5,0.985000,26589.0,29500.0,0.901322
296,30524,30623,100.0,98.0,0.980000,26687.0,29600.0,0.901588
297,30624,30723,100.0,100.0,1.000000,26787.0,29700.0,0.901919
298,30724,30823,100.0,95.5,0.955000,26882.5,29800.0,0.902097
299,30824,30923,100.0,95.75,0.957500,26978.25,29900.0,0.902283
300,30924,31023,100.0,97.75,0.977500,27076.0,30000.0,0.902533
301,31024,31123,100.0,100.0,1.000000,27176.0,30100.0,0.902857
302,31124,31223,100.0,96.0,0.960000,27272.0,30200.0,0.903046
303,31224,31323,100.0,95.25,0.952500,27367.25,30300.0,0.903210
304,31324,31423,100.0,99.75,0.997500,27467.0,30400.0,0.903520
305,31424,31523,100.0,100.0,1.000000,27567.0,30500.0,0.903836
306,31524,31623,100.0,98.0,0.980000,27665.0,30600.0,0.904085
307,31624,31723,100.0,91.0,0.910000,27756.0,30700.0,0.904104
308,31724,31823,100.0,100.0,1.000000,27856.0,30800.0,0.904416
309,31824,31923,100.0,99.75,0.997500,27955.75,30900.0,0.904717
310,31924,32023,100.0,93.25,0.932500,28049.0,31000.0,0.904806
311,32024,32123,100.0,96.0,0.960000,28145.0,31100.0,0.904984
312,32124,32223,100.0,100.0,1.000000,28245.0,31200.0,0.905288
313,32224,32323,100.0,99.25,0.992500,28344.25,31300.0,0.905567
314,32324,32423,100.0,96.75,0.967500,28441.0,31400.0,0.905764
315,32424,32523,100.0,97.0,0.970000,28538.0,31500.0,0.905968
316,32524,32623,100.0,100.0,1.000000,28638.0,31600.0,0.906266
317,32624,32723,100.0,96.75,0.967500,28734.75,31700.0,0.906459
318,32724,32823,100.0,94.25,0.942500,28829.0,31800.0,0.906572
319,32824,32923,100.0,93.0,0.930000,28922.0,31900.0,0.906646
320,32924,33023,100.0,100.0,1.000000,29022.0,32000.0,0.906937
321,33024,33123,100.0,96.75,0.967500,29118.75,32100.0,0.907126
322,33124,33223,100.0,87.75,0.877500,29206.5,32200.0,0.907034
323,33224,33323,100.0,88.5,0.885000,29295.0,32300.0,0.906966
324,33324,33423,100.0,100.0,1.000000,29395.0,32400.0,0.907253
325,33424,33523,100.0,92.75,0.927500,29487.75,32500.0,0.907315
326,33524,33623,100.0,96.25,0.962500,29584.0,32600.0,0.907485
327,33624,33723,100.0,97.0,0.970000,29681.0,32700.0,0.907676
328,33724,33823,100.0,100.0,1.000000,29781.0,32800.0,0.907957
329,33824,33923,100.0,83.0,0.830000,29864.0,32900.0,0.907720
330,33924,34023,100.0,93.0,0.930000,29957.0,33000.0,0.907788
331,34024,34123,100.0,97.0,0.970000,30054.0,33100.0,0.907976
332,34124,34223,100.0,100.0,1.000000,30154.0,33200.0,0.908253
333,34224,34323,100.0,87.0,0.870000,30241.0,33300.0,0.908138
334,34324,34423,100.0,89.0,0.890000,30330.0,33400.0,0.908084
335,34424,34523,100.0,98.0,0.980000,30428.0,33500.0,0.908299
336,34524,34623,100.0,98.0,0.980000,30526.0,33600.0,0.908512
337,34624,34723,100.0,97.0,0.970000,30623.0,33700.0,0.908694
338,34724,34823,100.0,92.0,0.920000,30715.0,33800.0,0.908728
339,34824,34923,100.0,100.0,1.000000,30815.0,33900.0,0.908997
340,34924,35023,100.0,100.0,1.000000,30915.0,34000.0,0.909265
341,35024,35123,100.0,97.25,0.972500,31012.25,34100.0,0.909450
342,35124,35223,100.0,95.75,0.957500,31108.0,34200.0,0.909591
343,35224,35323,100.0,100.0,1.000000,31208.0,34300.0,0.909854
344,35324,35423,100.0,99.0,0.990000,31307.0,34400.0,0.910087
345,35424,35523,100.0,96.0,0.960000,31403.0,34500.0,0.910232
346,35524,35623,100.0,94.0,0.940000,31497.0,34600.0,0.910318
347,35624,35723,100.0,100.0,1.000000,31597.0,34700.0,0.910576
348,35724,35823,100.0,99.0,0.990000,31696.0,34800.0,0.910805
349,35824,35923,100.0,94.0,0.940000,31790.0,34900.0,0.910888
350,35924,36023,100.0,94.0,0.940000,31884.0,35000.0,0.910971
351,36024,36123,100.0,100.0,1.000000,31984.0,35100.0,0.911225
352,36124,36223,100.0,100.0,1.000000,32084.0,35200.0,0.911477
353,36224,36323,100.0,96.0,0.960000,32180.0,35300.0,0.911615
354,36324,36423,100.0,97.0,0.970000,32277.0,35400.0,0.911780
355,36424,36523,100.0,100.0,1.000000,32377.0,35500.0,0.912028
356,36524,36623,100.0,100.0,1.000000,32477.0,35600.0,0.912275
357,36624,36723,100.0,94.0,0.940000,32571.0,35700.0,0.912353
358,36724,36823,100.0,98.0,0.980000,32669.0,35800.0,0.912542
359,36824,36923,100.0,100.0,1.000000,32769.0,35900.0,0.912786
360,36924,37023,100.0,98.0,0.980000,32867.0,36000.0,0.912972
361,37024,37123,100.0,95.5,0.955000,32962.5,36100.0,0.913089
362,37124,37223,100.0,95.5,0.955000,33058.0,36200.0,0.913204
363,37224,37323,100.0,100.0,1.000000,33158.0,36300.0,0.913444
364,37324,37423,100.0,98.0,0.980000,33256.0,36400.0,0.913626
365,37424,37523,100.0,95.75,0.957500,33351.75,36500.0,0.913747
366,37524,37623,100.0,96.25,0.962500,33448.0,36600.0,0.913880
367,37624,37723,100.0,100.0,1.000000,33548.0,36700.0,0.914114
368,37724,37823,100.0,100.0,1.000000,33648.0,36800.0,0.914348
369,37824,37923,100.0,99.0,0.990000,33747.0,36900.0,0.914553
370,37924,38023,100.0,100.0,1.000000,33847.0,37000.0,0.914784
371,38024,38123,100.0,97.0,0.970000,33944.0,37100.0,0.914933
372,38124,38223,100.0,99.0,0.990000,34043.0,37200.0,0.915134
373,38224,38323,100.0,99.0,0.990000,34142.0,37300.0,0.915335
374,38324,38423,100.0,100.0,1.000000,34242.0,37400.0,0.915561
375,38424,38523,100.0,100.0,1.000000,34342.0,37500.0,0.915787
376,38524,38623,100.0,100.0,1.000000,34442.0,37600.0,0.916011
377,38624,38723,100.0,97.0,0.970000,34539.0,37700.0,0.916154
378,38724,38823,100.0,100.0,1.000000,34639.0,37800.0,0.916376
379,38824,38923,100.0,100.0,1.000000,34739.0,37900.0,0.916596
380,38924,39023,100.0,98.0,0.980000,34837.0,38000.0,0.916763
381,39024,39123,100.0,97.0,0.970000,34934.0,38100.0,0.916903
382,39124,39223,100.0,100.0,1.000000,35034.0,38200.0,0.917120
383,39224,39323,100.0,100.0,1.000000,35134.0,38300.0,0.917337
384,39324,39423,100.0,100.0,1.000000,35234.0,38400.0,0.917552
385,39424,39523,100.0,100.0,1.000000,35334.0,38500.0,0.917766
386,39524,39623,100.0,100.0,1.000000,35434.0,38600.0,0.917979
387,39624,39723,100.0,100.0,1.000000,35534.0,38700.0,0.918191
388,39724,39823,100.0,100.0,1.000000,35634.0,38800.0,0.918402
389,39824,39923,100.0,100.0,1.000000,35734.0,38900.0,0.918612
390,39924,40023,100.0,100.0,1.000000,35834.0,39000.0,0.918821
391,40024,40123,100.0,100.0,1.000000,35934.0,39100.0,0.919028
392,40124,40223,100.0,100.0,1.000000,36034.0,39200.0,0.919235
393,40224,40323,100.0,97.0,0.970000,36131.0,39300.0,0.919364
394,40324,40423,100.0,100.0,1.000000,36231.0,39400.0,0.919569
395,40424,40523,100.0,100.0,1.000000,36331.0,39500.0,0.919772
396,40524,40623,100.0,98.0,0.980000,36429.0,39600.0,0.919924
397,40624,40723,100.0,100.0,1.000000,36529.0,39700.0,0.920126
398,40724,40823,100.0,100.0,1.000000,36629.0,39800.0,0.920327
399,40824,40923,100.0,99.25,0.992500,36728.25,39900.0,0.920508
400,40924,41023,100.0,99.75,0.997500,36828.0,40000.0,0.920700
401,41024,41123,100.0,93.0,0.930000,36921.0,40100.0,0.920723
402,41124,41223,100.0,100.0,1.000000,37021.0,40200.0,0.920920
403,41224,41323,100.0,99.0,0.990000,37120.0,40300.0,0.921092
404,41324,41423,100.0,96.0,0.960000,37216.0,40400.0,0.921188
405,41424,41523,100.0,94.0,0.940000,37310.0,40500.0,0.921235
406,41524,41623,100.0,100.0,1.000000,37410.0,40600.0,0.921429
407,41624,41723,100.0,99.0,0.990000,37509.0,40700.0,0.921597
408,41724,41823,100.0,100.0,1.000000,37609.0,40800.0,0.921789
409,41824,41923,100.0,100.0,1.000000,37709.0,40900.0,0.921980
410,41924,42023,100.0,100.0,1.000000,37809.0,41000.0,0.922171
411,42024,42123,100.0,100.0,1.000000,37909.0,41100.0,0.922360
412,42124,42223,100.0,98.0,0.980000,38007.0,41200.0,0.922500
413,42224,42323,100.0,100.0,1.000000,38107.0,41300.0,0.922688
414,42324,42423,100.0,100.0,1.000000,38207.0,41400.0,0.922874
415,42424,42523,100.0,97.0,0.970000,38304.0,41500.0,0.922988
416,42524,42623,100.0,96.0,0.960000,38400.0,41600.0,0.923077
417,42624,42723,100.0,100.0,1.000000,38500.0,41700.0,0.923261
418,42724,42823,100.0,100.0,1.000000,38600.0,41800.0,0.923445
419,42824,42923,100.0,99.0,0.990000,38699.0,41900.0,0.923604
420,42924,43023,100.0,89.0,0.890000,38788.0,42000.0,0.923524
421,43024,43123,100.0,100.0,1.000000,38888.0,42100.0,0.923705
422,43124,43223,100.0,100.0,1.000000,38988.0,42200.0,0.923886
423,43224,43323,100.0,100.0,1.000000,39088.0,42300.0,0.924066
424,43324,43423,100.0,100.0,1.000000,39188.0,42400.0,0.924245
425,43424,43523,100.0,100.0,1.000000,39288.0,42500.0,0.924424
426,43524,43623,100.0,100.0,1.000000,39388.0,42600.0,0.924601
427,43624,43723,100.0,98.5,0.985000,39486.5,42700.0,0.924742
428,43724,43823,100.0,89.5,0.895000,39576.0,42800.0,0.924673
429,43824,43923,100.0,100.0,1.000000,39676.0,42900.0,0.924848
430,43924,44023,100.0,99.5,0.995000,39775.5,43000.0,0.925012
431,44024,44123,100.0,93.75,0.937500,39869.25,43100.0,0.925041
432,44124,44223,100.0,97.75,0.977500,39967.0,43200.0,0.925162
433,44224,44323,100.0,100.0,1.000000,40067.0,43300.0,0.925335
434,44324,44423,100.0,98.0,0.980000,40165.0,43400.0,0.925461
435,44424,44523,100.0,92.75,0.927500,40257.75,43500.0,0.925466
436,44524,44623,100.0,99.25,0.992500,40357.0,43600.0,0.925619
437,44624,44723,100.0,100.0,1.000000,40457.0,43700.0,0.925789
438,44724,44823,100.0,100.0,1.000000,40557.0,43800.0,0.925959
439,44824,44923,100.0,90.75,0.907500,40647.75,43900.0,0.925917
440,44924,45023,100.0,99.25,0.992500,40747.0,44000.0,0.926068
441,45024,45123,100.0,100.0,1.000000,40847.0,44100.0,0.926236
442,45124,45223,100.0,99.0,0.990000,40946.0,44200.0,0.926380
443,45224,45323,100.0,95.0,0.950000,41041.0,44300.0,0.926433
444,45324,45423,100.0,100.0,1.000000,41141.0,44400.0,0.926599
445,45424,45523,100.0,100.0,1.000000,41241.0,44500.0,0.926764
446,45524,45623,100.0,100.0,1.000000,41341.0,44600.0,0.926928
447,45624,45723,100.0,95.0,0.950000,41436.0,44700.0,0.926980
448,45724,45823,100.0,100.0,1.000000,41536.0,44800.0,0.927143
449,45824,45923,100.0,100.0,1.000000,41636.0,44900.0,0.927305
450,45924,46023,100.0,100.0,1.000000,41736.0,45000.0,0.927467
451,46024,46123,100.0,95.0,0.950000,41831.0,45100.0,0.927517
452,46124,46223,100.0,100.0,1.000000,41931.0,45200.0,0.927677
453,46224,46323,100.0,100.0,1.000000,42031.0,45300.0,0.927837
454,46324,46423,100.0,98.0,0.980000,42129.0,45400.0,0.927952
455,46424,46523,100.0,91.0,0.910000,42220.0,45500.0,0.927912
456,46524,46623,100.0,100.0,1.000000,42320.0,45600.0,0.928070
457,46624,46723,100.0,100.0,1.000000,42420.0,45700.0,0.928228
458,46724,46823,100.0,98.0,0.980000,42518.0,45800.0,0.928341
459,46824,46923,100.0,99.0,0.990000,42617.0,45900.0,0.928475
460,46924,47023,100.0,100.0,1.000000,42717.0,46000.0,0.928630
461,47024,47123,100.0,100.0,1.000000,42817.0,46100.0,0.928785
462,47124,47223,100.0,100.0,1.000000,42917.0,46200.0,0.928939
463,47224,47323,100.0,100.0,1.000000,43017.0,46300.0,0.929093
464,47324,47423,100.0,100.0,1.000000,43117.0,46400.0,0.929246
465,47424,47523,100.0,100.0,1.000000,43217.0,46500.0,0.929398
466,47524,47623,100.0,98.0,0.980000,43315.0,46600.0,0.929506
467,47624,47723,100.0,100.0,1.000000,43415.0,46700.0,0.929657
468,47724,47823,100.0,100.0,1.000000,43515.0,46800.0,0.929808
469,47824,47923,100.0,100.0,1.000000,43615.0,46900.0,0.929957
470,47924,48023,100.0,100.0,1.000000,43715.0,47000.0,0.930106
471,48024,48123,100.0,100.0,1.000000,43815.0,47100.0,0.930255
472,48124,48223,100.0,100.0,1.000000,43915.0,47200.0,0.930403
473,48224,48323,100.0,100.0,1.000000,44015.0,47300.0,0.930550
474,48324,48423,100.0,97.0,0.970000,44112.0,47400.0,0.930633
475,48424,48523,100.0,100.0,1.000000,44212.0,47500.0,0.930779
476,48524,48623,100.0,97.0,0.970000,44309.0,47600.0,0.930861
477,48624,48723,100.0,100.0,1.000000,44409.0,47700.0,0.931006
478,48724,48823,100.0,100.0,1.000000,44509.0,47800.0,0.931151
479,48824,48923,100.0,99.25,0.992500,44608.25,47900.0,0.931279
480,48924,49023,100.0,99.75,0.997500,44708.0,48000.0,0.931417
481,49024,49123,100.0,100.0,1.000000,44808.0,48100.0,0.931559
482,49124,49223,100.0,100.0,1.000000,44908.0,48200.0,0.931701
483,49224,49323,100.0,100.0,1.000000,45008.0,48300.0,0.931843
484,49324,49423,100.0,100.0,1.000000,45108.0,48400.0,0.931983
485,49424,49523,100.0,100.0,1.000000,45208.0,48500.0,0.932124
486,49524,49623,100.0,100.0,1.000000,45308.0,48600.0,0.932263
487,49624,49723,100.0,99.0,0.990000,45407.0,48700.0,0.932382
488,49724,49823,100.0,100.0,1.000000,45507.0,48800.0,0.932520
489,49824,49923,100.0,100.0,1.000000,45607.0,48900.0,0.932658
490,49924,50023,100.0,98.0,0.980000,45705.0,49000.0,0.932755
491,50024,50123,100.0,100.0,1.000000,45805.0,49100.0,0.932892
492,50124,50223,100.0,100.0,1.000000,45905.0,49200.0,0.933028
493,50224,50323,100.0,100.0,1.000000,46005.0,49300.0,0.933164
494,50324,50423,100.0,99.0,0.990000,46104.0,49400.0,0.933279
495,50424,50523,100.0,100.0,1.000000,46204.0,49500.0,0.933414
496,50524,50623,100.0,100.0,1.000000,46304.0,49600.0,0.933548
497,50624,50723,100.0,99.0,0.990000,46403.0,49700.0,0.933662
498,50724,50823,100.0,100.0,1.000000,46503.0,49800.0,0.933795
499,50824,50923,100.0,100.0,1.000000,46603.0,49900.0,0.933928
500,50924,51023,100.0,100.0,1.000000,46703.0,50000.0,0.934060
501,51024,51123,100.0,99.0,0.990000,46802.0,50100.0,0.934172
502,51124,51223,100.0,100.0,1.000000,46902.0,50200.0,0.934303
503,51224,51323,100.0,100.0,1.000000,47002.0,50300.0,0.934433
504,51324,51423,100.0,98.0,0.980000,47100.0,50400.0,0.934524
505,51424,51523,100.0,100.0,1.000000,47200.0,50500.0,0.934653
506,51524,51623,100.0,100.0,1.000000,47300.0,50600.0,0.934783
507,51624,51723,100.0,100.0,1.000000,47400.0,50700.0,0.934911
508,51724,51823,100.0,99.0,0.990000,47499.0,50800.0,0.935020
509,51824,51923,100.0,100.0,1.000000,47599.0,50900.0,0.935147
510,51924,52023,100.0,100.0,1.000000,47699.0,51000.0,0.935275
511,52024,52123,100.0,100.0,1.000000,47799.0,51100.0,0.935401
512,52124,52223,100.0,100.0,1.000000,47899.0,51200.0,0.935527
513,52224,52323,100.0,100.0,1.000000,47999.0,51300.0,0.935653
514,52324,52423,100.0,97.0,0.970000,48096.0,51400.0,0.935720
515,52424,52523,100.0,100.0,1.000000,48196.0,51500.0,0.935845
516,52524,52623,100.0,100.0,1.000000,48296.0,51600.0,0.935969
517,52624,52723,100.0,99.0,0.990000,48395.0,51700.0,0.936074
518,52724,52823,100.0,95.0,0.950000,48490.0,51800.0,0.936100
519,52824,52923,100.0,100.0,1.000000,48590.0,51900.0,0.936224
520,52924,53023,100.0,100.0,1.000000,48690.0,52000.0,0.936346
521,53024,53123,100.0,96.5,0.965000,48786.5,52100.0,0.936401
522,53124,53223,100.0,98.5,0.985000,48885.0,52200.0,0.936494
523,53224,53323,100.0,100.0,1.000000,48985.0,52300.0,0.936616
524,53324,53423,100.0,100.0,1.000000,49085.0,52400.0,0.936737
525,53424,53523,100.0,99.0,0.990000,49184.0,52500.0,0.936838
526,53524,53623,100.0,100.0,1.000000,49284.0,52600.0,0.936958
527,53624,53723,100.0,100.0,1.000000,49384.0,52700.0,0.937078
528,53724,53823,100.0,99.0,0.990000,49483.0,52800.0,0.937178
529,53824,53923,100.0,100.0,1.000000,49583.0,52900.0,0.937297
530,53924,54023,100.0,100.0,1.000000,49683.0,53000.0,0.937415
531,54024,54123,100.0,96.0,0.960000,49779.0,53100.0,0.937458
532,54124,54223,100.0,99.0,0.990000,49878.0,53200.0,0.937556
533,54224,54323,100.0,100.0,1.000000,49978.0,53300.0,0.937674
534,54324,54423,100.0,95.0,0.950000,50073.0,53400.0,0.937697
535,54424,54523,100.0,98.0,0.980000,50171.0,53500.0,0.937776
536,54524,54623,100.0,100.0,1.000000,50271.0,53600.0,0.937892
537,54624,54723,100.0,100.0,1.000000,50371.0,53700.0,0.938007
538,54724,54823,100.0,91.0,0.910000,50462.0,53800.0,0.937955
539,54824,54923,100.0,100.0,1.000000,50562.0,53900.0,0.938071
540,54924,55023,100.0,100.0,1.000000,50662.0,54000.0,0.938185
541,55024,55123,100.0,98.0,0.980000,50760.0,54100.0,0.938262
542,55124,55223,100.0,100.0,1.000000,50860.0,54200.0,0.938376
543,55224,55323,100.0,100.0,1.000000,50960.0,54300.0,0.938490
544,55324,55423,100.0,92.0,0.920000,51052.0,54400.0,0.938456
545,55424,55523,100.0,97.0,0.970000,51149.0,54500.0,0.938514
546,55524,55623,100.0,97.0,0.970000,51246.0,54600.0,0.938571
547,55624,55723,100.0,99.25,0.992500,51345.25,54700.0,0.938670
548,55724,55823,100.0,97.75,0.977500,51443.0,54800.0,0.938741
549,55824,55923,100.0,94.0,0.940000,51537.0,54900.0,0.938743
550,55924,56023,100.0,100.0,1.000000,51637.0,55000.0,0.938855
551,56024,56123,100.0,95.0,0.950000,51732.0,55100.0,0.938875
552,56124,56223,100.0,98.0,0.980000,51830.0,55200.0,0.938949
553,56224,56323,100.0,100.0,1.000000,51930.0,55300.0,0.939060
554,56324,56423,100.0,98.0,0.980000,52028.0,55400.0,0.939134
555,56424,56523,100.0,98.0,0.980000,52126.0,55500.0,0.939207
556,56524,56623,100.0,100.0,1.000000,52226.0,55600.0,0.939317
557,56624,56723,100.0,96.75,0.967500,52322.75,55700.0,0.939367
558,56724,56823,100.0,98.25,0.982500,52421.0,55800.0,0.939444
559,56824,56923,100.0,100.0,1.000000,52521.0,55900.0,0.939553
560,56924,57023,100.0,99.0,0.990000,52620.0,56000.0,0.939643
561,57024,57123,100.0,97.0,0.970000,52717.0,56100.0,0.939697
562,57124,57223,100.0,100.0,1.000000,52817.0,56200.0,0.939804
563,57224,57323,100.0,95.25,0.952500,52912.25,56300.0,0.939827
564,57324,57423,100.0,96.75,0.967500,53009.0,56400.0,0.939876
565,57424,57523,100.0,100.0,1.000000,53109.0,56500.0,0.939982
566,57524,57623,100.0,94.0,0.940000,53203.0,56600.0,0.939982
567,57624,57723,100.0,99.0,0.990000,53302.0,56700.0,0.940071
568,57724,57823,100.0,100.0,1.000000,53402.0,56800.0,0.940176
569,57824,57923,100.0,92.75,0.927500,53494.75,56900.0,0.940154
570,57924,58023,100.0,97.25,0.972500,53592.0,57000.0,0.940211
571,58024,58123,100.0,100.0,1.000000,53692.0,57100.0,0.940315
572,58124,58223,100.0,92.0,0.920000,53784.0,57200.0,0.940280
573,58224,58323,100.0,97.0,0.970000,53881.0,57300.0,0.940332
574,58324,58423,100.0,100.0,1.000000,53981.0,57400.0,0.940436
575,58424,58523,100.0,91.0,0.910000,54072.0,57500.0,0.940383
576,58524,58623,100.0,97.0,0.970000,54169.0,57600.0,0.940434
577,58624,58723,100.0,100.0,1.000000,54269.0,57700.0,0.940537
578,58724,58823,100.0,94.0,0.940000,54363.0,57800.0,0.940536
579,58824,58923,100.0,92.25,0.922500,54455.25,57900.0,0.940505
580,58924,59023,100.0,99.75,0.997500,54555.0,58000.0,0.940603
581,59024,59123,100.0,95.0,0.950000,54650.0,58100.0,0.940620
582,59124,59223,100.0,98.0,0.980000,54748.0,58200.0,0.940687
583,59224,59323,100.0,100.0,1.000000,54848.0,58300.0,0.940789
584,59324,59423,100.0,95.0,0.950000,54943.0,58400.0,0.940805
585,59424,59523,100.0,98.0,0.980000,55041.0,58500.0,0.940872
586,59524,59623,100.0,100.0,1.000000,55141.0,58600.0,0.940973
587,59624,59723,100.0,97.0,0.970000,55238.0,58700.0,0.941022
588,59724,59823,100.0,97.0,0.970000,55335.0,58800.0,0.941071
589,59824,59923,100.0,100.0,1.000000,55435.0,58900.0,0.941171
590,59924,60023,100.0,95.0,0.950000,55530.0,59000.0,0.941186
591,60024,60123,100.0,98.0,0.980000,55628.0,59100.0,0.941252
592,60124,60223,100.0,100.0,1.000000,55728.0,59200.0,0.941351
593,60224,60323,100.0,96.75,0.967500,55824.75,59300.0,0.941395
594,60324,60423,100.0,97.25,0.972500,55922.0,59400.0,0.941448
595,60424,60523,100.0,100.0,1.000000,56022.0,59500.0,0.941546
596,60524,60623,100.0,98.0,0.980000,56120.0,59600.0,0.941611
597,60624,60723,100.0,98.0,0.980000,56218.0,59700.0,0.941675
598,60724,60823,100.0,98.5,0.985000,56316.5,59800.0,0.941747
599,60824,60923,100.0,94.75,0.947500,56411.25,59900.0,0.941757
600,60924,61023,100.0,99.75,0.997500,56511.0,60000.0,0.941850
601,61024,61123,100.0,98.75,0.987500,56609.75,60100.0,0.941926
602,61124,61223,100.0,92.75,0.927500,56702.5,60200.0,0.941902
603,61224,61323,100.0,91.5,0.915000,56794.0,60300.0,0.941857
604,61324,61423,100.0,80.0,0.800000,56874.0,60400.0,0.941623
605,61424,61523,100.0,96.0,0.960000,56970.0,60500.0,0.941653
606,61524,61623,100.0,97.0,0.970000,57067.0,60600.0,0.941700
607,61624,61723,100.0,96.5,0.965000,57163.5,60700.0,0.941738
608,61724,61823,100.0,96.5,0.965000,57260.0,60800.0,0.941776
609,61824,61923,100.0,95.0,0.950000,57355.0,60900.0,0.941790
610,61924,62023,100.0,94.0,0.940000,57449.0,61000.0,0.941787
611,62024,62123,100.0,97.0,0.970000,57546.0,61100.0,0.941833
612,62124,62223,100.0,97.0,0.970000,57643.0,61200.0,0.941879
613,62224,62323,100.0,96.25,0.962500,57739.25,61300.0,0.941913
614,62324,62423,100.0,93.75,0.937500,57833.0,61400.0,0.941906
615,62424,62523,100.0,98.0,0.980000,57931.0,61500.0,0.941967
616,62524,62623,100.0,92.0,0.920000,58023.0,61600.0,0.941932
617,62624,62723,100.0,89.0,0.890000,58112.0,61700.0,0.941848
618,62724,62823,100.0,94.0,0.940000,58206.0,61800.0,0.941845
619,62824,62923,100.0,89.0,0.890000,58295.0,61900.0,0.941761
620,62924,63023,100.0,95.0,0.950000,58390.0,62000.0,0.941774
621,63024,63123,100.0,99.0,0.990000,58489.0,62100.0,0.941852
622,63124,63223,100.0,93.0,0.930000,58582.0,62200.0,0.941833
623,63224,63323,100.0,93.0,0.930000,58675.0,62300.0,0.941814
624,63324,63423,100.0,97.0,0.970000,58772.0,62400.0,0.941859
625,63424,63523,100.0,85.0,0.850000,58857.0,62500.0,0.941712
626,63524,63623,100.0,94.0,0.940000,58951.0,62600.0,0.941709
627,63624,63723,100.0,97.0,0.970000,59048.0,62700.0,0.941754
628,63724,63823,100.0,91.0,0.910000,59139.0,62800.0,0.941704
629,63824,63923,100.0,90.0,0.900000,59229.0,62900.0,0.941638
630,63924,64023,100.0,98.0,0.980000,59327.0,63000.0,0.941698
631,64024,64123,100.0,99.25,0.992500,59426.25,63100.0,0.941779
632,64124,64223,100.0,89.75,0.897500,59516.0,63200.0,0.941709
633,64224,64323,100.0,89.0,0.890000,59605.0,63300.0,0.941627
634,64324,64423,100.0,97.0,0.970000,59702.0,63400.0,0.941672
635,64424,64523,100.0,94.0,0.940000,59796.0,63500.0,0.941669
636,64524,64623,100.0,95.0,0.950000,59891.0,63600.0,0.941682
637,64624,64723,100.0,97.75,0.977500,59988.75,63700.0,0.941739
638,64724,64823,100.0,96.25,0.962500,60085.0,63800.0,0.941771
639,64824,64923,100.0,95.0,0.950000,60180.0,63900.0,0.941784
640,64924,65023,100.0,97.0,0.970000,60277.0,64000.0,0.941828
641,65024,65123,100.0,98.0,0.980000,60375.0,64100.0,0.941888
642,65124,65223,100.0,82.0,0.820000,60457.0,64200.0,0.941698
643,65224,65323,100.0,97.0,0.970000,60554.0,64300.0,0.941742
644,65324,65423,100.0,97.0,0.970000,60651.0,64400.0,0.941786
645,65424,65523,100.0,92.0,0.920000,60743.0,64500.0,0.941752
646,65524,65623,100.0,97.5,0.975000,60840.5,64600.0,0.941803
647,65624,65723,100.0,96.5,0.965000,60937.0,64700.0,0.941839
648,65724,65823,100.0,100.0,1.000000,61037.0,64800.0,0.941929
649,65824,65923,100.0,98.75,0.987500,61135.75,64900.0,0.941999
650,65924,66023,100.0,96.25,0.962500,61232.0,65000.0,0.942031
651,66024,66123,100.0,89.0,0.890000,61321.0,65100.0,0.941951
652,66124,66223,100.0,99.0,0.990000,61420.0,65200.0,0.942025
653,66224,66323,100.0,95.0,0.950000,61515.0,65300.0,0.942037
654,66324,66423,100.0,92.0,0.920000,61607.0,65400.0,0.942003
655,66424,66523,100.0,100.0,1.000000,61707.0,65500.0,0.942092
656,66524,66623,100.0,99.0,0.990000,61806.0,65600.0,0.942165
657,66624,66723,100.0,98.0,0.980000,61904.0,65700.0,0.942222
658,66724,66823,100.0,100.0,1.000000,62004.0,65800.0,0.942310
659,66824,66923,100.0,95.25,0.952500,62099.25,65900.0,0.942325
660,66924,67023,100.0,99.75,0.997500,62199.0,66000.0,0.942409
661,67024,67123,100.0,96.0,0.960000,62295.0,66100.0,0.942436
662,67124,67223,100.0,98.5,0.985000,62393.5,66200.0,0.942500
663,67224,67323,100.0,96.5,0.965000,62490.0,66300.0,0.942534
664,67324,67423,100.0,94.0,0.940000,62584.0,66400.0,0.942530
665,67424,67523,100.0,99.0,0.990000,62683.0,66500.0,0.942602
666,67524,67623,100.0,100.0,1.000000,62783.0,66600.0,0.942688
667,67624,67723,100.0,100.0,1.000000,62883.0,66700.0,0.942774
668,67724,67823,100.0,99.0,0.990000,62982.0,66800.0,0.942844
669,67824,67923,100.0,100.0,1.000000,63082.0,66900.0,0.942930
670,67924,68023,100.0,100.0,1.000000,63182.0,67000.0,0.943015
671,68024,68123,100.0,97.0,0.970000,63279.0,67100.0,0.943055
672,68124,68223,100.0,96.0,0.960000,63375.0,67200.0,0.943080
673,68224,68323,100.0,100.0,1.000000,63475.0,67300.0,0.943165
674,68324,68423,100.0,93.0,0.930000,63568.0,67400.0,0.943145
675,68424,68523,100.0,90.75,0.907500,63658.75,67500.0,0.943093
676,68524,68623,100.0,99.25,0.992500,63758.0,67600.0,0.943166
677,68624,68723,100.0,97.0,0.970000,63855.0,67700.0,0.943205
678,68724,68823,100.0,99.5,0.995000,63954.5,67800.0,0.943282
679,68824,68923,100.0,99.5,0.995000,64054.0,67900.0,0.943358
680,68924,69023,100.0,100.0,1.000000,64154.0,68000.0,0.943441
681,69024,69123,100.0,97.0,0.970000,64251.0,68100.0,0.943480
682,69124,69223,100.0,98.0,0.980000,64349.0,68200.0,0.943534
683,69224,69323,100.0,100.0,1.000000,64449.0,68300.0,0.943616
684,69324,69423,100.0,98.0,0.980000,64547.0,68400.0,0.943670
685,69424,69523,100.0,100.0,1.000000,64647.0,68500.0,0.943752
686,69524,69623,100.0,100.0,1.000000,64747.0,68600.0,0.943834
687,69624,69723,100.0,100.0,1.000000,64847.0,68700.0,0.943916
688,69724,69823,100.0,99.0,0.990000,64946.0,68800.0,0.943983
689,69824,69923,100.0,100.0,1.000000,65046.0,68900.0,0.944064
690,69924,70023,100.0,100.0,1.000000,65146.0,69000.0,0.944145
691,70024,70123,100.0,99.0,0.990000,65245.0,69100.0,0.944211
692,70124,70223,100.0,97.0,0.970000,65342.0,69200.0,0.944249
693,70224,70323,100.0,100.0,1.000000,65442.0,69300.0,0.944329
694,70324,70423,100.0,97.0,0.970000,65539.0,69400.0,0.944366
695,70424,70523,100.0,94.0,0.940000,65633.0,69500.0,0.944360
696,70524,70623,100.0,100.0,1.000000,65733.0,69600.0,0.944440
697,70624,70723,100.0,89.75,0.897500,65822.75,69700.0,0.944372
698,70724,70823,100.0,81.25,0.812500,65904.0,69800.0,0.944183
699,70824,70923,100.0,100.0,1.000000,66004.0,69900.0,0.944263
700,70924,71023,100.0,91.0,0.910000,66095.0,70000.0,0.944214
701,71024,71123,100.0,97.0,0.970000,66192.0,70100.0,0.944251
702,71124,71223,100.0,100.0,1.000000,66292.0,70200.0,0.944330
703,71224,71323,100.0,98.25,0.982500,66390.25,70300.0,0.944385
704,71324,71423,100.0,94.75,0.947500,66485.0,70400.0,0.944389
705,71424,71523,100.0,100.0,1.000000,66585.0,70500.0,0.944468
706,71524,71623,100.0,96.5,0.965000,66681.5,70600.0,0.944497
707,71624,71723,100.0,97.5,0.975000,66779.0,70700.0,0.944540
708,71724,71823,100.0,100.0,1.000000,66879.0,70800.0,0.944619
709,71824,71923,100.0,92.5,0.925000,66971.5,70900.0,0.944591
710,71924,72023,100.0,91.5,0.915000,67063.0,71000.0,0.944549
711,72024,72123,100.0,99.0,0.990000,67162.0,71100.0,0.944613
712,72124,72223,100.0,88.0,0.880000,67250.0,71200.0,0.944522
713,72224,72323,100.0,92.0,0.920000,67342.0,71300.0,0.944488
714,72324,72423,100.0,100.0,1.000000,67442.0,71400.0,0.944566
715,72424,72523,100.0,95.75,0.957500,67537.75,71500.0,0.944584
716,72524,72623,100.0,91.25,0.912500,67629.0,71600.0,0.944539
717,72624,72723,100.0,99.0,0.990000,67728.0,71700.0,0.944603
718,72724,72823,100.0,98.0,0.980000,67826.0,71800.0,0.944652
719,72824,72923,100.0,85.25,0.852500,67911.25,71900.0,0.944524
720,72924,73023,100.0,99.75,0.997500,68011.0,72000.0,0.944597
721,73024,73123,100.0,93.75,0.937500,68104.75,72100.0,0.944587
722,73124,73223,100.0,89.25,0.892500,68194.0,72200.0,0.944515
723,73224,73323,100.0,98.5,0.985000,68292.5,72300.0,0.944571
724,73324,73423,100.0,93.5,0.935000,68386.0,72400.0,0.944558
725,73424,73523,100.0,85.0,0.850000,68471.0,72500.0,0.944428
726,73524,73623,100.0,98.0,0.980000,68569.0,72600.0,0.944477
727,73624,73723,100.0,99.25,0.992500,68668.25,72700.0,0.944543
728,73724,73823,100.0,94.75,0.947500,68763.0,72800.0,0.944547
729,73824,73923,100.0,99.0,0.990000,68862.0,72900.0,0.944609
730,73924,74023,100.0,98.0,0.980000,68960.0,73000.0,0.944658
731,74024,74123,100.0,98.0,0.980000,69058.0,73100.0,0.944706
732,74124,74223,100.0,98.0,0.980000,69156.0,73200.0,0.944754
733,74224,74323,100.0,95.75,0.957500,69251.75,73300.0,0.944771
734,74324,74423,100.0,99.25,0.992500,69351.0,73400.0,0.944837
735,74424,74523,100.0,97.0,0.970000,69448.0,73500.0,0.944871
736,74524,74623,100.0,89.0,0.890000,69537.0,73600.0,0.944796
737,74624,74723,100.0,97.0,0.970000,69634.0,73700.0,0.944830
738,74724,74823,100.0,97.5,0.975000,69731.5,73800.0,0.944871
739,74824,74923,100.0,93.0,0.930000,69824.5,73900.0,0.944851
740,74924,75023,100.0,93.5,0.935000,69918.0,74000.0,0.944838
741,75024,75123,100.0,98.5,0.985000,70016.5,74100.0,0.944892
742,75124,75223,100.0,90.5,0.905000,70107.0,74200.0,0.944838
743,75224,75323,100.0,98.0,0.980000,70205.0,74300.0,0.944886
744,75324,75423,100.0,95.0,0.950000,70300.0,74400.0,0.944892
745,75424,75523,100.0,94.5,0.945000,70394.5,74500.0,0.944893
746,75524,75623,100.0,98.5,0.985000,70493.0,74600.0,0.944946
747,75624,75723,100.0,92.0,0.920000,70585.0,74700.0,0.944913
748,75724,75823,100.0,84.0,0.840000,70669.0,74800.0,0.944773
749,75824,75923,100.0,100.0,1.000000,70769.0,74900.0,0.944846
750,75924,76023,100.0,98.0,0.980000,70867.0,75000.0,0.944893
751,76024,76123,100.0,92.25,0.922500,70959.25,75100.0,0.944864
752,76124,76223,100.0,99.75,0.997500,71059.0,75200.0,0.944934
753,76224,76323,100.0,96.75,0.967500,71155.75,75300.0,0.944963
754,76324,76423,100.0,91.75,0.917500,71247.5,75400.0,0.944927
755,76424,76523,100.0,98.5,0.985000,71346.0,75500.0,0.944980
756,76524,76623,100.0,96.0,0.960000,71442.0,75600.0,0.945000
757,76624,76723,100.0,91.0,0.910000,71533.0,75700.0,0.944954
758,76724,76823,100.0,100.0,1.000000,71633.0,75800.0,0.945026
759,76824,76923,100.0,99.0,0.990000,71732.0,75900.0,0.945086
760,76924,77023,100.0,92.0,0.920000,71824.0,76000.0,0.945053
761,77024,77123,100.0,100.0,1.000000,71924.0,76100.0,0.945125
762,77124,77223,100.0,93.0,0.930000,72017.0,76200.0,0.945105
763,77224,77323,100.0,95.0,0.950000,72112.0,76300.0,0.945111
764,77324,77423,100.0,100.0,1.000000,72212.0,76400.0,0.945183
765,77424,77523,100.0,96.5,0.965000,72308.5,76500.0,0.945209
766,77524,77623,100.0,94.5,0.945000,72403.0,76600.0,0.945209
767,77624,77723,100.0,100.0,1.000000,72503.0,76700.0,0.945280
768,77724,77823,100.0,97.0,0.970000,72600.0,76800.0,0.945312
769,77824,77923,100.0,97.0,0.970000,72697.0,76900.0,0.945345
770,77924,78023,100.0,99.5,0.995000,72796.5,77000.0,0.945409
771,78024,78123,100.0,97.5,0.975000,72894.0,77100.0,0.945447
772,78124,78223,100.0,98.0,0.980000,72992.0,77200.0,0.945492
773,78224,78323,100.0,100.0,1.000000,73092.0,77300.0,0.945563
774,78324,78423,100.0,98.0,0.980000,73190.0,77400.0,0.945607
775,78424,78523,100.0,100.0,1.000000,73290.0,77500.0,0.945677
776,78524,78623,100.0,97.0,0.970000,73387.0,77600.0,0.945709
777,78624,78723,100.0,97.0,0.970000,73484.0,77700.0,0.945740
778,78724,78823,100.0,100.0,1.000000,73584.0,77800.0,0.945810
779,78824,78923,100.0,97.25,0.972500,73681.25,77900.0,0.945844
780,78924,79023,100.0,94.75,0.947500,73776.0,78000.0,0.945846
781,79024,79123,100.0,100.0,1.000000,73876.0,78100.0,0.945915
782,79124,79223,100.0,96.0,0.960000,73972.0,78200.0,0.945934
783,79224,79323,100.0,92.0,0.920000,74064.0,78300.0,0.945900
784,79324,79423,100.0,99.0,0.990000,74163.0,78400.0,0.945957
785,79424,79523,100.0,97.5,0.975000,74260.5,78500.0,0.945994
786,79524,79623,100.0,98.5,0.985000,74359.0,78600.0,0.946043
787,79624,79723,100.0,100.0,1.000000,74459.0,78700.0,0.946112
788,79724,79823,100.0,96.0,0.960000,74555.0,78800.0,0.946129
789,79824,79923,100.0,100.0,1.000000,74655.0,78900.0,0.946198
790,79924,80023,100.0,100.0,1.000000,74755.0,79000.0,0.946266
791,80024,80123,100.0,87.0,0.870000,74842.0,79100.0,0.946169
792,80124,80223,100.0,100.0,1.000000,74942.0,79200.0,0.946237
793,80224,80323,100.0,97.75,0.977500,75039.75,79300.0,0.946277
794,80324,80423,100.0,92.25,0.922500,75132.0,79400.0,0.946247
795,80424,80523,100.0,100.0,1.000000,75232.0,79500.0,0.946314
796,80524,80623,100.0,99.0,0.990000,75331.0,79600.0,0.946369
797,80624,80723,100.0,95.0,0.950000,75426.0,79700.0,0.946374
798,80724,80823,100.0,100.0,1.000000,75526.0,79800.0,0.946441
799,80824,80923,100.0,95.5,0.955000,75621.5,79900.0,0.946452
800,80924,81023,100.0,94.5,0.945000,75716.0,80000.0,0.946450
801,81024,81123,100.0,100.0,1.000000,75816.0,80100.0,0.946517
802,81124,81223,100.0,98.0,0.980000,75914.0,80200.0,0.946559
803,81224,81323,100.0,98.0,0.980000,76012.0,80300.0,0.946600
804,81324,81423,100.0,100.0,1.000000,76112.0,80400.0,0.946667
805,81424,81523,100.0,97.5,0.975000,76209.5,80500.0,0.946702
806,81524,81623,100.0,98.5,0.985000,76308.0,80600.0,0.946749
807,81624,81723,100.0,100.0,1.000000,76408.0,80700.0,0.946815
808,81724,81823,100.0,98.0,0.980000,76506.0,80800.0,0.946856
809,81824,81923,100.0,100.0,1.000000,76606.0,80900.0,0.946922
810,81924,82023,100.0,98.0,0.980000,76704.0,81000.0,0.946963
811,82024,82123,100.0,98.0,0.980000,76802.0,81100.0,0.947004
812,82124,82223,100.0,100.0,1.000000,76902.0,81200.0,0.947069
813,82224,82323,100.0,94.75,0.947500,76996.75,81300.0,0.947069
814,82324,82423,100.0,96.25,0.962500,77093.0,81400.0,0.947088
815,82424,82523,100.0,100.0,1.000000,77193.0,81500.0,0.947153
816,82524,82623,100.0,99.0,0.990000,77292.0,81600.0,0.947206
817,82624,82723,100.0,98.0,0.980000,77390.0,81700.0,0.947246
818,82724,82823,100.0,100.0,1.000000,77490.0,81800.0,0.947311
819,82824,82923,100.0,97.0,0.970000,77587.0,81900.0,0.947338
820,82924,83023,100.0,98.0,0.980000,77685.0,82000.0,0.947378
821,83024,83123,100.0,100.0,1.000000,77785.0,82100.0,0.947442
822,83124,83223,100.0,97.0,0.970000,77882.0,82200.0,0.947470
823,83224,83323,100.0,97.0,0.970000,77979.0,82300.0,0.947497
824,83324,83423,100.0,100.0,1.000000,78079.0,82400.0,0.947561
825,83424,83523,100.0,99.0,0.990000,78178.0,82500.0,0.947612
826,83524,83623,100.0,98.0,0.980000,78276.0,82600.0,0.947651
827,83624,83723,100.0,100.0,1.000000,78376.0,82700.0,0.947715
828,83724,83823,100.0,98.0,0.980000,78474.0,82800.0,0.947754
829,83824,83923,100.0,94.0,0.940000,78568.0,82900.0,0.947744
830,83924,84023,100.0,100.0,1.000000,78668.0,83000.0,0.947807
831,84024,84123,100.0,91.0,0.910000,78759.0,83100.0,0.947762
832,84124,84223,100.0,98.0,0.980000,78857.0,83200.0,0.947800
833,84224,84323,100.0,100.0,1.000000,78957.0,83300.0,0.947863
834,84324,84423,100.0,95.0,0.950000,79052.0,83400.0,0.947866
835,84424,84523,100.0,93.25,0.932500,79145.25,83500.0,0.947847
836,84524,84623,100.0,99.75,0.997500,79245.0,83600.0,0.947907
837,84624,84723,100.0,97.0,0.970000,79342.0,83700.0,0.947933
838,84724,84823,100.0,96.0,0.960000,79438.0,83800.0,0.947947
839,84824,84923,100.0,100.0,1.000000,79538.0,83900.0,0.948010
840,84924,85023,100.0,99.0,0.990000,79637.0,84000.0,0.948060
841,85024,85123,100.0,89.0,0.890000,79726.0,84100.0,0.947990
842,85124,85223,100.0,100.0,1.000000,79826.0,84200.0,0.948052
843,85224,85323,100.0,99.0,0.990000,79925.0,84300.0,0.948102
844,85324,85423,100.0,90.0,0.900000,80015.0,84400.0,0.948045
845,85424,85523,100.0,100.0,1.000000,80115.0,84500.0,0.948107
846,85524,85623,100.0,97.5,0.975000,80212.5,84600.0,0.948138
847,85624,85723,100.0,94.5,0.945000,80307.0,84700.0,0.948135
848,85724,85823,100.0,100.0,1.000000,80407.0,84800.0,0.948196
849,85824,85923,100.0,93.75,0.937500,80500.75,84900.0,0.948183
850,85924,86023,100.0,93.25,0.932500,80594.0,85000.0,0.948165
851,86024,86123,100.0,100.0,1.000000,80694.0,85100.0,0.948226
852,86124,86223,100.0,96.0,0.960000,80790.0,85200.0,0.948239
853,86224,86323,100.0,96.0,0.960000,80886.0,85300.0,0.948253
854,86324,86423,100.0,97.0,0.970000,80983.0,85400.0,0.948279
855,86424,86523,100.0,94.0,0.940000,81077.0,85500.0,0.948269
856,86524,86623,100.0,99.0,0.990000,81176.0,85600.0,0.948318
857,86624,86723,100.0,97.0,0.970000,81273.0,85700.0,0.948343
858,86724,86823,100.0,93.5,0.935000,81366.5,85800.0,0.948328
859,86824,86923,100.0,99.5,0.995000,81466.0,85900.0,0.948382
860,86924,87023,100.0,96.0,0.960000,81562.0,86000.0,0.948395
861,87024,87123,100.0,87.0,0.870000,81649.0,86100.0,0.948304
862,87124,87223,100.0,100.0,1.000000,81749.0,86200.0,0.948364
863,87224,87323,100.0,89.0,0.890000,81838.0,86300.0,0.948297
864,87324,87423,100.0,81.0,0.810000,81919.0,86400.0,0.948137
865,87424,87523,100.0,99.0,0.990000,82018.0,86500.0,0.948185
866,87524,87623,100.0,92.5,0.925000,82110.5,86600.0,0.948158
867,87624,87723,100.0,81.75,0.817500,82192.25,86700.0,0.948007
868,87724,87823,100.0,99.75,0.997500,82292.0,86800.0,0.948065
869,87824,87923,100.0,94.0,0.940000,82386.0,86900.0,0.948055
870,87924,88023,100.0,94.0,0.940000,82480.0,87000.0,0.948046
871,88024,88123,100.0,98.0,0.980000,82578.0,87100.0,0.948083
872,88124,88223,100.0,93.0,0.930000,82671.0,87200.0,0.948062
873,88224,88323,100.0,86.0,0.860000,82757.0,87300.0,0.947961
874,88324,88423,100.0,99.0,0.990000,82856.0,87400.0,0.948009
875,88424,88523,100.0,95.25,0.952500,82951.25,87500.0,0.948014
876,88524,88623,100.0,96.75,0.967500,83048.0,87600.0,0.948037
877,88624,88723,100.0,100.0,1.000000,83148.0,87700.0,0.948096
878,88724,88823,100.0,98.5,0.985000,83246.5,87800.0,0.948138
879,88824,88923,100.0,97.5,0.975000,83344.0,87900.0,0.948168
880,88924,89023,100.0,100.0,1.000000,83444.0,88000.0,0.948227
881,89024,89123,100.0,100.0,1.000000,83544.0,88100.0,0.948286
882,89124,89223,100.0,96.0,0.960000,83640.0,88200.0,0.948299
883,89224,89323,100.0,97.0,0.970000,83737.0,88300.0,0.948324
884,89324,89423,100.0,97.0,0.970000,83834.0,88400.0,0.948348
885,89424,89523,100.0,93.0,0.930000,83927.0,88500.0,0.948328
886,89524,89623,100.0,100.0,1.000000,84027.0,88600.0,0.948386
887,89624,89723,100.0,95.75,0.957500,84122.75,88700.0,0.948396
888,89724,89823,100.0,97.25,0.972500,84220.0,88800.0,0.948423
889,89824,89923,100.0,96.0,0.960000,84316.0,88900.0,0.948436
890,89924,90023,100.0,94.5,0.945000,84410.5,89000.0,0.948433
891,90024,90123,100.0,97.5,0.975000,84508.0,89100.0,0.948462
892,90124,90223,100.0,94.0,0.940000,84602.0,89200.0,0.948453
893,90224,90323,100.0,97.0,0.970000,84699.0,89300.0,0.948477
894,90324,90423,100.0,90.0,0.900000,84789.0,89400.0,0.948423
895,90424,90523,100.0,94.0,0.940000,84883.0,89500.0,0.948413
896,90524,90623,100.0,94.0,0.940000,84977.0,89600.0,0.948404
897,90624,90723,100.0,93.0,0.930000,85070.0,89700.0,0.948384
898,90724,90823,100.0,100.0,1.000000,85170.0,89800.0,0.948441
899,90824,90923,100.0,90.25,0.902500,85260.25,89900.0,0.948390
900,90924,91023,100.0,96.75,0.967500,85357.0,90000.0,0.948411
901,91024,91123,100.0,99.5,0.995000,85456.5,90100.0,0.948463
902,91124,91223,100.0,90.5,0.905000,85547.0,90200.0,0.948415
903,91224,91323,100.0,97.5,0.975000,85644.5,90300.0,0.948444
904,91324,91423,100.0,95.5,0.955000,85740.0,90400.0,0.948451
905,91424,91523,100.0,100.0,1.000000,85840.0,90500.0,0.948508
906,91524,91623,100.0,93.0,0.930000,85933.0,90600.0,0.948488
907,91624,91723,100.0,99.0,0.990000,86032.0,90700.0,0.948534
908,91724,91823,100.0,100.0,1.000000,86132.0,90800.0,0.948590
909,91824,91923,100.0,97.0,0.970000,86229.0,90900.0,0.948614
910,91924,92023,100.0,98.0,0.980000,86327.0,91000.0,0.948648
911,92024,92123,100.0,97.0,0.970000,86424.0,91100.0,0.948672
912,92124,92223,100.0,99.0,0.990000,86523.0,91200.0,0.948717
913,92224,92323,100.0,99.0,0.990000,86622.0,91300.0,0.948762
914,92324,92423,100.0,94.0,0.940000,86716.0,91400.0,0.948753
915,92424,92523,100.0,99.25,0.992500,86815.25,91500.0,0.948801
916,92524,92623,100.0,99.75,0.997500,86915.0,91600.0,0.948854
917,92624,92723,100.0,99.0,0.990000,87014.0,91700.0,0.948899
918,92724,92823,100.0,99.0,0.990000,87113.0,91800.0,0.948943
919,92824,92923,100.0,99.25,0.992500,87212.25,91900.0,0.948991
920,92924,93023,100.0,98.75,0.987500,87311.0,92000.0,0.949033
921,93024,93123,100.0,100.0,1.000000,87411.0,92100.0,0.949088
922,93124,93223,100.0,96.5,0.965000,87507.5,92200.0,0.949105
923,93224,93323,100.0,98.75,0.987500,87606.25,92300.0,0.949147
924,93324,93423,100.0,99.75,0.997500,87706.0,92400.0,0.949199
925,93424,93523,100.0,99.0,0.990000,87805.0,92500.0,0.949243
926,93524,93623,100.0,99.0,0.990000,87904.0,92600.0,0.949287
927,93624,93723,100.0,100.0,1.000000,88004.0,92700.0,0.949342
928,93724,93823,100.0,99.0,0.990000,88103.0,92800.0,0.949386
929,93824,93923,100.0,99.0,0.990000,88202.0,92900.0,0.949429
930,93924,94023,100.0,99.0,0.990000,88301.0,93000.0,0.949473
931,94024,94123,100.0,99.0,0.990000,88400.0,93100.0,0.949517
932,94124,94223,100.0,100.0,1.000000,88500.0,93200.0,0.949571
933,94224,94323,100.0,99.0,0.990000,88599.0,93300.0,0.949614
934,94324,94423,100.0,99.0,0.990000,88698.0,93400.0,0.949657
935,94424,94523,100.0,98.0,0.980000,88796.0,93500.0,0.949690
936,94524,94623,100.0,100.0,1.000000,88896.0,93600.0,0.949744
937,94624,94723,100.0,100.0,1.000000,88996.0,93700.0,0.949797
938,94724,94823,100.0,94.0,0.940000,89090.0,93800.0,0.949787
939,94824,94923,100.0,99.0,0.990000,89189.0,93900.0,0.949830
940,94924,95023,100.0,99.0,0.990000,89288.0,94000.0,0.949872
941,95024,95123,100.0,96.0,0.960000,89384.0,94100.0,0.949883
942,95124,95223,100.0,99.0,0.990000,89483.0,94200.0,0.949926
943,95224,95323,100.0,97.0,0.970000,89580.0,94300.0,0.949947
944,95324,95423,100.0,100.0,1.000000,89680.0,94400.0,0.950000
945,95424,95523,100.0,99.0,0.990000,89779.0,94500.0,0.950042
946,95524,95623,100.0,97.0,0.970000,89876.0,94600.0,0.950063
947,95624,95723,100.0,100.0,1.000000,89976.0,94700.0,0.950116
948,95724,95823,100.0,100.0,1.000000,90076.0,94800.0,0.950169
949,95824,95923,100.0,96.0,0.960000,90172.0,94900.0,0.950179
950,95924,96023,100.0,99.0,0.990000,90271.0,95000.0,0.950221
951,96024,96123,100.0,98.0,0.980000,90369.0,95100.0,0.950252
952,96124,96223,100.0,96.0,0.960000,90465.0,95200.0,0.950263
953,96224,96323,100.0,98.0,0.980000,90563.0,95300.0,0.950294
954,96324,96423,100.0,92.0,0.920000,90655.0,95400.0,0.950262
955,96424,96523,100.0,99.0,0.990000,90754.0,95500.0,0.950304
956,96524,96623,100.0,100.0,1.000000,90854.0,95600.0,0.950356
957,96624,96723,100.0,96.0,0.960000,90950.0,95700.0,0.950366
958,96724,96823,100.0,98.0,0.980000,91048.0,95800.0,0.950397
959,96824,96923,100.0,97.75,0.977500,91145.75,95900.0,0.950425
960,96924,97023,100.0,98.25,0.982500,91244.0,96000.0,0.950458
961,97024,97123,100.0,99.0,0.990000,91343.0,96100.0,0.950499
962,97124,97223,100.0,93.5,0.935000,91436.5,96200.0,0.950483
963,97224,97323,100.0,96.75,0.967500,91533.25,96300.0,0.950501
964,97324,97423,100.0,99.75,0.997500,91633.0,96400.0,0.950550
965,97424,97523,100.0,89.0,0.890000,91722.0,96500.0,0.950487
966,97524,97623,100.0,100.0,1.000000,91822.0,96600.0,0.950538
967,97624,97723,100.0,100.0,1.000000,91922.0,96700.0,0.950589
968,97724,97823,100.0,87.0,0.870000,92009.0,96800.0,0.950506
969,97824,97923,100.0,98.0,0.980000,92107.0,96900.0,0.950537
970,97924,98023,100.0,100.0,1.000000,92207.0,97000.0,0.950588
971,98024,98123,100.0,93.0,0.930000,92300.0,97100.0,0.950566
972,98124,98223,100.0,100.0,1.000000,92400.0,97200.0,0.950617
973,98224,98323,100.0,99.5,0.995000,92499.5,97300.0,0.950663
974,98324,98423,100.0,93.5,0.935000,92593.0,97400.0,0.950647
975,98424,98523,100.0,100.0,1.000000,92693.0,97500.0,0.950697
976,98524,98623,100.0,98.0,0.980000,92791.0,97600.0,0.950727
977,98624,98723,100.0,95.0,0.950000,92886.0,97700.0,0.950727
978,98724,98823,100.0,98.0,0.980000,92984.0,97800.0,0.950757
979,98824,98923,100.0,94.5,0.945000,93078.5,97900.0,0.950751
980,98924,99023,100.0,97.5,0.975000,93176.0,98000.0,0.950776
981,99024,99123,100.0,100.0,1.000000,93276.0,98100.0,0.950826
982,99124,99223,100.0,100.0,1.000000,93376.0,98200.0,0.950876
983,99224,99323,100.0,96.0,0.960000,93472.0,98300.0,0.950885
984,99324,99423,100.0,100.0,1.000000,93572.0,98400.0,0.950935
985,99424,99523,100.0,90.0,0.900000,93662.0,98500.0,0.950883
986,99524,99623,100.0,94.0,0.940000,93756.0,98600.0,0.950872
987,99624,99723,100.0,95.25,0.952500,93851.25,98700.0,0.950874
988,99724,99823,100.0,95.75,0.957500,93947.0,98800.0,0.950881
989,99824,99923,100.0,97.0,0.970000,94044.0,98900.0,0.950900
990,99924,100023,100.0,96.0,0.960000,94140.0,99000.0,0.950909
991,100024,100123,100.0,95.0,0.950000,94235.0,99100.0,0.950908
992,100124,100223,100.0,98.0,0.980000,94333.0,99200.0,0.950937
993,100224,100323,100.0,95.0,0.950000,94428.0,99300.0,0.950937
994,100324,100423,100.0,99.0,0.990000,94527.0,99400.0,0.950976
995,100424,100523,100.0,100.0,1.000000,94627.0,99500.0,0.951025
996,100524,100623,100.0,96.0,0.960000,94723.0,99600.0,0.951034
997,100624,100723,100.0,97.0,0.970000,94820.0,99700.0,0.951053
998,100724,100823,100.0,100.0,1.000000,94920.0,99800.0,0.951102
999,100824,100923,100.0,95.0,0.950000,95015.0,99900.0,0.951101
1000,100924,101023,100.0,97.0,0.970000,95112.0,100000.0,0.951120
1001,101024,101123,100.0,98.0,0.980000,95210.0,100100.0,0.951149
1002,101124,101223,100.0,97.0,0.970000,95307.0,100200.0,0.951168
1003,101224,101323,100.0,98.0,0.980000,95405.0,100300.0,0.951196
1004,101324,101423,100.0,100.0,1.000000,95505.0,100400.0,0.951245
1005,101424,101523,100.0,97.0,0.970000,95602.0,100500.0,0.951264
1006,101524,101623,100.0,100.0,1.000000,95702.0,100600.0,0.951312
1007,101624,101723,100.0,96.25,0.962500,95798.25,100700.0,0.951323
1008,101724,101823,100.0,97.75,0.977500,95896.0,100800.0,0.951349
1009,101824,101923,100.0,97.0,0.970000,95993.0,100900.0,0.951368
1010,101924,102023,100.0,95.5,0.955000,96088.5,101000.0,0.951371
1011,102024,102123,100.0,98.5,0.985000,96187.0,101100.0,0.951405
1012,102124,102223,100.0,96.0,0.960000,96283.0,101200.0,0.951413
1013,102224,102323,100.0,98.0,0.980000,96381.0,101300.0,0.951441
1014,102324,102423,100.0,100.0,1.000000,96481.0,101400.0,0.951489
1015,102424,102523,100.0,100.0,1.000000,96581.0,101500.0,0.951537
1016,102524,102623,100.0,97.0,0.970000,96678.0,101600.0,0.951555
1017,102624,102723,100.0,98.0,0.980000,96776.0,101700.0,0.951583
1018,102724,102823,100.0,100.0,1.000000,96876.0,101800.0,0.951631
1019,102824,102923,100.0,98.0,0.980000,96974.0,101900.0,0.951658
1020,102924,103023,100.0,95.0,0.950000,97069.0,102000.0,0.951657
1021,103024,103123,100.0,100.0,1.000000,97169.0,102100.0,0.951704
1022,103124,103223,100.0,97.0,0.970000,97266.0,102200.0,0.951722
1023,103224,103323,100.0,93.75,0.937500,97359.75,102300.0,0.951708
1024,103324,103423,100.0,99.25,0.992500,97459.0,102400.0,0.951748
1025,103424,103523,100.0,99.0,0.990000,97558.0,102500.0,0.951785
1026,103524,103623,100.0,93.0,0.930000,97651.0,102600.0,0.951764
1027,103624,103723,100.0,100.0,1.000000,97751.0,102700.0,0.951811
1028,103724,103823,100.0,96.0,0.960000,97847.0,102800.0,0.951819
1029,103824,103923,100.0,96.0,0.960000,97943.0,102900.0,0.951827
1030,103924,104023,100.0,100.0,1.000000,98043.0,103000.0,0.951874
1031,104024,104123,100.0,99.0,0.990000,98142.0,103100.0,0.951911
1032,104124,104223,100.0,98.0,0.980000,98240.0,103200.0,0.951938
1033,104224,104323,100.0,100.0,1.000000,98340.0,103300.0,0.951985
1034,104324,104423,100.0,95.0,0.950000,98435.0,103400.0,0.951983
1035,104424,104523,100.0,99.0,0.990000,98534.0,103500.0,0.952019
1036,104524,104623,100.0,100.0,1.000000,98634.0,103600.0,0.952066
1037,104624,104723,100.0,94.0,0.940000,98728.0,103700.0,0.952054
1038,104724,104823,100.0,97.0,0.970000,98825.0,103800.0,0.952071
1039,104824,104923,100.0,98.0,0.980000,98923.0,103900.0,0.952098
1040,104924,105023,100.0,94.0,0.940000,99017.0,104000.0,0.952087
1041,105024,105123,100.0,98.0,0.980000,99115.0,104100.0,0.952113
1042,105124,105223,100.0,92.0,0.920000,99207.0,104200.0,0.952083
1043,105224,105323,100.0,95.0,0.950000,99302.0,104300.0,0.952081
1044,105324,105423,100.0,98.0,0.980000,99400.0,104400.0,0.952107
1045,105424,105523,100.0,100.0,1.000000,99500.0,104500.0,0.952153
1046,105524,105623,100.0,95.5,0.955000,99595.5,104600.0,0.952156
1047,105624,105723,100.0,98.75,0.987500,99694.25,104700.0,0.952190
1048,105724,105823,100.0,99.75,0.997500,99794.0,104800.0,0.952233
1049,105824,105923,100.0,97.25,0.972500,99891.25,104900.0,0.952252
1050,105924,106023,100.0,96.75,0.967500,99988.0,105000.0,0.952267
1051,106024,106123,100.0,98.0,0.980000,100086.0,105100.0,0.952293
1052,106124,106223,100.0,100.0,1.000000,100186.0,105200.0,0.952338
1053,106224,106323,100.0,97.0,0.970000,100283.0,105300.0,0.952355
1054,106324,106423,100.0,96.0,0.960000,100379.0,105400.0,0.952362
1055,106424,106523,100.0,100.0,1.000000,100479.0,105500.0,0.952408
1056,106524,106623,100.0,96.0,0.960000,100575.0,105600.0,0.952415
1057,106624,106723,100.0,97.0,0.970000,100672.0,105700.0,0.952431
1058,106724,106823,100.0,100.0,1.000000,100772.0,105800.0,0.952476
1059,106824,106923,100.0,97.25,0.972500,100869.25,105900.0,0.952495
1060,106924,107023,100.0,98.75,0.987500,100968.0,106000.0,0.952528
1061,107024,107123,100.0,98.0,0.980000,101066.0,106100.0,0.952554
1062,107124,107223,100.0,100.0,1.000000,101166.0,106200.0,0.952599
1063,107224,107323,100.0,97.0,0.970000,101263.0,106300.0,0.952615
1064,107324,107423,100.0,96.0,0.960000,101359.0,106400.0,0.952622
1065,107424,107523,100.0,95.0,0.950000,101454.0,106500.0,0.952620
1066,107524,107623,100.0,89.0,0.890000,101543.0,106600.0,0.952561
1067,107624,107723,100.0,95.0,0.950000,101638.0,106700.0,0.952559
1068,107724,107823,100.0,97.0,0.970000,101735.0,106800.0,0.952575
1069,107824,107923,100.0,95.0,0.950000,101830.0,106900.0,0.952572
1070,107924,108023,100.0,100.0,1.000000,101930.0,107000.0,0.952617
1071,108024,108123,100.0,98.0,0.980000,102028.0,107100.0,0.952642
1072,108124,108223,100.0,96.0,0.960000,102124.0,107200.0,0.952649
1073,108224,108323,100.0,98.0,0.980000,102222.0,107300.0,0.952675
1074,108324,108423,100.0,98.0,0.980000,102320.0,107400.0,0.952700
1075,108424,108523,100.0,98.0,0.980000,102418.0,107500.0,0.952726
1076,108524,108623,100.0,99.0,0.990000,102517.0,107600.0,0.952760
1077,108624,108723,100.0,99.0,0.990000,102616.0,107700.0,0.952795
1078,108724,108823,100.0,99.5,0.995000,102715.5,107800.0,0.952834
1079,108824,108923,100.0,99.5,0.995000,102815.0,107900.0,0.952873
1080,108924,109023,100.0,99.0,0.990000,102914.0,108000.0,0.952907
1081,109024,109123,100.0,99.0,0.990000,103013.0,108100.0,0.952942
1082,109124,109223,100.0,100.0,1.000000,103113.0,108200.0,0.952985
1083,109224,109323,100.0,97.0,0.970000,103210.0,108300.0,0.953001
1084,109324,109423,100.0,99.0,0.990000,103309.0,108400.0,0.953035
1085,109424,109523,100.0,96.0,0.960000,103405.0,108500.0,0.953041
1086,109524,109623,100.0,100.0,1.000000,103505.0,108600.0,0.953085
1087,109624,109723,100.0,100.0,1.000000,103605.0,108700.0,0.953128
1088,109724,109823,100.0,99.0,0.990000,103704.0,108800.0,0.953162
1089,109824,109923,100.0,99.0,0.990000,103803.0,108900.0,0.953196
1090,109924,110023,100.0,100.0,1.000000,103903.0,109000.0,0.953239
1091,110024,110123,100.0,100.0,1.000000,104003.0,109100.0,0.953281
1092,110124,110223,100.0,99.0,0.990000,104102.0,109200.0,0.953315
1093,110224,110323,100.0,100.0,1.000000,104202.0,109300.0,0.953358
1094,110324,110423,100.0,100.0,1.000000,104302.0,109400.0,0.953400
1095,110424,110523,100.0,100.0,1.000000,104402.0,109500.0,0.953443
1096,110524,110623,100.0,99.0,0.990000,104501.0,109600.0,0.953476
1097,110624,110723,100.0,99.0,0.990000,104600.0,109700.0,0.953510
1098,110724,110823,100.0,99.0,0.990000,104699.0,109800.0,0.953543
1099,110824,110923,100.0,100.0,1.000000,104799.0,109900.0,0.953585
1100,110924,111023,100.0,95.0,0.950000,104894.0,110000.0,0.953582
1101,111024,111123,100.0,100.0,1.000000,104994.0,110100.0,0.953624
1102,111124,111223,100.0,100.0,1.000000,105094.0,110200.0,0.953666
1103,111224,111323,100.0,100.0,1.000000,105194.0,110300.0,0.953708
1104,111324,111423,100.0,95.0,0.950000,105289.0,110400.0,0.953705
1105,111424,111523,100.0,98.0,0.980000,105387.0,110500.0,0.953729
1106,111524,111623,100.0,99.0,0.990000,105486.0,110600.0,0.953761
1107,111624,111723,100.0,94.75,0.947500,105580.75,110700.0,0.953756
1108,111724,111823,100.0,97.25,0.972500,105678.0,110800.0,0.953773
1109,111824,111923,100.0,99.0,0.990000,105777.0,110900.0,0.953805
1110,111924,112023,100.0,98.0,0.980000,105875.0,111000.0,0.953829
1111,112024,112123,100.0,99.0,0.990000,105974.0,111100.0,0.953861
1112,112124,112223,100.0,98.0,0.980000,106072.0,111200.0,0.953885
1113,112224,112323,100.0,99.0,0.990000,106171.0,111300.0,0.953917
1114,112324,112423,100.0,96.5,0.965000,106267.5,111400.0,0.953927
1115,112424,112523,100.0,99.5,0.995000,106367.0,111500.0,0.953964
1116,112524,112623,100.0,100.0,1.000000,106467.0,111600.0,0.954005
1117,112624,112723,100.0,97.0,0.970000,106564.0,111700.0,0.954020
1118,112724,112823,100.0,95.0,0.950000,106659.0,111800.0,0.954016
1119,112824,112923,100.0,99.0,0.990000,106758.0,111900.0,0.954048
1120,112924,113023,100.0,99.0,0.990000,106857.0,112000.0,0.954080
1121,113024,113123,100.0,94.0,0.940000,106951.0,112100.0,0.954068
1122,113124,113223,100.0,98.0,0.980000,107049.0,112200.0,0.954091
1123,113224,113323,100.0,99.0,0.990000,107148.0,112300.0,0.954123
1124,113324,113423,100.0,99.0,0.990000,107247.0,112400.0,0.954155
1125,113424,113523,100.0,98.0,0.980000,107345.0,112500.0,0.954178
1126,113524,113623,100.0,100.0,1.000000,107445.0,112600.0,0.954218
1127,113624,113723,100.0,98.0,0.980000,107543.0,112700.0,0.954241
1128,113724,113823,100.0,96.0,0.960000,107639.0,112800.0,0.954246
1129,113824,113923,100.0,99.0,0.990000,107738.0,112900.0,0.954278
1130,113924,114023,100.0,100.0,1.000000,107838.0,113000.0,0.954319
1131,114024,114123,100.0,96.0,0.960000,107934.0,113100.0,0.954324
1132,114124,114223,100.0,99.0,0.990000,108033.0,113200.0,0.954355
1133,114224,114323,100.0,99.5,0.995000,108132.5,113300.0,0.954391
1134,114324,114423,100.0,96.5,0.965000,108229.0,113400.0,0.954400
1135,114424,114523,100.0,96.0,0.960000,108325.0,113500.0,0.954405
1136,114524,114623,100.0,100.0,1.000000,108425.0,113600.0,0.954445
1137,114624,114723,100.0,98.75,0.987500,108523.75,113700.0,0.954474
1138,114724,114823,100.0,91.25,0.912500,108615.0,113800.0,0.954438
1139,114824,114923,100.0,99.0,0.990000,108714.0,113900.0,0.954469
1140,114924,115023,100.0,97.0,0.970000,108811.0,114000.0,0.954482
1141,115024,115123,100.0,93.75,0.937500,108904.75,114100.0,0.954468
1142,115124,115223,100.0,97.75,0.977500,109002.5,114200.0,0.954488
1143,115224,115323,100.0,99.5,0.995000,109102.0,114300.0,0.954523
1144,115324,115423,100.0,96.0,0.960000,109198.0,114400.0,0.954528
1145,115424,115523,100.0,100.0,1.000000,109298.0,114500.0,0.954568
1146,115524,115623,100.0,100.0,1.000000,109398.0,114600.0,0.954607
1147,115624,115723,100.0,96.25,0.962500,109494.25,114700.0,0.954614
1148,115724,115823,100.0,95.75,0.957500,109590.0,114800.0,0.954617
1149,115824,115923,100.0,99.0,0.990000,109689.0,114900.0,0.954648
1150,115924,116023,100.0,100.0,1.000000,109789.0,115000.0,0.954687
1151,116024,116123,100.0,91.0,0.910000,109880.0,115100.0,0.954648
1152,116124,116223,100.0,100.0,1.000000,109980.0,115200.0,0.954688
1153,116224,116323,100.0,98.0,0.980000,110078.0,115300.0,0.954709
1154,116324,116423,100.0,79.0,0.790000,110157.0,115400.0,0.954567
1155,116424,116523,100.0,79.0,0.790000,110236.0,115500.0,0.954424
1156,116524,116623,100.0,98.0,0.980000,110334.0,115600.0,0.954446
1157,116624,116723,100.0,94.0,0.940000,110428.0,115700.0,0.954434
1158,116724,116823,100.0,96.0,0.960000,110524.0,115800.0,0.954439
1159,116824,116923,100.0,94.0,0.940000,110618.0,115900.0,0.954426
1160,116924,117023,100.0,95.0,0.950000,110713.0,116000.0,0.954422
1161,117024,117123,100.0,98.75,0.987500,110811.75,116100.0,0.954451
1162,117124,117223,100.0,78.25,0.782500,110890.0,116200.0,0.954303
1163,117224,117323,100.0,83.0,0.830000,110973.0,116300.0,0.954196
1164,117324,117423,100.0,97.0,0.970000,111070.0,116400.0,0.954210
1165,117424,117523,100.0,95.75,0.957500,111165.75,116500.0,0.954212
1166,117524,117623,100.0,94.25,0.942500,111260.0,116600.0,0.954202
1167,117624,117723,100.0,100.0,1.000000,111360.0,116700.0,0.954242
1168,117724,117823,100.0,93.0,0.930000,111453.0,116800.0,0.954221
1169,117824,117923,100.0,96.0,0.960000,111549.0,116900.0,0.954226
1170,117924,118023,100.0,90.0,0.900000,111639.0,117000.0,0.954179
1171,118024,118123,100.0,98.0,0.980000,111737.0,117100.0,0.954202
1172,118124,118223,100.0,97.0,0.970000,111834.0,117200.0,0.954215
1173,118224,118323,100.0,94.0,0.940000,111928.0,117300.0,0.954203
1174,118324,118423,100.0,95.0,0.950000,112023.0,117400.0,0.954199
1175,118424,118523,100.0,94.5,0.945000,112117.5,117500.0,0.954191
1176,118524,118623,100.0,98.5,0.985000,112216.0,117600.0,0.954218
1177,118624,118723,100.0,88.0,0.880000,112304.0,117700.0,0.954155
1178,118724,118823,100.0,97.5,0.975000,112401.5,117800.0,0.954172
1179,118824,118923,100.0,96.5,0.965000,112498.0,117900.0,0.954182
1180,118924,119023,100.0,95.0,0.950000,112593.0,118000.0,0.954178
1181,119024,119123,100.0,92.0,0.920000,112685.0,118100.0,0.954149
1182,119124,119223,100.0,98.5,0.985000,112783.5,118200.0,0.954175
1183,119224,119323,100.0,97.5,0.975000,112881.0,118300.0,0.954193
1184,119324,119423,100.0,94.0,0.940000,112975.0,118400.0,0.954181
1185,119424,119523,100.0,92.0,0.920000,113067.0,118500.0,0.954152
1186,119524,119623,100.0,92.0,0.920000,113159.0,118600.0,0.954123
1187,119624,119723,100.0,95.75,0.957500,113254.75,118700.0,0.954126
1188,119724,119823,100.0,88.25,0.882500,113343.0,118800.0,0.954066
1189,119824,119923,100.0,91.5,0.915000,113434.5,118900.0,0.954033
1190,119924,120023,100.0,93.5,0.935000,113528.0,119000.0,0.954017
1191,120024,120123,100.0,94.25,0.942500,113622.25,119100.0,0.954007
1192,120124,120223,100.0,91.75,0.917500,113714.0,119200.0,0.953977
1193,120224,120323,100.0,91.0,0.910000,113805.0,119300.0,0.953940
1194,120324,120423,100.0,96.5,0.965000,113901.5,119400.0,0.953949
1195,120424,120523,100.0,97.0,0.970000,113998.5,119500.0,0.953962
1196,120524,120623,100.0,96.5,0.965000,114095.0,119600.0,0.953972
1197,120624,120723,100.0,88.0,0.880000,114183.0,119700.0,0.953910
1198,120724,120823,100.0,99.0,0.990000,114282.0,119800.0,0.953940
1199,120824,120923,100.0,90.0,0.900000,114372.0,119900.0,0.953895
1200,120924,121023,100.0,84.0,0.840000,114456.0,120000.0,0.953800
1201,121024,121123,100.0,94.75,0.947500,114550.75,120100.0,0.953795
1202,121124,121223,100.0,97.25,0.972500,114648.0,120200.0,0.953810
1203,121224,121323,100.0,93.0,0.930000,114741.0,120300.0,0.953791
1204,121324,121423,100.0,91.0,0.910000,114832.0,120400.0,0.953754
1205,121424,121523,100.0,100.0,1.000000,114932.0,120500.0,0.953793
1206,121524,121623,100.0,95.0,0.950000,115027.0,120600.0,0.953789
1207,121624,121723,100.0,97.0,0.970000,115124.0,120700.0,0.953803
1208,121724,121823,100.0,95.0,0.950000,115219.0,120800.0,0.953800
1209,121824,121923,100.0,92.0,0.920000,115311.0,120900.0,0.953772
1210,121924,122023,100.0,95.0,0.950000,115406.0,121000.0,0.953769
1211,122024,122123,100.0,96.0,0.960000,115502.0,121100.0,0.953774
1212,122124,122223,100.0,89.0,0.890000,115591.0,121200.0,0.953721
1213,122224,122323,100.0,96.75,0.967500,115687.75,121300.0,0.953732
1214,122324,122423,100.0,93.75,0.937500,115781.5,121400.0,0.953719
1215,122424,122523,100.0,93.5,0.935000,115875.0,121500.0,0.953704
1216,122524,122623,100.0,94.0,0.940000,115969.0,121600.0,0.953692
1217,122624,122723,100.0,96.0,0.960000,116065.0,121700.0,0.953698
1218,122724,122823,100.0,95.0,0.950000,116160.0,121800.0,0.953695
1219,122824,122923,100.0,96.0,0.960000,116256.0,121900.0,0.953700
1220,122924,123023,100.0,93.0,0.930000,116349.0,122000.0,0.953680
1221,123024,123123,100.0,97.0,0.970000,116446.0,122100.0,0.953694
1222,123124,123223,100.0,98.5,0.985000,116544.5,122200.0,0.953719
1223,123224,123323,100.0,95.5,0.955000,116640.0,122300.0,0.953720
1224,123324,123423,100.0,96.0,0.960000,116736.0,122400.0,0.953725
1225,123424,123523,100.0,97.75,0.977500,116833.75,122500.0,0.953745
1226,123524,123623,100.0,92.25,0.922500,116926.0,122600.0,0.953719
1227,123624,123723,100.0,94.25,0.942500,117020.25,122700.0,0.953710
1228,123724,123823,100.0,97.75,0.977500,117118.0,122800.0,0.953730
1229,123824,123923,100.0,97.0,0.970000,117215.0,122900.0,0.953743
1230,123924,124023,100.0,90.5,0.905000,117305.5,123000.0,0.953703
1231,124024,124123,100.0,95.75,0.957500,117401.25,123100.0,0.953706
1232,124124,124223,100.0,97.75,0.977500,117499.0,123200.0,0.953726
1233,124224,124323,100.0,96.75,0.967500,117595.75,123300.0,0.953737
1234,124324,124423,100.0,96.25,0.962500,117692.0,123400.0,0.953744
1235,124424,124523,100.0,97.0,0.970000,117789.0,123500.0,0.953757
1236,124524,124623,100.0,97.0,0.970000,117886.0,123600.0,0.953770
1237,124624,124723,100.0,98.0,0.980000,117984.0,123700.0,0.953791
1238,124724,124823,100.0,99.0,0.990000,118083.0,123800.0,0.953821
1239,124824,124923,100.0,98.0,0.980000,118181.0,123900.0,0.953842
1240,124924,125023,100.0,95.0,0.950000,118276.0,124000.0,0.953839
1241,125024,125123,100.0,91.0,0.910000,118367.0,124100.0,0.953803
1242,125124,125223,100.0,96.5,0.965000,118463.5,124200.0,0.953812
1243,125224,125323,100.0,94.5,0.945000,118558.0,124300.0,0.953805
1244,125324,125423,100.0,96.0,0.960000,118654.0,124400.0,0.953810
1245,125424,125523,100.0,95.0,0.950000,118749.0,124500.0,0.953807
1246,125524,125623,100.0,91.0,0.910000,118840.0,124600.0,0.953772
1247,125624,125723,100.0,98.0,0.980000,118938.0,124700.0,0.953793
1248,125724,125823,100.0,95.0,0.950000,119033.0,124800.0,0.953790
1249,125824,125923,100.0,92.0,0.920000,119125.0,124900.0,0.953763
1250,125924,126023,100.0,98.0,0.980000,119223.0,125000.0,0.953784
1251,126024,126123,100.0,98.0,0.980000,119321.0,125100.0,0.953805
1252,126124,126223,100.0,95.0,0.950000,119416.0,125200.0,0.953802
1253,126224,126323,100.0,97.0,0.970000,119513.0,125300.0,0.953815
1254,126324,126423,100.0,100.0,1.000000,119613.0,125400.0,0.953852
1255,126424,126523,100.0,93.25,0.932500,119706.25,125500.0,0.953835
1256,126524,126623,100.0,95.75,0.957500,119802.0,125600.0,0.953838
1257,126624,126723,100.0,98.0,0.980000,119900.0,125700.0,0.953858
1258,126724,126823,100.0,96.0,0.960000,119996.0,125800.0,0.953863
1259,126824,126923,100.0,89.25,0.892500,120085.25,125900.0,0.953815
1260,126924,127023,100.0,86.75,0.867500,120172.0,126000.0,0.953746
1261,127024,127123,100.0,99.0,0.990000,120271.0,126100.0,0.953775
1262,127124,127223,100.0,95.0,0.950000,120366.0,126200.0,0.953772
1263,127224,127323,100.0,93.25,0.932500,120459.25,126300.0,0.953755
1264,127324,127423,100.0,96.75,0.967500,120556.0,126400.0,0.953766
1265,127424,127523,100.0,98.75,0.987500,120654.75,126500.0,0.953792
1266,127524,127623,100.0,94.25,0.942500,120749.0,126600.0,0.953784
1267,127624,127723,100.0,95.0,0.950000,120844.0,126700.0,0.953781
1268,127724,127823,100.0,96.0,0.960000,120940.0,126800.0,0.953785
1269,127824,127923,100.0,99.75,0.997500,121039.75,126900.0,0.953820
1270,127924,128023,100.0,94.75,0.947500,121134.5,127000.0,0.953815
1271,128024,128123,100.0,93.25,0.932500,121227.75,127100.0,0.953798
1272,128124,128223,100.0,95.25,0.952500,121323.0,127200.0,0.953797
1273,128224,128323,100.0,98.0,0.980000,121421.0,127300.0,0.953818
1274,128324,128423,100.0,94.0,0.940000,121515.0,127400.0,0.953807
1275,128424,128523,100.0,95.0,0.950000,121610.0,127500.0,0.953804
1276,128524,128623,100.0,100.0,1.000000,121710.0,127600.0,0.953840
1277,128624,128723,100.0,99.75,0.997500,121809.75,127700.0,0.953874
1278,128724,128823,100.0,96.25,0.962500,121906.0,127800.0,0.953881
1279,128824,128923,100.0,95.0,0.950000,122001.0,127900.0,0.953878
1280,128924,129023,100.0,100.0,1.000000,122101.0,128000.0,0.953914
1281,129024,129123,100.0,96.0,0.960000,122197.0,128100.0,0.953919
1282,129124,129223,100.0,97.0,0.970000,122294.0,128200.0,0.953931
1283,129224,129323,100.0,94.0,0.940000,122388.0,128300.0,0.953920
1284,129324,129423,100.0,96.0,0.960000,122484.0,128400.0,0.953925
1285,129424,129523,100.0,96.0,0.960000,122580.0,128500.0,0.953930
1286,129524,129623,100.0,97.0,0.970000,122677.0,128600.0,0.953942
1287,129624,129723,100.0,99.0,0.990000,122776.0,128700.0,0.953970
1288,129724,129823,100.0,99.0,0.990000,122875.0,128800.0,0.953998
1289,129824,129923,100.0,95.0,0.950000,122970.0,128900.0,0.953995
1290,129924,130023,100.0,99.0,0.990000,123069.0,129000.0,0.954023
1291,130024,130123,100.0,100.0,1.000000,123169.0,129100.0,0.954059
1292,130124,130223,100.0,97.0,0.970000,123266.0,129200.0,0.954071
1293,130224,130323,100.0,98.0,0.980000,123364.0,129300.0,0.954091
1294,130324,130423,100.0,96.0,0.960000,123460.0,129400.0,0.954096
1295,130424,130523,100.0,100.0,1.000000,123560.0,129500.0,0.954131
1296,130524,130623,100.0,95.0,0.950000,123655.0,129600.0,0.954128
1297,130624,130723,100.0,100.0,1.000000,123755.0,129700.0,0.954163
1298,130724,130823,100.0,100.0,1.000000,123855.0,129800.0,0.954199
1299,130824,130923,100.0,100.0,1.000000,123955.0,129900.0,0.954234
1300,130924,131023,100.0,96.0,0.960000,124051.0,130000.0,0.954238
1301,131024,131123,100.0,98.0,0.980000,124149.0,130100.0,0.954258
1302,131124,131223,100.0,100.0,1.000000,124249.0,130200.0,0.954293
1303,131224,131323,100.0,99.0,0.990000,124348.0,130300.0,0.954321
1304,131324,131423,100.0,98.0,0.980000,124446.0,130400.0,0.954340
1305,131424,131523,100.0,100.0,1.000000,124546.0,130500.0,0.954375
1306,131524,131623,100.0,95.0,0.950000,124641.0,130600.0,0.954372
1307,131624,131723,100.0,99.0,0.990000,124740.0,130700.0,0.954399
1308,131724,131823,100.0,96.0,0.960000,124836.0,130800.0,0.954404
1309,131824,131923,100.0,95.0,0.950000,124931.0,130900.0,0.954400
1310,131924,132023,100.0,99.0,0.990000,125030.0,131000.0,0.954427
1311,132024,132123,100.0,96.0,0.960000,125126.0,131100.0,0.954432
1312,132124,132223,100.0,99.0,0.990000,125225.0,131200.0,0.954459
1313,132224,132323,100.0,98.0,0.980000,125323.0,131300.0,0.954478
1314,132324,132423,100.0,98.0,0.980000,125421.0,131400.0,0.954498
1315,132424,132523,100.0,99.0,0.990000,125520.0,131500.0,0.954525
1316,132524,132623,100.0,100.0,1.000000,125620.0,131600.0,0.954559
1317,132624,132723,100.0,98.0,0.980000,125718.0,131700.0,0.954579
1318,132724,132823,100.0,97.0,0.970000,125815.0,131800.0,0.954590
1319,132824,132923,100.0,99.25,0.992500,125914.25,131900.0,0.954619
1320,132924,133023,100.0,99.75,0.997500,126014.0,132000.0,0.954652
1321,133024,133123,100.0,100.0,1.000000,126114.0,132100.0,0.954686
1322,133124,133223,100.0,99.0,0.990000,126213.0,132200.0,0.954713
1323,133224,133323,100.0,99.0,0.990000,126312.0,132300.0,0.954739
1324,133324,133423,100.0,97.0,0.970000,126409.0,132400.0,0.954751
1325,133424,133523,100.0,99.0,0.990000,126508.0,132500.0,0.954777
1326,133524,133623,100.0,100.0,1.000000,126608.0,132600.0,0.954811
1327,133624,133723,100.0,99.0,0.990000,126707.0,132700.0,0.954838
1328,133724,133823,100.0,100.0,1.000000,126807.0,132800.0,0.954872
1329,133824,133923,100.0,97.0,0.970000,126904.0,132900.0,0.954883
1330,133924,134023,100.0,99.0,0.990000,127003.0,133000.0,0.954910
1331,134024,134123,100.0,99.25,0.992500,127102.25,133100.0,0.954938
1332,134124,134223,100.0,94.75,0.947500,127197.0,133200.0,0.954932
1333,134224,134323,100.0,97.0,0.970000,127294.0,133300.0,0.954944
1334,134324,134423,100.0,95.0,0.950000,127389.0,133400.0,0.954940
1335,134424,134523,100.0,98.0,0.980000,127487.0,133500.0,0.954959
1336,134524,134623,100.0,98.0,0.980000,127585.0,133600.0,0.954978
1337,134624,134723,100.0,99.75,0.997500,127684.75,133700.0,0.955009
1338,134724,134823,100.0,95.25,0.952500,127780.0,133800.0,0.955007
1339,134824,134923,100.0,97.0,0.970000,127877.0,133900.0,0.955019
1340,134924,135023,100.0,99.0,0.990000,127976.0,134000.0,0.955045
1341,135024,135123,100.0,96.5,0.965000,128072.5,134100.0,0.955052
1342,135124,135223,100.0,96.5,0.965000,128169.0,134200.0,0.955060
1343,135224,135323,100.0,99.0,0.990000,128268.0,134300.0,0.955086
1344,135324,135423,100.0,99.0,0.990000,128367.0,134400.0,0.955112
1345,135424,135523,100.0,99.0,0.990000,128466.0,134500.0,0.955138
1346,135524,135623,100.0,98.0,0.980000,128564.0,134600.0,0.955156
1347,135624,135723,100.0,98.0,0.980000,128662.0,134700.0,0.955174
1348,135724,135823,100.0,97.0,0.970000,128759.0,134800.0,0.955185
1349,135824,135923,100.0,99.0,0.990000,128858.0,134900.0,0.955211
1350,135924,136023,100.0,99.0,0.990000,128957.0,135000.0,0.955237
1351,136024,136123,100.0,98.5,0.985000,129055.5,135100.0,0.955259
1352,136124,136223,100.0,98.5,0.985000,129154.0,135200.0,0.955281
1353,136224,136323,100.0,100.0,1.000000,129254.0,135300.0,0.955314
1354,136324,136423,100.0,99.0,0.990000,129353.0,135400.0,0.955340
1355,136424,136523,100.0,99.0,0.990000,129452.0,135500.0,0.955365
1356,136524,136623,100.0,99.0,0.990000,129551.0,135600.0,0.955391
1357,136624,136723,100.0,99.0,0.990000,129650.0,135700.0,0.955416
1358,136724,136823,100.0,100.0,1.000000,129750.0,135800.0,0.955449
1359,136824,136923,100.0,98.0,0.980000,129848.0,135900.0,0.955467
1360,136924,137023,100.0,94.0,0.940000,129942.0,136000.0,0.955456
1361,137024,137123,100.0,100.0,1.000000,130042.0,136100.0,0.955489
1362,137124,137223,100.0,98.5,0.985000,130140.5,136200.0,0.955510
1363,137224,137323,100.0,98.5,0.985000,130239.0,136300.0,0.955532
1364,137324,137423,100.0,98.0,0.980000,130337.0,136400.0,0.955550
1365,137424,137523,100.0,100.0,1.000000,130437.0,136500.0,0.955582
1366,137524,137623,100.0,98.0,0.980000,130535.0,136600.0,0.955600
1367,137624,137723,100.0,99.0,0.990000,130634.0,136700.0,0.955625
1368,137724,137823,100.0,99.0,0.990000,130733.0,136800.0,0.955651
1369,137824,137923,100.0,100.0,1.000000,130833.0,136900.0,0.955683
1370,137924,138023,100.0,98.0,0.980000,130931.0,137000.0,0.955701
1371,138024,138123,100.0,100.0,1.000000,131031.0,137100.0,0.955733
1372,138124,138223,100.0,99.0,0.990000,131130.0,137200.0,0.955758
1373,138224,138323,100.0,95.0,0.950000,131225.0,137300.0,0.955754
1374,138324,138423,100.0,93.0,0.930000,131318.0,137400.0,0.955735
1375,138424,138523,100.0,99.0,0.990000,131417.0,137500.0,0.955760
1376,138524,138623,100.0,100.0,1.000000,131517.0,137600.0,0.955792
1377,138624,138723,100.0,99.0,0.990000,131616.0,137700.0,0.955817
1378,138724,138823,100.0,98.0,0.980000,131714.0,137800.0,0.955835
1379,138824,138923,100.0,98.0,0.980000,131812.0,137900.0,0.955852
1380,138924,139023,100.0,99.0,0.990000,131911.0,138000.0,0.955877
1381,139024,139123,100.0,99.0,0.990000,132010.0,138100.0,0.955902
1382,139124,139223,100.0,99.0,0.990000,132109.0,138200.0,0.955926
1383,139224,139323,100.0,100.0,1.000000,132209.0,138300.0,0.955958
1384,139324,139423,100.0,98.0,0.980000,132307.0,138400.0,0.955975
1385,139424,139523,100.0,99.0,0.990000,132406.0,138500.0,0.956000
1386,139524,139623,100.0,100.0,1.000000,132506.0,138600.0,0.956032
1387,139624,139723,100.0,100.0,1.000000,132606.0,138700.0,0.956063
1388,139724,139823,100.0,98.0,0.980000,132704.0,138800.0,0.956081
1389,139824,139923,100.0,97.0,0.970000,132801.0,138900.0,0.956091
1390,139924,140023,100.0,100.0,1.000000,132901.0,139000.0,0.956122
1391,140024,140123,100.0,95.0,0.950000,132996.0,139100.0,0.956118
1392,140124,140223,100.0,97.0,0.970000,133093.0,139200.0,0.956128
1393,140224,140323,100.0,95.0,0.950000,133188.0,139300.0,0.956123
1394,140324,140423,100.0,100.0,1.000000,133288.0,139400.0,0.956155
1395,140424,140523,100.0,93.75,0.937500,133381.75,139500.0,0.956142
1396,140524,140623,100.0,94.25,0.942500,133476.0,139600.0,0.956132
1397,140624,140723,100.0,100.0,1.000000,133576.0,139700.0,0.956163
1398,140724,140823,100.0,95.0,0.950000,133671.0,139800.0,0.956159
1399,140824,140923,100.0,94.0,0.940000,133765.0,139900.0,0.956147
1400,140924,141023,100.0,95.0,0.950000,133860.0,140000.0,0.956143
1401,141024,141123,100.0,96.25,0.962500,133956.25,140100.0,0.956147
1402,141124,141223,100.0,94.75,0.947500,134051.0,140200.0,0.956141
1403,141224,141323,100.0,94.0,0.940000,134145.0,140300.0,0.956130
1404,141324,141423,100.0,99.0,0.990000,134244.0,140400.0,0.956154
1405,141424,141523,100.0,90.0,0.900000,134334.0,140500.0,0.956114
1406,141524,141623,100.0,98.0,0.980000,134432.0,140600.0,0.956131
1407,141624,141723,100.0,95.0,0.950000,134527.0,140700.0,0.956127
1408,141724,141823,100.0,100.0,1.000000,134627.0,140800.0,0.956158
1409,141824,141923,100.0,97.0,0.970000,134724.0,140900.0,0.956167
1410,141924,142023,100.0,96.0,0.960000,134820.0,141000.0,0.956170
1411,142024,142123,100.0,99.0,0.990000,134919.0,141100.0,0.956194
1412,142124,142223,100.0,92.0,0.920000,135011.0,141200.0,0.956169
1413,142224,142323,100.0,99.0,0.990000,135110.0,141300.0,0.956192
1414,142324,142423,100.0,98.0,0.980000,135208.0,141400.0,0.956209
1415,142424,142523,100.0,98.0,0.980000,135306.0,141500.0,0.956226
1416,142524,142623,100.0,94.0,0.940000,135400.0,141600.0,0.956215
1417,142624,142723,100.0,99.0,0.990000,135499.0,141700.0,0.956239
1418,142724,142823,100.0,97.0,0.970000,135596.0,141800.0,0.956248
1419,142824,142923,100.0,98.0,0.980000,135694.0,141900.0,0.956265
1420,142924,143023,100.0,100.0,1.000000,135794.0,142000.0,0.956296
1421,143024,143123,100.0,100.0,1.000000,135894.0,142100.0,0.956327
1422,143124,143223,100.0,87.0,0.870000,135981.0,142200.0,0.956266
1423,143224,143323,100.0,98.0,0.980000,136079.0,142300.0,0.956283
1424,143324,143423,100.0,97.0,0.970000,136176.0,142400.0,0.956292
1425,143424,143523,100.0,100.0,1.000000,136276.0,142500.0,0.956323
1426,143524,143623,100.0,98.0,0.980000,136374.0,142600.0,0.956339
1427,143624,143723,100.0,100.0,1.000000,136474.0,142700.0,0.956370
1428,143724,143823,100.0,97.0,0.970000,136571.0,142800.0,0.956380
1429,143824,143923,100.0,98.0,0.980000,136669.0,142900.0,0.956396
1430,143924,144023,100.0,99.0,0.990000,136768.0,143000.0,0.956420
1431,144024,144123,100.0,98.0,0.980000,136866.0,143100.0,0.956436
1432,144124,144223,100.0,100.0,1.000000,136966.0,143200.0,0.956466
1433,144224,144323,100.0,96.75,0.967500,137062.75,143300.0,0.956474
1434,144324,144423,100.0,99.25,0.992500,137162.0,143400.0,0.956499
1435,144424,144523,100.0,97.0,0.970000,137259.0,143500.0,0.956509
1436,144524,144623,100.0,93.0,0.930000,137352.0,143600.0,0.956490
1437,144624,144723,100.0,98.0,0.980000,137450.0,143700.0,0.956507
1438,144724,144823,100.0,95.0,0.950000,137545.0,143800.0,0.956502
1439,144824,144923,100.0,100.0,1.000000,137645.0,143900.0,0.956532
1440,144924,145023,100.0,97.0,0.970000,137742.0,144000.0,0.956542
1441,145024,145123,100.0,98.0,0.980000,137840.0,144100.0,0.956558
1442,145124,145223,100.0,98.0,0.980000,137938.0,144200.0,0.956574
1443,145224,145323,100.0,100.0,1.000000,138038.0,144300.0,0.956604
1444,145324,145423,100.0,92.0,0.920000,138130.0,144400.0,0.956579
1445,145424,145523,100.0,99.0,0.990000,138229.0,144500.0,0.956602
1446,145524,145623,100.0,100.0,1.000000,138329.0,144600.0,0.956632
1447,145624,145723,100.0,96.5,0.965000,138425.5,144700.0,0.956638
1448,145724,145823,100.0,92.5,0.925000,138518.0,144800.0,0.956616
1449,145824,145923,100.0,99.0,0.990000,138617.0,144900.0,0.956639
1450,145924,146023,100.0,99.0,0.990000,138716.0,145000.0,0.956662
1451,146024,146123,100.0,97.0,0.970000,138813.0,145100.0,0.956671
1452,146124,146223,100.0,97.0,0.970000,138910.0,145200.0,0.956680
1453,146224,146323,100.0,99.0,0.990000,139009.0,145300.0,0.956703
1454,146324,146423,100.0,98.0,0.980000,139107.0,145400.0,0.956719
1455,146424,146523,100.0,96.0,0.960000,139203.0,145500.0,0.956722
1456,146524,146623,100.0,98.0,0.980000,139301.0,145600.0,0.956738
1457,146624,146723,100.0,98.0,0.980000,139399.0,145700.0,0.956754
1458,146724,146823,100.0,100.0,1.000000,139499.0,145800.0,0.956783
1459,146824,146923,100.0,99.0,0.990000,139598.0,145900.0,0.956806
1460,146924,147023,100.0,95.0,0.950000,139693.0,146000.0,0.956801
1461,147024,147123,100.0,99.0,0.990000,139792.0,146100.0,0.956824
1462,147124,147223,100.0,100.0,1.000000,139892.0,146200.0,0.956854
1463,147224,147323,100.0,100.0,1.000000,139992.0,146300.0,0.956883
1464,147324,147423,100.0,99.0,0.990000,140091.0,146400.0,0.956906
1465,147424,147523,100.0,100.0,1.000000,140191.0,146500.0,0.956935
1466,147524,147623,100.0,100.0,1.000000,140291.0,146600.0,0.956965
1467,147624,147723,100.0,98.5,0.985000,140389.5,146700.0,0.956984
1468,147724,147823,100.0,99.5,0.995000,140489.0,146800.0,0.957010
1469,147824,147923,100.0,100.0,1.000000,140589.0,146900.0,0.957039
1470,147924,148023,100.0,90.5,0.905000,140679.5,147000.0,0.957003
1471,148024,148123,100.0,96.5,0.965000,140776.0,147100.0,0.957009
1472,148124,148223,100.0,100.0,1.000000,140876.0,147200.0,0.957038
1473,148224,148323,100.0,86.0,0.860000,140962.0,147300.0,0.956972
1474,148324,148423,100.0,97.0,0.970000,141059.0,147400.0,0.956981
1475,148424,148523,100.0,100.0,1.000000,141159.0,147500.0,0.957010
1476,148524,148623,100.0,98.0,0.980000,141257.0,147600.0,0.957026
1477,148624,148723,100.0,96.0,0.960000,141353.0,147700.0,0.957028
1478,148724,148823,100.0,100.0,1.000000,141453.0,147800.0,0.957057
1479,148824,148923,100.0,100.0,1.000000,141553.0,147900.0,0.957086
1480,148924,149023,100.0,97.0,0.970000,141650.0,148000.0,0.957095
1481,149024,149123,100.0,100.0,1.000000,141750.0,148100.0,0.957124
1482,149124,149223,100.0,100.0,1.000000,141850.0,148200.0,0.957152
1483,149224,149323,100.0,93.25,0.932500,141943.25,148300.0,0.957136
1484,149324,149423,100.0,99.75,0.997500,142043.0,148400.0,0.957163
1485,149424,149523,100.0,100.0,1.000000,142143.0,148500.0,0.957192
1486,149524,149623,100.0,96.0,0.960000,142239.0,148600.0,0.957194
1487,149624,149723,100.0,100.0,1.000000,142339.0,148700.0,0.957223
1488,149724,149823,100.0,100.0,1.000000,142439.0,148800.0,0.957251
1489,149824,149923,100.0,97.25,0.972500,142536.25,148900.0,0.957262
1490,149924,150023,100.0,97.75,0.977500,142634.0,149000.0,0.957275
1491,150024,150123,100.0,100.0,1.000000,142734.0,149100.0,0.957304
1492,150124,150223,100.0,98.0,0.980000,142832.0,149200.0,0.957319
1493,150224,150323,100.0,100.0,1.000000,142932.0,149300.0,0.957348
1494,150324,150423,100.0,99.0,0.990000,143031.0,149400.0,0.957369
1495,150424,150523,100.0,97.25,0.972500,143128.25,149500.0,0.957380
1496,150524,150623,100.0,99.75,0.997500,143228.0,149600.0,0.957406
1497,150624,150723,100.0,99.0,0.990000,143327.0,149700.0,0.957428
1498,150724,150823,100.0,97.0,0.970000,143424.0,149800.0,0.957437
1499,150824,150923,100.0,100.0,1.000000,143524.0,149900.0,0.957465
1500,150924,151023,100.0,99.0,0.990000,143623.0,150000.0,0.957487
1501,151024,151123,100.0,92.0,0.920000,143715.0,150100.0,0.957462
1502,151124,151223,100.0,97.0,0.970000,143812.0,150200.0,0.957470
1503,151224,151323,100.0,91.0,0.910000,143903.0,150300.0,0.957438
1504,151324,151423,100.0,99.0,0.990000,144002.0,150400.0,0.957460
1505,151424,151523,100.0,90.75,0.907500,144092.75,150500.0,0.957427
1506,151524,151623,100.0,98.25,0.982500,144191.0,150600.0,0.957444
1507,151624,151723,100.0,84.25,0.842500,144275.25,150700.0,0.957367
1508,151724,151823,100.0,97.75,0.977500,144373.0,150800.0,0.957381
1509,151824,151923,100.0,99.0,0.990000,144472.0,150900.0,0.957402
1510,151924,152023,100.0,96.0,0.960000,144568.0,151000.0,0.957404
1511,152024,152123,100.0,99.0,0.990000,144667.0,151100.0,0.957426
1512,152124,152223,100.0,96.0,0.960000,144763.0,151200.0,0.957427
1513,152224,152323,100.0,100.0,1.000000,144863.0,151300.0,0.957455
1514,152324,152423,100.0,100.0,1.000000,144963.0,151400.0,0.957483
1515,152424,152523,100.0,98.0,0.980000,145061.0,151500.0,0.957498
1516,152524,152623,100.0,97.0,0.970000,145158.0,151600.0,0.957507
1517,152624,152723,100.0,89.0,0.890000,145247.0,151700.0,0.957462
1518,152724,152823,100.0,98.5,0.985000,145345.5,151800.0,0.957480
1519,152824,152923,100.0,98.0,0.980000,145443.5,151900.0,0.957495
1520,152924,153023,100.0,98.5,0.985000,145542.0,152000.0,0.957513
1521,153024,153123,100.0,97.0,0.970000,145639.0,152100.0,0.957521
1522,153124,153223,100.0,96.0,0.960000,145735.0,152200.0,0.957523
1523,153224,153323,100.0,97.0,0.970000,145832.0,152300.0,0.957531
1524,153324,153423,100.0,100.0,1.000000,145932.0,152400.0,0.957559
1525,153424,153523,100.0,100.0,1.000000,146032.0,152500.0,0.957587
1526,153524,153623,100.0,99.0,0.990000,146131.0,152600.0,0.957608
1527,153624,153723,100.0,96.25,0.962500,146227.25,152700.0,0.957611
1528,153724,153823,100.0,96.75,0.967500,146324.0,152800.0,0.957618
1529,153824,153923,100.0,100.0,1.000000,146424.0,152900.0,0.957646
1530,153924,154023,100.0,99.0,0.990000,146523.0,153000.0,0.957667
1531,154024,154123,100.0,97.0,0.970000,146620.0,153100.0,0.957675
1532,154124,154223,100.0,98.0,0.980000,146718.0,153200.0,0.957689
1533,154224,154323,100.0,97.0,0.970000,146815.0,153300.0,0.957697
1534,154324,154423,100.0,100.0,1.000000,146915.0,153400.0,0.957725
1535,154424,154523,100.0,97.0,0.970000,147012.0,153500.0,0.957733
1536,154524,154623,100.0,99.0,0.990000,147111.0,153600.0,0.957754
1537,154624,154723,100.0,96.0,0.960000,147207.0,153700.0,0.957755
1538,154724,154823,100.0,94.0,0.940000,147301.0,153800.0,0.957744
1539,154824,154923,100.0,100.0,1.000000,147401.0,153900.0,0.957771
1540,154924,155023,100.0,100.0,1.000000,147501.0,154000.0,0.957799
1541,155024,155123,100.0,93.0,0.930000,147594.0,154100.0,0.957781
1542,155124,155223,100.0,99.0,0.990000,147693.0,154200.0,0.957802
1543,155224,155323,100.0,95.25,0.952500,147788.25,154300.0,0.957798
1544,155324,155423,100.0,99.75,0.997500,147888.0,154400.0,0.957824
1545,155424,155523,100.0,99.0,0.990000,147987.0,154500.0,0.957845
1546,155524,155623,100.0,91.0,0.910000,148078.0,154600.0,0.957814
1547,155624,155723,100.0,99.0,0.990000,148177.0,154700.0,0.957835
1548,155724,155823,100.0,93.0,0.930000,148270.0,154800.0,0.957817
1549,155824,155923,100.0,94.0,0.940000,148364.0,154900.0,0.957805
1550,155924,156023,100.0,98.0,0.980000,148462.0,155000.0,0.957819
1551,156024,156123,100.0,97.0,0.970000,148559.0,155100.0,0.957827
1552,156124,156223,100.0,99.0,0.990000,148658.0,155200.0,0.957848
1553,156224,156323,100.0,96.5,0.965000,148754.5,155300.0,0.957853
1554,156324,156423,100.0,97.5,0.975000,148852.0,155400.0,0.957864
1555,156424,156523,100.0,98.0,0.980000,148950.0,155500.0,0.957878
1556,156524,156623,100.0,96.0,0.960000,149046.0,155600.0,0.957879
1557,156624,156723,100.0,99.75,0.997500,149145.75,155700.0,0.957905
1558,156724,156823,100.0,96.25,0.962500,149242.0,155800.0,0.957908
1559,156824,156923,100.0,96.0,0.960000,149338.0,155900.0,0.957909
1560,156924,157023,100.0,97.0,0.970000,149435.0,156000.0,0.957917
1561,157024,157123,100.0,98.0,0.980000,149533.0,156100.0,0.957931
1562,157124,157223,100.0,99.0,0.990000,149632.0,156200.0,0.957951
1563,157224,157323,100.0,96.5,0.965000,149728.5,156300.0,0.957956
1564,157324,157423,100.0,99.5,0.995000,149828.0,156400.0,0.957980
1565,157424,157523,100.0,100.0,1.000000,149928.0,156500.0,0.958006
1566,157524,157623,100.0,96.0,0.960000,150024.0,156600.0,0.958008
1567,157624,157723,100.0,100.0,1.000000,150124.0,156700.0,0.958034
1568,157724,157823,100.0,94.0,0.940000,150218.0,156800.0,0.958023
1569,157824,157923,100.0,99.0,0.990000,150317.0,156900.0,0.958043
1570,157924,158023,100.0,96.0,0.960000,150413.0,157000.0,0.958045
1571,158024,158123,100.0,99.0,0.990000,150512.0,157100.0,0.958065
1572,158124,158223,100.0,90.0,0.900000,150602.0,157200.0,0.958028
1573,158224,158323,100.0,98.0,0.980000,150700.0,157300.0,0.958042
1574,158324,158423,100.0,98.0,0.980000,150798.0,157400.0,0.958056
1575,158424,158523,100.0,98.0,0.980000,150896.0,157500.0,0.958070
1576,158524,158623,100.0,94.0,0.940000,150990.0,157600.0,0.958058
1577,158624,158723,100.0,95.0,0.950000,151085.0,157700.0,0.958053
1578,158724,158823,100.0,98.5,0.985000,151183.5,157800.0,0.958070
1579,158824,158923,100.0,97.0,0.970000,151280.5,157900.0,0.958078
1580,158924,159023,100.0,99.5,0.995000,151380.0,158000.0,0.958101
1581,159024,159123,100.0,95.0,0.950000,151475.0,158100.0,0.958096
1582,159124,159223,100.0,99.0,0.990000,151574.0,158200.0,0.958116
1583,159224,159323,100.0,94.75,0.947500,151668.75,158300.0,0.958110
1584,159324,159423,100.0,96.25,0.962500,151765.0,158400.0,0.958112
1585,159424,159523,100.0,97.75,0.977500,151862.75,158500.0,0.958125
1586,159524,159623,100.0,94.25,0.942500,151957.0,158600.0,0.958115
1587,159624,159723,100.0,92.0,0.920000,152049.0,158700.0,0.958091
1588,159724,159823,100.0,96.0,0.960000,152145.0,158800.0,0.958092
1589,159824,159923,100.0,94.0,0.940000,152239.0,158900.0,0.958081
1590,159924,160023,100.0,99.0,0.990000,152338.0,159000.0,0.958101
1591,160024,160123,100.0,93.0,0.930000,152431.0,159100.0,0.958083
1592,160124,160223,100.0,97.0,0.970000,152528.0,159200.0,0.958090
1593,160224,160323,100.0,95.75,0.957500,152623.75,159300.0,0.958090
1594,160324,160423,100.0,98.25,0.982500,152722.0,159400.0,0.958105
1595,160424,160523,100.0,100.0,1.000000,152822.0,159500.0,0.958132
1596,160524,160623,100.0,95.0,0.950000,152917.0,159600.0,0.958127
1597,160624,160723,100.0,97.0,0.970000,153014.0,159700.0,0.958134
1598,160724,160823,100.0,94.0,0.940000,153108.0,159800.0,0.958123
1599,160824,160923,100.0,90.0,0.900000,153198.0,159900.0,0.958086
1600,160924,161023,100.0,100.0,1.000000,153298.0,160000.0,0.958113
1601,161024,161123,100.0,93.0,0.930000,153391.0,160100.0,0.958095
1602,161124,161223,100.0,99.0,0.990000,153490.0,160200.0,0.958115
1603,161224,161323,100.0,94.25,0.942500,153584.25,160300.0,0.958105
1604,161324,161423,100.0,96.75,0.967500,153681.0,160400.0,0.958111
1605,161424,161523,100.0,99.0,0.990000,153780.0,160500.0,0.958131
1606,161524,161623,100.0,89.0,0.890000,153869.0,160600.0,0.958088
1607,161624,161723,100.0,100.0,1.000000,153969.0,160700.0,0.958114
1608,161724,161823,100.0,91.0,0.910000,154060.0,160800.0,0.958085
1609,161824,161923,100.0,98.0,0.980000,154158.0,160900.0,0.958098
1610,161924,162023,100.0,98.5,0.985000,154256.5,161000.0,0.958115
1611,162024,162123,100.0,92.5,0.925000,154349.0,161100.0,0.958094
1612,162124,162223,100.0,100.0,1.000000,154449.0,161200.0,0.958120
1613,162224,162323,100.0,94.0,0.940000,154543.0,161300.0,0.958109
1614,162324,162423,100.0,93.0,0.930000,154636.0,161400.0,0.958092
1615,162424,162523,100.0,97.0,0.970000,154733.0,161500.0,0.958099
1616,162524,162623,100.0,87.0,0.870000,154820.0,161600.0,0.958045
1617,162624,162723,100.0,98.75,0.987500,154918.75,161700.0,0.958063
1618,162724,162823,100.0,93.25,0.932500,155012.0,161800.0,0.958047
1619,162824,162923,100.0,99.0,0.990000,155111.0,161900.0,0.958067
1620,162924,163023,100.0,91.0,0.910000,155202.0,162000.0,0.958037
1621,163024,163123,100.0,95.0,0.950000,155297.0,162100.0,0.958032
1622,163124,163223,100.0,91.5,0.915000,155388.5,162200.0,0.958006
1623,163224,163323,100.0,98.5,0.985000,155487.0,162300.0,0.958022
1624,163324,163423,100.0,88.0,0.880000,155575.0,162400.0,0.957974
1625,163424,163523,100.0,94.5,0.945000,155669.5,162500.0,0.957966
1626,163524,163623,100.0,98.5,0.985000,155768.0,162600.0,0.957983
1627,163624,163723,100.0,92.0,0.920000,155860.0,162700.0,0.957959
1628,163724,163823,100.0,96.0,0.960000,155956.0,162800.0,0.957961
1629,163824,163923,100.0,92.5,0.925000,156048.5,162900.0,0.957940
1630,163924,164023,100.0,88.5,0.885000,156137.0,163000.0,0.957896
1631,164024,164123,100.0,97.0,0.970000,156234.0,163100.0,0.957903
1632,164124,164223,100.0,92.0,0.920000,156326.0,163200.0,0.957880
1633,164224,164323,100.0,98.0,0.980000,156424.0,163300.0,0.957893
1634,164324,164423,100.0,99.0,0.990000,156523.0,163400.0,0.957913
1635,164424,164523,100.0,92.0,0.920000,156615.0,163500.0,0.957890
1636,164524,164623,100.0,98.0,0.980000,156713.0,163600.0,0.957903
1637,164624,164723,100.0,90.75,0.907500,156803.75,163700.0,0.957873
1638,164724,164823,100.0,96.25,0.962500,156900.0,163800.0,0.957875
1639,164824,164923,100.0,97.5,0.975000,156997.5,163900.0,0.957886
1640,164924,165023,100.0,87.5,0.875000,157085.0,164000.0,0.957835
1641,165024,165123,100.0,97.75,0.977500,157182.75,164100.0,0.957847
1642,165124,165223,100.0,90.25,0.902500,157273.0,164200.0,0.957814
1643,165224,165323,100.0,97.0,0.970000,157370.0,164300.0,0.957821
1644,165324,165423,100.0,95.0,0.950000,157465.0,164400.0,0.957816
1645,165424,165523,100.0,94.75,0.947500,157559.75,164500.0,0.957810
1646,165524,165623,100.0,94.25,0.942500,157654.0,164600.0,0.957801
1647,165624,165723,100.0,98.0,0.980000,157752.0,164700.0,0.957814
1648,165724,165823,100.0,91.0,0.910000,157843.0,164800.0,0.957785
1649,165824,165923,100.0,100.0,1.000000,157943.0,164900.0,0.957811
1650,165924,166023,100.0,99.5,0.995000,158042.5,165000.0,0.957833
1651,166024,166123,100.0,95.5,0.955000,158138.0,165100.0,0.957832
1652,166124,166223,100.0,100.0,1.000000,158238.0,165200.0,0.957857
1653,166224,166323,100.0,90.5,0.905000,158328.5,165300.0,0.957825
1654,166324,166423,100.0,98.5,0.985000,158427.0,165400.0,0.957842
1655,166424,166523,100.0,97.0,0.970000,158524.0,165500.0,0.957849
1656,166524,166623,100.0,93.0,0.930000,158617.0,165600.0,0.957832
1657,166624,166723,100.0,100.0,1.000000,158717.0,165700.0,0.957858
1658,166724,166823,100.0,92.5,0.925000,158809.5,165800.0,0.957838
1659,166824,166923,100.0,92.5,0.925000,158902.0,165900.0,0.957818
1660,166924,167023,100.0,100.0,1.000000,159002.0,166000.0,0.957843
1661,167024,167123,100.0,90.75,0.907500,159092.75,166100.0,0.957813
1662,167124,167223,100.0,99.25,0.992500,159192.0,166200.0,0.957834
1663,167224,167323,100.0,100.0,1.000000,159292.0,166300.0,0.957859
1664,167324,167423,100.0,93.0,0.930000,159385.0,166400.0,0.957843
1665,167424,167523,100.0,100.0,1.000000,159485.0,166500.0,0.957868
1666,167524,167623,100.0,98.5,0.985000,159583.5,166600.0,0.957884
1667,167624,167723,100.0,94.5,0.945000,159678.0,166700.0,0.957876
1668,167724,167823,100.0,100.0,1.000000,159778.0,166800.0,0.957902
1669,167824,167923,100.0,98.5,0.985000,159876.5,166900.0,0.957918
1670,167924,168023,100.0,89.5,0.895000,159966.0,167000.0,0.957880
1671,168024,168123,100.0,100.0,1.000000,160066.0,167100.0,0.957905
1672,168124,168223,100.0,98.0,0.980000,160164.0,167200.0,0.957919
1673,168224,168323,100.0,97.0,0.970000,160261.0,167300.0,0.957926
1674,168324,168423,100.0,100.0,1.000000,160361.0,167400.0,0.957951
1675,168424,168523,100.0,99.25,0.992500,160460.25,167500.0,0.957972
1676,168524,168623,100.0,98.75,0.987500,160559.0,167600.0,0.957989
1677,168624,168723,100.0,100.0,1.000000,160659.0,167700.0,0.958014
1678,168724,168823,100.0,96.5,0.965000,160755.5,167800.0,0.958018
1679,168824,168923,100.0,94.5,0.945000,160850.0,167900.0,0.958011
1680,168924,169023,100.0,100.0,1.000000,160950.0,168000.0,0.958036
1681,169024,169123,100.0,87.75,0.877500,161037.75,168100.0,0.957988
1682,169124,169223,100.0,99.25,0.992500,161137.0,168200.0,0.958008
1683,169224,169323,100.0,100.0,1.000000,161237.0,168300.0,0.958033
1684,169324,169423,100.0,95.0,0.950000,161332.0,168400.0,0.958029
1685,169424,169523,100.0,100.0,1.000000,161432.0,168500.0,0.958053
1686,169524,169623,100.0,100.0,1.000000,161532.0,168600.0,0.958078
1687,169624,169723,100.0,96.25,0.962500,161628.25,168700.0,0.958081
1688,169724,169823,100.0,97.75,0.977500,161726.0,168800.0,0.958092
1689,169824,169923,100.0,100.0,1.000000,161826.0,168900.0,0.958117
1690,169924,170023,100.0,97.0,0.970000,161923.0,169000.0,0.958124
1691,170024,170123,100.0,99.0,0.990000,162022.0,169100.0,0.958143
1692,170124,170223,100.0,98.0,0.980000,162120.0,169200.0,0.958156
1693,170224,170323,100.0,95.75,0.957500,162215.75,169300.0,0.958156
1694,170324,170423,100.0,99.25,0.992500,162315.0,169400.0,0.958176
1695,170424,170523,100.0,99.0,0.990000,162414.0,169500.0,0.958195
1696,170524,170623,100.0,91.0,0.910000,162505.0,169600.0,0.958166
1697,170624,170723,100.0,100.0,1.000000,162605.0,169700.0,0.958191
1698,170724,170823,100.0,98.0,0.980000,162703.0,169800.0,0.958204
1699,170824,170923,100.0,97.0,0.970000,162800.0,169900.0,0.958211
1700,170924,171023,100.0,96.0,0.960000,162896.0,170000.0,0.958212
1701,171024,171123,100.0,97.0,0.970000,162993.0,170100.0,0.958219
1702,171124,171223,100.0,97.0,0.970000,163090.0,170200.0,0.958226
1703,171224,171323,100.0,98.0,0.980000,163188.0,170300.0,0.958238
1704,171324,171423,100.0,100.0,1.000000,163288.0,170400.0,0.958263
1705,171424,171523,100.0,96.5,0.965000,163384.5,170500.0,0.958267
1706,171524,171623,100.0,98.5,0.985000,163483.0,170600.0,0.958283
1707,171624,171723,100.0,96.0,0.960000,163579.0,170700.0,0.958284
1708,171724,171823,100.0,94.0,0.940000,163673.0,170800.0,0.958273
1709,171824,171923,100.0,95.75,0.957500,163768.75,170900.0,0.958272
1710,171924,172023,100.0,91.25,0.912500,163860.0,171000.0,0.958246
1711,172024,172123,100.0,95.0,0.950000,163955.0,171100.0,0.958241
1712,172124,172223,100.0,99.0,0.990000,164054.0,171200.0,0.958259
1713,172224,172323,100.0,95.75,0.957500,164149.75,171300.0,0.958259
1714,172324,172423,100.0,97.25,0.972500,164247.0,171400.0,0.958267
1715,172424,172523,100.0,98.0,0.980000,164345.0,171500.0,0.958280
1716,172524,172623,100.0,95.0,0.950000,164440.0,171600.0,0.958275
1717,172624,172723,100.0,99.0,0.990000,164539.0,171700.0,0.958294
1718,172724,172823,100.0,98.5,0.985000,164637.5,171800.0,0.958309
1719,172824,172923,100.0,97.5,0.975000,164735.0,171900.0,0.958319
1720,172924,173023,100.0,100.0,1.000000,164835.0,172000.0,0.958343
1721,173024,173123,100.0,99.0,0.990000,164934.0,172100.0,0.958361
1722,173124,173223,100.0,99.0,0.990000,165033.0,172200.0,0.958380
1723,173224,173323,100.0,100.0,1.000000,165133.0,172300.0,0.958404
1724,173324,173423,100.0,98.0,0.980000,165231.0,172400.0,0.958416
1725,173424,173523,100.0,94.0,0.940000,165325.0,172500.0,0.958406
1726,173524,173623,100.0,99.5,0.995000,165424.5,172600.0,0.958427
1727,173624,173723,100.0,96.75,0.967500,165521.25,172700.0,0.958432
1728,173724,173823,100.0,95.75,0.957500,165617.0,172800.0,0.958432
1729,173824,173923,100.0,98.0,0.980000,165715.0,172900.0,0.958444
1730,173924,174023,100.0,96.5,0.965000,165811.5,173000.0,0.958448
1731,174024,174123,100.0,94.5,0.945000,165906.0,173100.0,0.958440
1732,174124,174223,100.0,98.0,0.980000,166004.0,173200.0,0.958453
1733,174224,174323,100.0,97.0,0.970000,166101.0,173300.0,0.958459
1734,174324,174423,100.0,95.0,0.950000,166196.0,173400.0,0.958454
1735,174424,174523,100.0,96.0,0.960000,166292.0,173500.0,0.958455
1736,174524,174623,100.0,95.0,0.950000,166387.0,173600.0,0.958450
1737,174624,174723,100.0,100.0,1.000000,166487.0,173700.0,0.958474
1738,174724,174823,100.0,95.0,0.950000,166582.0,173800.0,0.958470
1739,174824,174923,100.0,95.0,0.950000,166677.0,173900.0,0.958465
1740,174924,175023,100.0,100.0,1.000000,166777.0,174000.0,0.958489
1741,175024,175123,100.0,94.5,0.945000,166871.5,174100.0,0.958481
1742,175124,175223,100.0,95.5,0.955000,166967.0,174200.0,0.958479
1743,175224,175323,100.0,99.0,0.990000,167066.0,174300.0,0.958497
1744,175324,175423,100.0,89.0,0.890000,167155.0,174400.0,0.958458
1745,175424,175523,100.0,98.5,0.985000,167253.5,174500.0,0.958473
1746,175524,175623,100.0,98.5,0.985000,167352.0,174600.0,0.958488
1747,175624,175723,100.0,90.5,0.905000,167442.5,174700.0,0.958457
1748,175724,175823,100.0,98.5,0.985000,167541.0,174800.0,0.958473
1749,175824,175923,100.0,97.75,0.977500,167638.75,174900.0,0.958483
1750,175924,176023,100.0,94.25,0.942500,167733.0,175000.0,0.958474
1751,176024,176123,100.0,98.0,0.980000,167831.0,175100.0,0.958487
1752,176124,176223,100.0,93.0,0.930000,167924.0,175200.0,0.958470
1753,176224,176323,100.0,97.0,0.970000,168021.0,175300.0,0.958477
1754,176324,176423,100.0,99.0,0.990000,168120.0,175400.0,0.958495
1755,176424,176523,100.0,91.25,0.912500,168211.25,175500.0,0.958469
1756,176524,176623,100.0,95.75,0.957500,168307.0,175600.0,0.958468
1757,176624,176723,100.0,99.75,0.997500,168406.75,175700.0,0.958490
1758,176724,176823,100.0,95.25,0.952500,168502.0,175800.0,0.958487
1759,176824,176923,100.0,95.0,0.950000,168597.0,175900.0,0.958482
1760,176924,177023,100.0,97.0,0.970000,168694.0,176000.0,0.958489
1761,177024,177123,100.0,87.75,0.877500,168781.75,176100.0,0.958443
1762,177124,177223,100.0,98.25,0.982500,168880.0,176200.0,0.958456
1763,177224,177323,100.0,98.0,0.980000,168978.0,176300.0,0.958469
1764,177324,177423,100.0,91.0,0.910000,169069.0,176400.0,0.958441
1765,177424,177523,100.0,97.25,0.972500,169166.25,176500.0,0.958449
1766,177524,177623,100.0,90.25,0.902500,169256.5,176600.0,0.958417
1767,177624,177723,100.0,93.5,0.935000,169350.0,176700.0,0.958404
1768,177724,177823,100.0,97.0,0.970000,169447.0,176800.0,0.958411
1769,177824,177923,100.0,96.5,0.965000,169543.5,176900.0,0.958414
1770,177924,178023,100.0,97.5,0.975000,169641.0,177000.0,0.958424
1771,178024,178123,100.0,97.5,0.975000,169738.5,177100.0,0.958433
1772,178124,178223,100.0,94.5,0.945000,169833.0,177200.0,0.958426
1773,178224,178323,100.0,95.0,0.950000,169928.0,177300.0,0.958421
1774,178324,178423,100.0,94.5,0.945000,170022.5,177400.0,0.958413
1775,178424,178523,100.0,98.5,0.985000,170121.0,177500.0,0.958428
1776,178524,178623,100.0,96.0,0.960000,170217.0,177600.0,0.958429
1777,178624,178723,100.0,91.75,0.917500,170308.75,177700.0,0.958406
1778,178724,178823,100.0,96.25,0.962500,170405.0,177800.0,0.958408
1779,178824,178923,100.0,99.0,0.990000,170504.0,177900.0,0.958426
1780,178924,179023,100.0,93.0,0.930000,170597.0,178000.0,0.958410
1781,179024,179123,100.0,99.0,0.990000,170696.0,178100.0,0.958428
1782,179124,179223,100.0,98.0,0.980000,170794.0,178200.0,0.958440
1783,179224,179323,100.0,95.0,0.950000,170889.0,178300.0,0.958435
1784,179324,179423,100.0,98.0,0.980000,170987.0,178400.0,0.958447
1785,179424,179523,100.0,99.0,0.990000,171086.0,178500.0,0.958465
1786,179524,179623,100.0,91.5,0.915000,171177.5,178600.0,0.958441
1787,179624,179723,100.0,99.5,0.995000,171277.0,178700.0,0.958461
1788,179724,179823,100.0,96.0,0.960000,171373.0,178800.0,0.958462
1789,179824,179923,100.0,97.25,0.972500,171470.25,178900.0,0.958470
1790,179924,180023,100.0,97.75,0.977500,171568.0,179000.0,0.958480
1791,180024,180123,100.0,95.25,0.952500,171663.25,179100.0,0.958477
1792,180124,180223,100.0,95.75,0.957500,171759.0,179200.0,0.958477
1793,180224,180323,100.0,98.0,0.980000,171857.0,179300.0,0.958489
1794,180324,180423,100.0,99.0,0.990000,171956.0,179400.0,0.958506
1795,180424,180523,100.0,99.0,0.990000,172055.0,179500.0,0.958524
1796,180524,180623,100.0,92.0,0.920000,172147.0,179600.0,0.958502
1797,180624,180723,100.0,96.0,0.960000,172243.0,179700.0,0.958503
1798,180724,180823,100.0,100.0,1.000000,172343.0,179800.0,0.958526
1799,180824,180923,100.0,92.0,0.920000,172435.0,179900.0,0.958505
1800,180924,181023,100.0,96.0,0.960000,172531.0,180000.0,0.958506
1801,181024,181123,100.0,98.25,0.982500,172629.25,180100.0,0.958519
1802,181124,181223,100.0,93.75,0.937500,172723.0,180200.0,0.958507
1803,181224,181323,100.0,97.0,0.970000,172820.0,180300.0,0.958514
1804,181324,181423,100.0,95.0,0.950000,172915.0,180400.0,0.958509
1805,181424,181523,100.0,97.75,0.977500,173012.75,180500.0,0.958519
1806,181524,181623,100.0,96.25,0.962500,173109.0,180600.0,0.958522
1807,181624,181723,100.0,89.0,0.890000,173198.0,180700.0,0.958484
1808,181724,181823,100.0,89.0,0.890000,173287.0,180800.0,0.958446
1809,181824,181923,100.0,97.25,0.972500,173384.25,180900.0,0.958454
1810,181924,182023,100.0,95.75,0.957500,173480.0,181000.0,0.958453
1811,182024,182123,100.0,95.0,0.950000,173575.0,181100.0,0.958448
1812,182124,182223,100.0,99.0,0.990000,173674.0,181200.0,0.958466
1813,182224,182323,100.0,96.5,0.965000,173770.5,181300.0,0.958469
1814,182324,182423,100.0,98.5,0.985000,173869.0,181400.0,0.958484
1815,182424,182523,100.0,96.25,0.962500,173965.25,181500.0,0.958486
1816,182524,182623,100.0,97.75,0.977500,174063.0,181600.0,0.958497
1817,182624,182723,100.0,99.0,0.990000,174162.0,181700.0,0.958514
1818,182724,182823,100.0,99.0,0.990000,174261.0,181800.0,0.958531
1819,182824,182923,100.0,98.0,0.980000,174359.0,181900.0,0.958543
1820,182924,183023,100.0,98.0,0.980000,174457.0,182000.0,0.958555
1821,183024,183123,100.0,99.5,0.995000,174556.5,182100.0,0.958575
1822,183124,183223,100.0,98.5,0.985000,174655.0,182200.0,0.958589
1823,183224,183323,100.0,98.0,0.980000,174753.0,182300.0,0.958601
1824,183324,183423,100.0,99.0,0.990000,174852.0,182400.0,0.958618
1825,183424,183523,100.0,99.75,0.997500,174951.75,182500.0,0.958640
1826,183524,183623,100.0,98.25,0.982500,175050.0,182600.0,0.958653
1827,183624,183723,100.0,97.0,0.970000,175147.0,182700.0,0.958659
1828,183724,183823,100.0,100.0,1.000000,175247.0,182800.0,0.958682
1829,183824,183923,100.0,91.0,0.910000,175338.0,182900.0,0.958655
1830,183924,184023,100.0,100.0,1.000000,175438.0,183000.0,0.958678
1831,184024,184123,100.0,99.0,0.990000,175537.0,183100.0,0.958695
1832,184124,184223,100.0,96.0,0.960000,175633.0,183200.0,0.958695
1833,184224,184323,100.0,98.0,0.980000,175731.0,183300.0,0.958707
1834,184324,184423,100.0,99.0,0.990000,175830.0,183400.0,0.958724
1835,184424,184523,100.0,97.0,0.970000,175927.0,183500.0,0.958730
1836,184524,184623,100.0,95.0,0.950000,176022.0,183600.0,0.958725
1837,184624,184723,100.0,93.0,0.930000,176115.0,183700.0,0.958710
1838,184724,184823,100.0,90.5,0.905000,176205.5,183800.0,0.958681
1839,184824,184923,100.0,97.5,0.975000,176303.0,183900.0,0.958690
1840,184924,185023,100.0,97.0,0.970000,176400.0,184000.0,0.958696
1841,185024,185123,100.0,92.0,0.920000,176492.0,184100.0,0.958675
1842,185124,185223,100.0,97.0,0.970000,176589.0,184200.0,0.958681
1843,185224,185323,100.0,98.0,0.980000,176687.0,184300.0,0.958692
1844,185324,185423,100.0,89.0,0.890000,176776.0,184400.0,0.958655
1845,185424,185523,100.0,97.0,0.970000,176873.0,184500.0,0.958661
1846,185524,185623,100.0,100.0,1.000000,176973.0,184600.0,0.958684
1847,185624,185723,100.0,97.0,0.970000,177070.0,184700.0,0.958690
1848,185724,185823,100.0,99.0,0.990000,177169.0,184800.0,0.958707
1849,185824,185923,100.0,95.0,0.950000,177264.0,184900.0,0.958702
1850,185924,186023,100.0,99.5,0.995000,177363.5,185000.0,0.958722
1851,186024,186123,100.0,98.5,0.985000,177462.0,185100.0,0.958736
1852,186124,186223,100.0,95.0,0.950000,177557.0,185200.0,0.958731
1853,186224,186323,100.0,97.0,0.970000,177654.0,185300.0,0.958737
1854,186324,186423,100.0,100.0,1.000000,177754.0,185400.0,0.958759
1855,186424,186523,100.0,92.25,0.922500,177846.25,185500.0,0.958740
1856,186524,186623,100.0,89.75,0.897500,177936.0,185600.0,0.958707
1857,186624,186723,100.0,98.5,0.985000,178034.5,185700.0,0.958721
1858,186724,186823,100.0,86.0,0.860000,178120.5,185800.0,0.958668
1859,186824,186923,100.0,94.5,0.945000,178215.0,185900.0,0.958661
1860,186924,187023,100.0,96.0,0.960000,178311.0,186000.0,0.958661
1861,187024,187123,100.0,89.0,0.890000,178400.0,186100.0,0.958624
1862,187124,187223,100.0,99.0,0.990000,178499.0,186200.0,0.958641
1863,187224,187323,100.0,96.5,0.965000,178595.5,186300.0,0.958645
1864,187324,187423,100.0,92.5,0.925000,178688.0,186400.0,0.958627
1865,187424,187523,100.0,97.0,0.970000,178785.0,186500.0,0.958633
1866,187524,187623,100.0,93.0,0.930000,178878.0,186600.0,0.958617
1867,187624,187723,100.0,98.0,0.980000,178976.0,186700.0,0.958629
1868,187724,187823,100.0,99.0,0.990000,179075.0,186800.0,0.958646
1869,187824,187923,100.0,93.0,0.930000,179168.0,186900.0,0.958630
1870,187924,188023,100.0,100.0,1.000000,179268.0,187000.0,0.958652
1871,188024,188123,100.0,96.25,0.962500,179364.25,187100.0,0.958654
1872,188124,188223,100.0,98.75,0.987500,179463.0,187200.0,0.958670
1873,188224,188323,100.0,97.0,0.970000,179560.0,187300.0,0.958676
1874,188324,188423,100.0,96.0,0.960000,179656.0,187400.0,0.958677
1875,188424,188523,100.0,100.0,1.000000,179756.0,187500.0,0.958699
1876,188524,188623,100.0,95.0,0.950000,179851.0,187600.0,0.958694
1877,188624,188723,100.0,96.0,0.960000,179947.0,187700.0,0.958695
1878,188724,188823,100.0,100.0,1.000000,180047.0,187800.0,0.958717
1879,188824,188923,100.0,93.25,0.932500,180140.25,187900.0,0.958703
1880,188924,189023,100.0,89.75,0.897500,180230.0,188000.0,0.958670
1881,189024,189123,100.0,98.25,0.982500,180328.25,188100.0,0.958683
1882,189124,189223,100.0,87.75,0.877500,180416.0,188200.0,0.958640
1883,189224,189323,100.0,98.0,0.980000,180514.0,188300.0,0.958651
1884,189324,189423,100.0,94.0,0.940000,180608.0,188400.0,0.958641
1885,189424,189523,100.0,98.0,0.980000,180706.0,188500.0,0.958653
1886,189524,189623,100.0,98.0,0.980000,180804.0,188600.0,0.958664
1887,189624,189723,100.0,91.25,0.912500,180895.25,188700.0,0.958639
1888,189724,189823,100.0,97.75,0.977500,180993.0,188800.0,0.958649
1889,189824,189923,100.0,95.0,0.950000,181088.0,188900.0,0.958645
1890,189924,190023,100.0,82.0,0.820000,181170.0,189000.0,0.958571
1891,190024,190123,100.0,99.25,0.992500,181269.25,189100.0,0.958589
1892,190124,190223,100.0,91.75,0.917500,181361.0,189200.0,0.958568
1893,190224,190323,100.0,97.0,0.970000,181458.0,189300.0,0.958574
1894,190324,190423,100.0,95.0,0.950000,181553.0,189400.0,0.958569
1895,190424,190523,100.0,95.25,0.952500,181648.25,189500.0,0.958566
1896,190524,190623,100.0,99.75,0.997500,181748.0,189600.0,0.958586
1897,190624,190723,100.0,93.0,0.930000,181841.0,189700.0,0.958571
1898,190724,190823,100.0,94.0,0.940000,181935.0,189800.0,0.958562
1899,190824,190923,100.0,92.75,0.927500,182027.75,189900.0,0.958545
1900,190924,191023,100.0,94.25,0.942500,182122.0,190000.0,0.958537
1901,191024,191123,100.0,96.0,0.960000,182218.0,190100.0,0.958538
1902,191124,191223,100.0,97.5,0.975000,182315.5,190200.0,0.958546
1903,191224,191323,100.0,93.5,0.935000,182409.0,190300.0,0.958534
1904,191324,191423,100.0,96.0,0.960000,182505.0,190400.0,0.958535
1905,191424,191523,100.0,96.25,0.962500,182601.25,190500.0,0.958537
1906,191524,191623,100.0,94.75,0.947500,182696.0,190600.0,0.958531
1907,191624,191723,100.0,99.25,0.992500,182795.25,190700.0,0.958549
1908,191724,191823,100.0,94.75,0.947500,182890.0,190800.0,0.958543
1909,191824,191923,100.0,98.75,0.987500,182988.75,190900.0,0.958558
1910,191924,192023,100.0,94.25,0.942500,183083.0,191000.0,0.958550
1911,192024,192123,100.0,94.25,0.942500,183177.25,191100.0,0.958541
1912,192124,192223,100.0,95.75,0.957500,183273.0,191200.0,0.958541
1913,192224,192323,100.0,94.5,0.945000,183367.5,191300.0,0.958534
1914,192324,192423,100.0,97.5,0.975000,183465.0,191400.0,0.958542
1915,192424,192523,100.0,94.0,0.940000,183559.0,191500.0,0.958533
1916,192524,192623,100.0,99.0,0.990000,183658.0,191600.0,0.958549
1917,192624,192723,100.0,99.0,0.990000,183757.0,191700.0,0.958565
1918,192724,192823,100.0,98.0,0.980000,183855.0,191800.0,0.958577
1919,192824,192923,100.0,99.0,0.990000,183954.0,191900.0,0.958593
1920,192924,193023,100.0,99.0,0.990000,184053.0,192000.0,0.958609
1921,193024,193123,100.0,94.0,0.940000,184147.0,192100.0,0.958600
1922,193124,193223,100.0,99.0,0.990000,184246.0,192200.0,0.958616
1923,193224,193323,100.0,100.0,1.000000,184346.0,192300.0,0.958638
1924,193324,193423,100.0,98.0,0.980000,184444.0,192400.0,0.958649
1925,193424,193523,100.0,99.0,0.990000,184543.0,192500.0,0.958665
1926,193524,193623,100.0,98.0,0.980000,184641.0,192600.0,0.958676
1927,193624,193723,100.0,99.0,0.990000,184740.0,192700.0,0.958692
1928,193724,193823,100.0,99.0,0.990000,184839.0,192800.0,0.958709
1929,193824,193923,100.0,100.0,1.000000,184939.0,192900.0,0.958730
1930,193924,194023,100.0,97.5,0.975000,185036.5,193000.0,0.958738
1931,194024,194123,100.0,99.5,0.995000,185136.0,193100.0,0.958757
1932,194124,194223,100.0,99.0,0.990000,185235.0,193200.0,0.958773
1933,194224,194323,100.0,95.75,0.957500,185330.75,193300.0,0.958773
1934,194324,194423,100.0,99.25,0.992500,185430.0,193400.0,0.958790
1935,194424,194523,100.0,95.0,0.950000,185525.0,193500.0,0.958786
1936,194524,194623,100.0,94.0,0.940000,185619.0,193600.0,0.958776
1937,194624,194723,100.0,99.0,0.990000,185718.0,193700.0,0.958792
1938,194724,194823,100.0,98.0,0.980000,185816.0,193800.0,0.958803
1939,194824,194923,100.0,97.25,0.972500,185913.25,193900.0,0.958810
1940,194924,195023,100.0,99.75,0.997500,186013.0,194000.0,0.958830
1941,195024,195123,100.0,97.0,0.970000,186110.0,194100.0,0.958836
1942,195124,195223,100.0,97.5,0.975000,186207.5,194200.0,0.958844
1943,195224,195323,100.0,98.5,0.985000,186306.0,194300.0,0.958857
1944,195324,195423,100.0,99.0,0.990000,186405.0,194400.0,0.958873
1945,195424,195523,100.0,96.75,0.967500,186501.75,194500.0,0.958878
1946,195524,195623,100.0,96.25,0.962500,186598.0,194600.0,0.958880
1947,195624,195723,100.0,99.0,0.990000,186697.0,194700.0,0.958896
1948,195724,195823,100.0,95.0,0.950000,186792.0,194800.0,0.958891
1949,195824,195923,100.0,97.0,0.970000,186889.0,194900.0,0.958897
1950,195924,196023,100.0,98.0,0.980000,186987.0,195000.0,0.958908
1951,196024,196123,100.0,96.5,0.965000,187083.5,195100.0,0.958911
1952,196124,196223,100.0,95.5,0.955000,187179.0,195200.0,0.958909
1953,196224,196323,100.0,96.0,0.960000,187275.0,195300.0,0.958909
1954,196324,196423,100.0,98.0,0.980000,187373.0,195400.0,0.958920
1955,196424,196523,100.0,100.0,1.000000,187473.0,195500.0,0.958941
1956,196524,196623,100.0,97.0,0.970000,187570.0,195600.0,0.958947
1957,196624,196723,100.0,99.0,0.990000,187669.0,195700.0,0.958963
1958,196724,196823,100.0,94.0,0.940000,187763.0,195800.0,0.958953
1959,196824,196923,100.0,97.0,0.970000,187860.0,195900.0,0.958959
1960,196924,197023,100.0,98.0,0.980000,187958.0,196000.0,0.958969
1961,197024,197123,100.0,97.0,0.970000,188055.0,196100.0,0.958975
1962,197124,197223,100.0,98.0,0.980000,188153.0,196200.0,0.958986
1963,197224,197323,100.0,98.0,0.980000,188251.0,196300.0,0.958996
1964,197324,197423,100.0,98.0,0.980000,188349.0,196400.0,0.959007
1965,197424,197523,100.0,97.0,0.970000,188446.0,196500.0,0.959013
1966,197524,197623,100.0,98.5,0.985000,188544.5,196600.0,0.959026
1967,197624,197723,100.0,97.75,0.977500,188642.25,196700.0,0.959035
1968,197724,197823,100.0,97.75,0.977500,188740.0,196800.0,0.959045
1969,197824,197923,100.0,100.0,1.000000,188840.0,196900.0,0.959066
1970,197924,198023,100.0,99.0,0.990000,188939.0,197000.0,0.959081
1971,198024,198123,100.0,98.0,0.980000,189037.0,197100.0,0.959092
1972,198124,198223,100.0,99.0,0.990000,189136.0,197200.0,0.959108
1973,198224,198323,100.0,99.0,0.990000,189235.0,197300.0,0.959123
1974,198324,198423,100.0,98.0,0.980000,189333.0,197400.0,0.959134
1975,198424,198523,100.0,98.0,0.980000,189431.0,197500.0,0.959144
1976,198524,198623,100.0,98.0,0.980000,189529.0,197600.0,0.959155
1977,198624,198723,100.0,94.0,0.940000,189623.0,197700.0,0.959145
1978,198724,198823,100.0,98.0,0.980000,189721.0,197800.0,0.959156
1979,198824,198923,100.0,98.0,0.980000,189819.0,197900.0,0.959166
1980,198924,199023,100.0,98.0,0.980000,189917.0,198000.0,0.959177
1981,199024,199123,100.0,99.0,0.990000,190016.0,198100.0,0.959192
1982,199124,199223,100.0,100.0,1.000000,190116.0,198200.0,0.959213
1983,199224,199323,100.0,98.0,0.980000,190214.0,198300.0,0.959223
1984,199324,199423,100.0,99.0,0.990000,190313.0,198400.0,0.959239
1985,199424,199523,100.0,100.0,1.000000,190413.0,198500.0,0.959259
1986,199524,199623,100.0,98.0,0.980000,190511.0,198600.0,0.959270
1987,199624,199723,100.0,100.0,1.000000,190611.0,198700.0,0.959290
1988,199724,199823,100.0,100.0,1.000000,190711.0,198800.0,0.959311
1989,199824,199923,100.0,97.0,0.970000,190808.0,198900.0,0.959316
1990,199924,200023,100.0,97.0,0.970000,190905.0,199000.0,0.959322
1991,200024,200123,100.0,97.25,0.972500,191002.25,199100.0,0.959328
1992,200124,200223,100.0,97.75,0.977500,191100.0,199200.0,0.959337
1993,200224,200323,100.0,97.0,0.970000,191197.0,199300.0,0.959343
1994,200324,200423,100.0,97.0,0.970000,191294.0,199400.0,0.959348
1995,200424,200523,100.0,100.0,1.000000,191394.0,199500.0,0.959368
1996,200524,200623,100.0,98.0,0.980000,191492.0,199600.0,0.959379
1997,200624,200723,100.0,97.0,0.970000,191589.0,199700.0,0.959384
1998,200724,200823,100.0,99.0,0.990000,191688.0,199800.0,0.959399
1999,200824,200923,100.0,98.0,0.980000,191786.0,199900.0,0.959410
2000,200924,201023,100.0,85.0,0.850000,191871.0,200000.0,0.959355
2001,201024,201123,100.0,96.75,0.967500,191967.75,200100.0,0.959359
2002,201124,201223,100.0,98.25,0.982500,192066.0,200200.0,0.959371
2003,201224,201323,100.0,94.5,0.945000,192160.5,200300.0,0.959363
2004,201324,201423,100.0,99.5,0.995000,192260.0,200400.0,0.959381
2005,201424,201523,100.0,99.5,0.995000,192359.5,200500.0,0.959399
2006,201524,201623,100.0,96.5,0.965000,192456.0,200600.0,0.959402
2007,201624,201723,100.0,100.0,1.000000,192556.0,200700.0,0.959422
2008,201724,201823,100.0,98.0,0.980000,192654.0,200800.0,0.959432
2009,201824,201923,100.0,95.0,0.950000,192749.0,200900.0,0.959428
2010,201924,202023,100.0,100.0,1.000000,192849.0,201000.0,0.959448
2011,202024,202123,100.0,97.0,0.970000,192946.0,201100.0,0.959453
2012,202124,202223,100.0,99.0,0.990000,193045.0,201200.0,0.959468
2013,202224,202323,100.0,98.0,0.980000,193143.0,201300.0,0.959478
2014,202324,202423,100.0,96.0,0.960000,193239.0,201400.0,0.959479
2015,202424,202523,100.0,95.0,0.950000,193334.0,201500.0,0.959474
2016,202524,202623,100.0,99.0,0.990000,193433.0,201600.0,0.959489
2017,202624,202723,100.0,91.0,0.910000,193524.0,201700.0,0.959465
2018,202724,202823,100.0,99.0,0.990000,193623.0,201800.0,0.959480
2019,202824,202923,100.0,97.25,0.972500,193720.25,201900.0,0.959486
2020,202924,203023,100.0,90.75,0.907500,193811.0,202000.0,0.959460
2021,203024,203123,100.0,98.0,0.980000,193909.0,202100.0,0.959471
2022,203124,203223,100.0,96.0,0.960000,194005.0,202200.0,0.959471
2023,203224,203323,100.0,98.0,0.980000,194103.0,202300.0,0.959481
2024,203324,203423,100.0,96.0,0.960000,194199.0,202400.0,0.959481
2025,203424,203523,100.0,95.0,0.950000,194294.0,202500.0,0.959477
2026,203524,203623,100.0,99.0,0.990000,194393.0,202600.0,0.959492
2027,203624,203723,100.0,98.0,0.980000,194491.0,202700.0,0.959502
2028,203724,203823,100.0,99.0,0.990000,194590.0,202800.0,0.959517
2029,203824,203923,100.0,97.0,0.970000,194687.0,202900.0,0.959522
2030,203924,204023,100.0,98.0,0.980000,194785.0,203000.0,0.959532
2031,204024,204123,100.0,99.0,0.990000,194884.0,203100.0,0.959547
2032,204124,204223,100.0,95.0,0.950000,194979.0,203200.0,0.959542
2033,204224,204323,100.0,99.0,0.990000,195078.0,203300.0,0.959557
2034,204324,204423,100.0,99.0,0.990000,195177.0,203400.0,0.959572
2035,204424,204523,100.0,96.0,0.960000,195273.0,203500.0,0.959572
2036,204524,204623,100.0,97.0,0.970000,195370.0,203600.0,0.959578
2037,204624,204723,100.0,96.5,0.965000,195466.5,203700.0,0.959580
2038,204724,204823,100.0,96.5,0.965000,195563.0,203800.0,0.959583
2039,204824,204923,100.0,97.25,0.972500,195660.25,203900.0,0.959589
2040,204924,205023,100.0,98.75,0.987500,195759.0,204000.0,0.959603
2041,205024,205123,100.0,99.0,0.990000,195858.0,204100.0,0.959618
2042,205124,205223,100.0,97.5,0.975000,195955.5,204200.0,0.959625
2043,205224,205323,100.0,97.5,0.975000,196053.0,204300.0,0.959633
2044,205324,205423,100.0,98.0,0.980000,196151.0,204400.0,0.959643
2045,205424,205523,100.0,94.25,0.942500,196245.25,204500.0,0.959634
2046,205524,205623,100.0,96.75,0.967500,196342.0,204600.0,0.959638
2047,205624,205723,100.0,96.25,0.962500,196438.25,204700.0,0.959640
2048,205724,205823,100.0,97.75,0.977500,196536.0,204800.0,0.959648
2049,205824,205923,100.0,100.0,1.000000,196636.0,204900.0,0.959668
2050,205924,206023,100.0,90.0,0.900000,196726.0,205000.0,0.959639
2051,206024,206123,100.0,96.0,0.960000,196822.0,205100.0,0.959639
2052,206124,206223,100.0,100.0,1.000000,196922.0,205200.0,0.959659
2053,206224,206323,100.0,95.75,0.957500,197017.75,205300.0,0.959658
2054,206324,206423,100.0,95.75,0.957500,197113.5,205400.0,0.959657
2055,206424,206523,100.0,97.75,0.977500,197211.25,205500.0,0.959665
2056,206524,206623,100.0,98.75,0.987500,197310.0,205600.0,0.959679
2057,206624,206723,100.0,99.0,0.990000,197409.0,205700.0,0.959694
2058,206724,206823,100.0,99.0,0.990000,197508.0,205800.0,0.959708
2059,206824,206923,100.0,100.0,1.000000,197608.0,205900.0,0.959728
2060,206924,207023,100.0,99.0,0.990000,197707.0,206000.0,0.959743
2061,207024,207123,100.0,98.0,0.980000,197805.0,206100.0,0.959753
2062,207124,207223,100.0,100.0,1.000000,197905.0,206200.0,0.959772
2063,207224,207323,100.0,100.0,1.000000,198005.0,206300.0,0.959792
2064,207324,207423,100.0,97.0,0.970000,198102.0,206400.0,0.959797
2065,207424,207523,100.0,99.75,0.997500,198201.75,206500.0,0.959815
2066,207524,207623,100.0,96.25,0.962500,198298.0,206600.0,0.959816
2067,207624,207723,100.0,99.0,0.990000,198397.0,206700.0,0.959831
2068,207724,207823,100.0,100.0,1.000000,198497.0,206800.0,0.959850
2069,207824,207923,100.0,97.25,0.972500,198594.25,206900.0,0.959856
2070,207924,208023,100.0,97.75,0.977500,198692.0,207000.0,0.959865
2071,208024,208123,100.0,98.0,0.980000,198790.0,207100.0,0.959874
2072,208124,208223,100.0,97.0,0.970000,198887.0,207200.0,0.959879
2073,208224,208323,100.0,99.0,0.990000,198986.0,207300.0,0.959894
2074,208324,208423,100.0,96.0,0.960000,199082.0,207400.0,0.959894
2075,208424,208523,100.0,89.0,0.890000,199171.0,207500.0,0.959860
2076,208524,208623,100.0,100.0,1.000000,199271.0,207600.0,0.959880
2077,208624,208723,100.0,99.0,0.990000,199370.0,207700.0,0.959894
2078,208724,208823,100.0,75.0,0.750000,199445.0,207800.0,0.959793
2079,208824,208923,100.0,100.0,1.000000,199545.0,207900.0,0.959812
2080,208924,209023,100.0,99.0,0.990000,199644.0,208000.0,0.959827
2081,209024,209123,100.0,90.0,0.900000,199734.0,208100.0,0.959798
2082,209124,209223,100.0,97.0,0.970000,199831.0,208200.0,0.959803
2083,209224,209323,100.0,97.0,0.970000,199928.0,208300.0,0.959808
2084,209324,209423,100.0,91.0,0.910000,200019.0,208400.0,0.959784
2085,209424,209523,100.0,99.0,0.990000,200118.0,208500.0,0.959799
2086,209524,209623,100.0,98.0,0.980000,200216.0,208600.0,0.959808
2087,209624,209723,100.0,90.0,0.900000,200306.0,208700.0,0.959780
2088,209724,209823,100.0,99.0,0.990000,200405.0,208800.0,0.959794
2089,209824,209923,100.0,95.0,0.950000,200500.0,208900.0,0.959789
2090,209924,210023,100.0,90.0,0.900000,200590.0,209000.0,0.959761
2091,210024,210123,100.0,97.0,0.970000,200687.0,209100.0,0.959766
2092,210124,210223,100.0,97.0,0.970000,200784.0,209200.0,0.959771
2093,210224,210323,100.0,95.0,0.950000,200879.0,209300.0,0.959766
2094,210324,210423,100.0,99.0,0.990000,200978.0,209400.0,0.959780
2095,210424,210523,100.0,89.5,0.895000,201067.5,209500.0,0.959749
2096,210524,210623,100.0,96.5,0.965000,201164.0,209600.0,0.959752
2097,210624,210723,100.0,90.0,0.900000,201254.0,209700.0,0.959723
2098,210724,210823,100.0,96.0,0.960000,201350.0,209800.0,0.959724
2099,210824,210923,100.0,100.0,1.000000,201450.0,209900.0,0.959743
2100,210924,211023,100.0,95.0,0.950000,201545.0,210000.0,0.959738
2101,211024,211123,100.0,96.0,0.960000,201641.0,210100.0,0.959738
2102,211124,211223,100.0,100.0,1.000000,201741.0,210200.0,0.959757
2103,211224,211323,100.0,91.0,0.910000,201832.0,210300.0,0.959734
2104,211324,211423,100.0,94.0,0.940000,201926.0,210400.0,0.959724
2105,211424,211523,100.0,100.0,1.000000,202026.0,210500.0,0.959743
2106,211524,211623,100.0,95.0,0.950000,202121.0,210600.0,0.959739
2107,211624,211723,100.0,99.0,0.990000,202220.0,210700.0,0.959753
2108,211724,211823,100.0,99.0,0.990000,202319.0,210800.0,0.959768
2109,211824,211923,100.0,96.0,0.960000,202415.0,210900.0,0.959768
2110,211924,212023,100.0,95.0,0.950000,202510.0,211000.0,0.959763
2111,212024,212123,100.0,100.0,1.000000,202610.0,211100.0,0.959782
2112,212124,212223,100.0,90.0,0.900000,202700.0,211200.0,0.959754
2113,212224,212323,100.0,97.0,0.970000,202797.0,211300.0,0.959759
2114,212324,212423,100.0,100.0,1.000000,202897.0,211400.0,0.959778
2115,212424,212523,100.0,89.5,0.895000,202986.5,211500.0,0.959747
2116,212524,212623,100.0,95.5,0.955000,203082.0,211600.0,0.959745
2117,212624,212723,100.0,100.0,1.000000,203182.0,211700.0,0.959764
2118,212724,212823,100.0,91.0,0.910000,203273.0,211800.0,0.959740
2119,212824,212923,100.0,98.0,0.980000,203371.0,211900.0,0.959750
2120,212924,213023,100.0,100.0,1.000000,203471.0,212000.0,0.959769
2121,213024,213123,100.0,97.75,0.977500,203568.75,212100.0,0.959777
2122,213124,213223,100.0,97.25,0.972500,203666.0,212200.0,0.959783
2123,213224,213323,100.0,100.0,1.000000,203766.0,212300.0,0.959802
2124,213324,213423,100.0,89.0,0.890000,203855.0,212400.0,0.959769
2125,213424,213523,100.0,97.0,0.970000,203952.0,212500.0,0.959774
2126,213524,213623,100.0,100.0,1.000000,204052.0,212600.0,0.959793
2127,213624,213723,100.0,93.5,0.935000,204145.5,212700.0,0.959781
2128,213724,213823,100.0,95.5,0.955000,204241.0,212800.0,0.959779
2129,213824,213923,100.0,100.0,1.000000,204341.0,212900.0,0.959798
2130,213924,214023,100.0,98.5,0.985000,204439.5,213000.0,0.959810
2131,214024,214123,100.0,93.75,0.937500,204533.25,213100.0,0.959799
2132,214124,214223,100.0,97.75,0.977500,204631.0,213200.0,0.959808
2133,214224,214323,100.0,97.75,0.977500,204728.75,213300.0,0.959816
2134,214324,214423,100.0,97.25,0.972500,204826.0,213400.0,0.959822
2135,214424,214523,100.0,98.0,0.980000,204924.0,213500.0,0.959831
2136,214524,214623,100.0,99.0,0.990000,205023.0,213600.0,0.959846
2137,214624,214723,100.0,98.75,0.987500,205121.75,213700.0,0.959858
2138,214724,214823,100.0,98.25,0.982500,205220.0,213800.0,0.959869
2139,214824,214923,100.0,100.0,1.000000,205320.0,213900.0,0.959888
2140,214924,215023,100.0,93.0,0.930000,205413.0,214000.0,0.959874
2141,215024,215123,100.0,99.0,0.990000,205512.0,214100.0,0.959888
2142,215124,215223,100.0,100.0,1.000000,205612.0,214200.0,0.959907
2143,215224,215323,100.0,95.0,0.950000,205707.0,214300.0,0.959902
2144,215324,215423,100.0,98.0,0.980000,205805.0,214400.0,0.959911
2145,215424,215523,100.0,100.0,1.000000,205905.0,214500.0,0.959930
2146,215524,215623,100.0,98.0,0.980000,206003.0,214600.0,0.959939
2147,215624,215723,100.0,98.0,0.980000,206101.0,214700.0,0.959949
2148,215724,215823,100.0,99.0,0.990000,206200.0,214800.0,0.959963
2149,215824,215923,100.0,98.0,0.980000,206298.0,214900.0,0.959972
2150,215924,216023,100.0,100.0,1.000000,206398.0,215000.0,0.959991
2151,216024,216123,100.0,94.75,0.947500,206492.75,215100.0,0.959985
2152,216124,216223,100.0,93.25,0.932500,206586.0,215200.0,0.959972
2153,216224,216323,100.0,96.0,0.960000,206682.0,215300.0,0.959972
2154,216324,216423,100.0,92.0,0.920000,206774.0,215400.0,0.959954
2155,216424,216523,100.0,87.0,0.870000,206861.0,215500.0,0.959912
2156,216524,216623,100.0,99.0,0.990000,206960.0,215600.0,0.959926
2157,216624,216723,100.0,91.25,0.912500,207051.25,215700.0,0.959904
2158,216724,216823,100.0,95.25,0.952500,207146.5,215800.0,0.959900
2159,216824,216923,100.0,97.5,0.975000,207244.0,215900.0,0.959907
2160,216924,217023,100.0,94.0,0.940000,207338.0,216000.0,0.959898
2161,217024,217123,100.0,99.0,0.990000,207437.0,216100.0,0.959912
2162,217124,217223,100.0,99.0,0.990000,207536.0,216200.0,0.959926
2163,217224,217323,100.0,88.0,0.880000,207624.0,216300.0,0.959889
2164,217324,217423,100.0,97.0,0.970000,207721.0,216400.0,0.959894
2165,217424,217523,100.0,98.0,0.980000,207819.0,216500.0,0.959903
2166,217524,217623,100.0,91.0,0.910000,207910.0,216600.0,0.959880
2167,217624,217723,100.0,93.5,0.935000,208003.5,216700.0,0.959868
2168,217724,217823,100.0,98.5,0.985000,208102.0,216800.0,0.959880
2169,217824,217923,100.0,93.25,0.932500,208195.25,216900.0,0.959867
2170,217924,218023,100.0,97.75,0.977500,208293.0,217000.0,0.959876
2171,218024,218123,100.0,99.25,0.992500,208392.25,217100.0,0.959891
2172,218124,218223,100.0,89.75,0.897500,208482.0,217200.0,0.959862
2173,218224,218323,100.0,100.0,1.000000,208582.0,217300.0,0.959880
2174,218324,218423,100.0,89.5,0.895000,208671.5,217400.0,0.959851
2175,218424,218523,100.0,98.5,0.985000,208770.0,217500.0,0.959862
2176,218524,218623,100.0,88.0,0.880000,208858.0,217600.0,0.959825
2177,218624,218723,100.0,88.0,0.880000,208946.0,217700.0,0.959789
2178,218724,218823,100.0,99.0,0.990000,209045.0,217800.0,0.959803
2179,218824,218923,100.0,96.5,0.965000,209141.5,217900.0,0.959805
2180,218924,219023,100.0,97.5,0.975000,209239.0,218000.0,0.959812
2181,219024,219123,100.0,97.0,0.970000,209336.0,218100.0,0.959817
2182,219124,219223,100.0,98.0,0.980000,209434.0,218200.0,0.959826
2183,219224,219323,100.0,100.0,1.000000,209534.0,218300.0,0.959844
2184,219324,219423,100.0,97.0,0.970000,209631.0,218400.0,0.959849
2185,219424,219523,100.0,94.0,0.940000,209725.0,218500.0,0.959840
2186,219524,219623,100.0,98.0,0.980000,209823.0,218600.0,0.959849
2187,219624,219723,100.0,97.0,0.970000,209920.0,218700.0,0.959854
2188,219724,219823,100.0,99.0,0.990000,210019.0,218800.0,0.959867
2189,219824,219923,100.0,98.0,0.980000,210117.0,218900.0,0.959877
2190,219924,220023,100.0,96.5,0.965000,210213.5,219000.0,0.959879
2191,220024,220123,100.0,98.5,0.985000,210312.0,219100.0,0.959890
2192,220124,220223,100.0,99.0,0.990000,210411.0,219200.0,0.959904
2193,220224,220323,100.0,94.0,0.940000,210505.0,219300.0,0.959895
2194,220324,220423,100.0,98.5,0.985000,210603.5,219400.0,0.959907
2195,220424,220523,100.0,98.5,0.985000,210702.0,219500.0,0.959918
2196,220524,220623,100.0,99.0,0.990000,210801.0,219600.0,0.959932
2197,220624,220723,100.0,96.0,0.960000,210897.0,219700.0,0.959932
2198,220724,220823,100.0,96.0,0.960000,210993.0,219800.0,0.959932
2199,220824,220923,100.0,100.0,1.000000,211093.0,219900.0,0.959950
2200,220924,221023,100.0,98.0,0.980000,211191.0,220000.0,0.959959
2201,221024,221123,100.0,98.0,0.980000,211289.0,220100.0,0.959968
2202,221124,221223,100.0,98.0,0.980000,211387.0,220200.0,0.959977
2203,221224,221323,100.0,100.0,1.000000,211487.0,220300.0,0.959995
2204,221324,221423,100.0,97.0,0.970000,211584.0,220400.0,0.960000
2205,221424,221523,100.0,94.0,0.940000,211678.0,220500.0,0.959991
2206,221524,221623,100.0,98.0,0.980000,211776.0,220600.0,0.960000
2207,221624,221723,100.0,96.75,0.967500,211872.75,220700.0,0.960003
2208,221724,221823,100.0,95.25,0.952500,211968.0,220800.0,0.960000
2209,221824,221923,100.0,93.25,0.932500,212061.25,220900.0,0.959988
2210,221924,222023,100.0,96.75,0.967500,212158.0,221000.0,0.959991
2211,222024,222123,100.0,96.25,0.962500,212254.25,221100.0,0.959992
2212,222124,222223,100.0,93.75,0.937500,212348.0,221200.0,0.959982
2213,222224,222323,100.0,91.5,0.915000,212439.5,221300.0,0.959962
2214,222324,222423,100.0,98.5,0.985000,212538.0,221400.0,0.959973
2215,222424,222523,100.0,98.5,0.985000,212636.5,221500.0,0.959984
2216,222524,222623,100.0,95.5,0.955000,212732.0,221600.0,0.959982
2217,222624,222723,100.0,91.0,0.910000,212823.0,221700.0,0.959959
2218,222724,222823,100.0,89.0,0.890000,212912.0,221800.0,0.959928
2219,222824,222923,100.0,92.25,0.922500,213004.25,221900.0,0.959911
2220,222924,223023,100.0,95.75,0.957500,213100.0,222000.0,0.959910
2221,223024,223123,100.0,95.5,0.955000,213195.5,222100.0,0.959908
2222,223124,223223,100.0,97.5,0.975000,213293.0,222200.0,0.959914
2223,223224,223323,100.0,100.0,1.000000,213393.0,222300.0,0.959933
2224,223324,223423,100.0,89.0,0.890000,213482.0,222400.0,0.959901
2225,223424,223523,100.0,100.0,1.000000,213582.0,222500.0,0.959919
2226,223524,223623,100.0,96.0,0.960000,213678.0,222600.0,0.959919
2227,223624,223723,100.0,99.0,0.990000,213777.0,222700.0,0.959933
2228,223724,223823,100.0,97.0,0.970000,213874.0,222800.0,0.959937
2229,223824,223923,100.0,99.0,0.990000,213973.0,222900.0,0.959951
2230,223924,224023,100.0,98.5,0.985000,214071.5,223000.0,0.959962
2231,224024,224123,100.0,97.5,0.975000,214169.0,223100.0,0.959969
2232,224124,224223,100.0,100.0,1.000000,214269.0,223200.0,0.959987
2233,224224,224323,100.0,88.75,0.887500,214357.75,223300.0,0.959954
2234,224324,224423,100.0,98.25,0.982500,214456.0,223400.0,0.959964
2235,224424,224523,100.0,93.25,0.932500,214549.25,223500.0,0.959952
2236,224524,224623,100.0,98.75,0.987500,214648.0,223600.0,0.959964
2237,224624,224723,100.0,97.75,0.977500,214745.75,223700.0,0.959972
2238,224724,224823,100.0,96.25,0.962500,214842.0,223800.0,0.959973
2239,224824,224923,100.0,99.0,0.990000,214941.0,223900.0,0.959987
2240,224924,225023,100.0,97.0,0.970000,215038.0,224000.0,0.959991
2241,225024,225123,100.0,99.0,0.990000,215137.0,224100.0,0.960004
2242,225124,225223,100.0,99.0,0.990000,215236.0,224200.0,0.960018
2243,225224,225323,100.0,99.0,0.990000,215335.0,224300.0,0.960031
2244,225324,225423,100.0,97.0,0.970000,215432.0,224400.0,0.960036
2245,225424,225523,100.0,97.0,0.970000,215529.0,224500.0,0.960040
2246,225524,225623,100.0,100.0,1.000000,215629.0,224600.0,0.960058
2247,225624,225723,100.0,98.0,0.980000,215727.0,224700.0,0.960067
2248,225724,225823,100.0,99.0,0.990000,215826.0,224800.0,0.960080
2249,225824,225923,100.0,98.75,0.987500,215924.75,224900.0,0.960092
2250,225924,226023,100.0,99.25,0.992500,216024.0,225000.0,0.960107
2251,226024,226123,100.0,100.0,1.000000,216124.0,225100.0,0.960124
2252,226124,226223,100.0,94.0,0.940000,216218.0,225200.0,0.960115
2253,226224,226323,100.0,98.5,0.985000,216316.5,225300.0,0.960126
2254,226324,226423,100.0,98.5,0.985000,216415.0,225400.0,0.960138
2255,226424,226523,100.0,100.0,1.000000,216515.0,225500.0,0.960155
2256,226524,226623,100.0,98.0,0.980000,216613.0,225600.0,0.960164
2257,226624,226723,100.0,98.0,0.980000,216711.0,225700.0,0.960173
2258,226724,226823,100.0,97.0,0.970000,216808.0,225800.0,0.960177
2259,226824,226923,100.0,99.0,0.990000,216907.0,225900.0,0.960190
2260,226924,227023,100.0,100.0,1.000000,217007.0,226000.0,0.960208
2261,227024,227123,100.0,91.75,0.917500,217098.75,226100.0,0.960189
2262,227124,227223,100.0,99.25,0.992500,217198.0,226200.0,0.960203
2263,227224,227323,100.0,98.0,0.980000,217296.0,226300.0,0.960212
2264,227324,227423,100.0,99.0,0.990000,217395.0,226400.0,0.960225
2265,227424,227523,100.0,100.0,1.000000,217495.0,226500.0,0.960243
2266,227524,227623,100.0,99.0,0.990000,217594.0,226600.0,0.960256
2267,227624,227723,100.0,98.0,0.980000,217692.0,226700.0,0.960265
2268,227724,227823,100.0,98.0,0.980000,217790.0,226800.0,0.960273
2269,227824,227923,100.0,99.0,0.990000,217889.0,226900.0,0.960286
2270,227924,228023,100.0,100.0,1.000000,217989.0,227000.0,0.960304
2271,228024,228123,100.0,96.25,0.962500,218085.25,227100.0,0.960305
2272,228124,228223,100.0,99.75,0.997500,218185.0,227200.0,0.960321
2273,228224,228323,100.0,98.0,0.980000,218283.0,227300.0,0.960330
2274,228324,228423,100.0,100.0,1.000000,218383.0,227400.0,0.960347
2275,228424,228523,100.0,100.0,1.000000,218483.0,227500.0,0.960365
2276,228524,228623,100.0,97.0,0.970000,218580.0,227600.0,0.960369
2277,228624,228723,100.0,96.25,0.962500,218676.25,227700.0,0.960370
2278,228724,228823,100.0,96.75,0.967500,218773.0,227800.0,0.960373
2279,228824,228923,100.0,99.0,0.990000,218872.0,227900.0,0.960386
2280,228924,229023,100.0,97.0,0.970000,218969.0,228000.0,0.960390
2281,229024,229123,100.0,92.0,0.920000,219061.0,228100.0,0.960373
2282,229124,229223,100.0,98.5,0.985000,219159.5,228200.0,0.960383
2283,229224,229323,100.0,97.75,0.977500,219257.25,228300.0,0.960391
2284,229324,229423,100.0,99.75,0.997500,219357.0,228400.0,0.960407
2285,229424,229523,100.0,90.0,0.900000,219447.0,228500.0,0.960381
2286,229524,229623,100.0,97.0,0.970000,219544.0,228600.0,0.960385
2287,229624,229723,100.0,97.0,0.970000,219641.0,228700.0,0.960389
2288,229724,229823,100.0,98.0,0.980000,219739.0,228800.0,0.960398
2289,229824,229923,100.0,100.0,1.000000,219839.0,228900.0,0.960415
2290,229924,230023,100.0,94.0,0.940000,219933.0,229000.0,0.960406
2291,230024,230123,100.0,97.0,0.970000,220030.0,229100.0,0.960410
2292,230124,230223,100.0,98.0,0.980000,220128.0,229200.0,0.960419
2293,230224,230323,100.0,99.0,0.990000,220227.0,229300.0,0.960432
2294,230324,230423,100.0,93.0,0.930000,220320.0,229400.0,0.960418
2295,230424,230523,100.0,99.0,0.990000,220419.0,229500.0,0.960431
2296,230524,230623,100.0,98.0,0.980000,220517.0,229600.0,0.960440
2297,230624,230723,100.0,96.0,0.960000,220613.0,229700.0,0.960440
2298,230724,230823,100.0,98.0,0.980000,220711.0,229800.0,0.960448
2299,230824,230923,100.0,94.0,0.940000,220805.0,229900.0,0.960439
2300,230924,231023,100.0,96.0,0.960000,220901.0,230000.0,0.960439
2301,231024,231123,100.0,98.0,0.980000,220999.0,230100.0,0.960448
2302,231124,231223,100.0,98.0,0.980000,221097.0,230200.0,0.960456
2303,231224,231323,100.0,99.0,0.990000,221196.0,230300.0,0.960469
2304,231324,231423,100.0,96.0,0.960000,221292.0,230400.0,0.960469
2305,231424,231523,100.0,95.0,0.950000,221387.0,230500.0,0.960464
2306,231524,231623,100.0,99.5,0.995000,221486.5,230600.0,0.960479
2307,231624,231723,100.0,96.0,0.960000,221582.5,230700.0,0.960479
2308,231724,231823,100.0,99.5,0.995000,221682.0,230800.0,0.960494
2309,231824,231923,100.0,98.0,0.980000,221780.0,230900.0,0.960502
2310,231924,232023,100.0,94.0,0.940000,221874.0,231000.0,0.960494
2311,232024,232123,100.0,97.0,0.970000,221971.0,231100.0,0.960498
2312,232124,232223,100.0,98.0,0.980000,222069.0,231200.0,0.960506
2313,232224,232323,100.0,98.75,0.987500,222167.75,231300.0,0.960518
2314,232324,232423,100.0,95.75,0.957500,222263.5,231400.0,0.960516
2315,232424,232523,100.0,96.5,0.965000,222360.0,231500.0,0.960518
2316,232524,232623,100.0,95.0,0.950000,222455.0,231600.0,0.960514
2317,232624,232723,100.0,97.0,0.970000,222552.0,231700.0,0.960518
2318,232724,232823,100.0,97.5,0.975000,222649.5,231800.0,0.960524
2319,232824,232923,100.0,97.0,0.970000,222746.5,231900.0,0.960528
2320,232924,233023,100.0,97.5,0.975000,222844.0,232000.0,0.960534
2321,233024,233123,100.0,92.0,0.920000,222936.0,232100.0,0.960517
2322,233124,233223,100.0,99.0,0.990000,223035.0,232200.0,0.960530
2323,233224,233323,100.0,97.75,0.977500,223132.75,232300.0,0.960537
2324,233324,233423,100.0,97.25,0.972500,223230.0,232400.0,0.960542
2325,233424,233523,100.0,97.0,0.970000,223327.0,232500.0,0.960546
2326,233524,233623,100.0,98.0,0.980000,223425.0,232600.0,0.960555
2327,233624,233723,100.0,99.0,0.990000,223524.0,232700.0,0.960567
2328,233724,233823,100.0,87.0,0.870000,223611.0,232800.0,0.960528
2329,233824,233923,100.0,96.0,0.960000,223707.0,232900.0,0.960528
2330,233924,234023,100.0,98.0,0.980000,223805.0,233000.0,0.960536
2331,234024,234123,100.0,98.0,0.980000,223903.0,233100.0,0.960545
2332,234124,234223,100.0,95.0,0.950000,223998.0,233200.0,0.960540
2333,234224,234323,100.0,98.5,0.985000,224096.5,233300.0,0.960551
2334,234324,234423,100.0,93.5,0.935000,224190.0,233400.0,0.960540
2335,234424,234523,100.0,98.0,0.980000,224288.0,233500.0,0.960548
2336,234524,234623,100.0,100.0,1.000000,224388.0,233600.0,0.960565
2337,234624,234723,100.0,93.25,0.932500,224481.25,233700.0,0.960553
2338,234724,234823,100.0,92.75,0.927500,224574.0,233800.0,0.960539
2339,234824,234923,100.0,96.0,0.960000,224670.0,233900.0,0.960539
2340,234924,235023,100.0,97.0,0.970000,224767.0,234000.0,0.960543
2341,235024,235123,100.0,99.5,0.995000,224866.5,234100.0,0.960557
2342,235124,235223,100.0,88.5,0.885000,224955.0,234200.0,0.960525
2343,235224,235323,100.0,96.0,0.960000,225051.0,234300.0,0.960525
2344,235324,235423,100.0,97.0,0.970000,225148.0,234400.0,0.960529
2345,235424,235523,100.0,95.0,0.950000,225243.0,234500.0,0.960525
2346,235524,235623,100.0,93.5,0.935000,225336.5,234600.0,0.960514
2347,235624,235723,100.0,93.75,0.937500,225430.25,234700.0,0.960504
2348,235724,235823,100.0,94.75,0.947500,225525.0,234800.0,0.960498
2349,235824,235923,100.0,97.0,0.970000,225622.0,234900.0,0.960502
2350,235924,236023,100.0,99.0,0.990000,225721.0,235000.0,0.960515
2351,236024,236123,100.0,94.0,0.940000,225815.0,235100.0,0.960506
2352,236124,236223,100.0,94.0,0.940000,225909.0,235200.0,0.960497
2353,236224,236323,100.0,99.0,0.990000,226008.0,235300.0,0.960510
2354,236324,236423,100.0,99.0,0.990000,226107.0,235400.0,0.960523
2355,236424,236523,100.0,100.0,1.000000,226207.0,235500.0,0.960539
2356,236524,236623,100.0,99.0,0.990000,226306.0,235600.0,0.960552
2357,236624,236723,100.0,94.0,0.940000,226400.0,235700.0,0.960543
2358,236724,236823,100.0,100.0,1.000000,226500.0,235800.0,0.960560
2359,236824,236923,100.0,100.0,1.000000,226600.0,235900.0,0.960577
2360,236924,237023,100.0,96.0,0.960000,226696.0,236000.0,0.960576
2361,237024,237123,100.0,99.0,0.990000,226795.0,236100.0,0.960589
2362,237124,237223,100.0,95.0,0.950000,226890.0,236200.0,0.960584
2363,237224,237323,100.0,99.0,0.990000,226989.0,236300.0,0.960597
2364,237324,237423,100.0,100.0,1.000000,227089.0,236400.0,0.960613
2365,237424,237523,100.0,97.0,0.970000,227186.0,236500.0,0.960617
2366,237524,237623,100.0,98.0,0.980000,227284.0,236600.0,0.960626
2367,237624,237723,100.0,98.0,0.980000,227382.0,236700.0,0.960634
2368,237724,237823,100.0,97.0,0.970000,227479.0,236800.0,0.960638
2369,237824,237923,100.0,96.0,0.960000,227575.0,236900.0,0.960637
2370,237924,238023,100.0,98.0,0.980000,227673.0,237000.0,0.960646
2371,238024,238123,100.0,90.0,0.900000,227763.0,237100.0,0.960620
2372,238124,238223,100.0,100.0,1.000000,227863.0,237200.0,0.960637
2373,238224,238323,100.0,97.0,0.970000,227960.0,237300.0,0.960641
2374,238324,238423,100.0,98.0,0.980000,228058.0,237400.0,0.960649
2375,238424,238523,100.0,87.75,0.877500,228145.75,237500.0,0.960614
2376,238524,238623,100.0,92.25,0.922500,228238.0,237600.0,0.960598
2377,238624,238723,100.0,100.0,1.000000,228338.0,237700.0,0.960614
2378,238724,238823,100.0,100.0,1.000000,228438.0,237800.0,0.960631
2379,238824,238923,100.0,92.0,0.920000,228530.0,237900.0,0.960614
2380,238924,239023,100.0,88.0,0.880000,228618.0,238000.0,0.960580
2381,239024,239123,100.0,97.0,0.970000,228715.0,238100.0,0.960584
2382,239124,239223,100.0,100.0,1.000000,228815.0,238200.0,0.960600
2383,239224,239323,100.0,96.75,0.967500,228911.75,238300.0,0.960603
2384,239324,239423,100.0,96.25,0.962500,229008.0,238400.0,0.960604
2385,239424,239523,100.0,94.0,0.940000,229102.0,238500.0,0.960595
2386,239524,239623,100.0,99.0,0.990000,229201.0,238600.0,0.960608
2387,239624,239723,100.0,100.0,1.000000,229301.0,238700.0,0.960624
2388,239724,239823,100.0,99.0,0.990000,229400.0,238800.0,0.960637
2389,239824,239923,100.0,91.0,0.910000,229491.0,238900.0,0.960615
2390,239924,240023,100.0,96.0,0.960000,229587.0,239000.0,0.960615
2391,240024,240123,100.0,97.25,0.972500,229684.25,239100.0,0.960620
2392,240124,240223,100.0,98.75,0.987500,229783.0,239200.0,0.960631
2393,240224,240323,100.0,93.5,0.935000,229876.5,239300.0,0.960621
2394,240324,240423,100.0,89.0,0.890000,229965.5,239400.0,0.960591
2395,240424,240523,100.0,98.5,0.985000,230064.0,239500.0,0.960601
2396,240524,240623,100.0,98.0,0.980000,230162.0,239600.0,0.960609
2397,240624,240723,100.0,96.75,0.967500,230258.75,239700.0,0.960612
2398,240724,240823,100.0,92.25,0.922500,230351.0,239800.0,0.960596
2399,240824,240923,100.0,97.0,0.970000,230448.0,239900.0,0.960600
2400,240924,241023,100.0,97.0,0.970000,230545.0,240000.0,0.960604
2401,241024,241123,100.0,96.75,0.967500,230641.75,240100.0,0.960607
2402,241124,241223,100.0,87.25,0.872500,230729.0,240200.0,0.960570
2403,241224,241323,100.0,95.0,0.950000,230824.0,240300.0,0.960566
2404,241324,241423,100.0,98.0,0.980000,230922.0,240400.0,0.960574
2405,241424,241523,100.0,94.0,0.940000,231016.0,240500.0,0.960565
2406,241524,241623,100.0,95.5,0.955000,231111.5,240600.0,0.960563
2407,241624,241723,100.0,85.75,0.857500,231197.25,240700.0,0.960520
2408,241724,241823,100.0,95.75,0.957500,231293.0,240800.0,0.960519
2409,241824,241923,100.0,97.0,0.970000,231390.0,240900.0,0.960523
2410,241924,242023,100.0,88.0,0.880000,231478.0,241000.0,0.960490
2411,242024,242123,100.0,93.25,0.932500,231571.25,241100.0,0.960478
2412,242124,242223,100.0,75.75,0.757500,231647.0,241200.0,0.960394
2413,242224,242323,100.0,97.0,0.970000,231744.0,241300.0,0.960398
2414,242324,242423,100.0,93.5,0.935000,231837.5,241400.0,0.960387
2415,242424,242523,100.0,95.5,0.955000,231933.0,241500.0,0.960385
2416,242524,242623,100.0,94.0,0.940000,232027.0,241600.0,0.960377
2417,242624,242723,100.0,77.25,0.772500,232104.25,241700.0,0.960299
2418,242724,242823,100.0,94.75,0.947500,232199.0,241800.0,0.960294
2419,242824,242923,100.0,99.25,0.992500,232298.25,241900.0,0.960307
2420,242924,243023,100.0,92.75,0.927500,232391.0,242000.0,0.960293
2421,243024,243123,100.0,98.25,0.982500,232489.25,242100.0,0.960303
2422,243124,243223,100.0,89.25,0.892500,232578.5,242200.0,0.960275
2423,243224,243323,100.0,96.5,0.965000,232675.0,242300.0,0.960277
2424,243324,243423,100.0,97.0,0.970000,232772.0,242400.0,0.960281
2425,243424,243523,100.0,95.0,0.950000,232867.0,242500.0,0.960276
2426,243524,243623,100.0,93.0,0.930000,232960.0,242600.0,0.960264
2427,243624,243723,100.0,93.25,0.932500,233053.25,242700.0,0.960252
2428,243724,243823,100.0,97.75,0.977500,233151.0,242800.0,0.960259
2429,243824,243923,100.0,95.0,0.950000,233246.0,242900.0,0.960255
2430,243924,244023,100.0,98.0,0.980000,233344.0,243000.0,0.960263
2431,244024,244123,100.0,100.0,1.000000,233444.0,243100.0,0.960280
2432,244124,244223,100.0,91.0,0.910000,233535.0,243200.0,0.960259
2433,244224,244323,100.0,97.0,0.970000,233632.0,243300.0,0.960263
2434,244324,244423,100.0,94.5,0.945000,233726.5,243400.0,0.960257
2435,244424,244523,100.0,95.5,0.955000,233822.0,243500.0,0.960255
2436,244524,244623,100.0,98.0,0.980000,233920.0,243600.0,0.960263
2437,244624,244723,100.0,89.75,0.897500,234009.75,243700.0,0.960237
2438,244724,244823,100.0,98.25,0.982500,234108.0,243800.0,0.960246
2439,244824,244923,100.0,98.25,0.982500,234206.25,243900.0,0.960255
2440,244924,245023,100.0,96.75,0.967500,234303.0,244000.0,0.960258
2441,245024,245123,100.0,99.0,0.990000,234402.0,244100.0,0.960270
2442,245124,245223,100.0,93.5,0.935000,234495.5,244200.0,0.960260
2443,245224,245323,100.0,96.5,0.965000,234592.0,244300.0,0.960262
2444,245324,245423,100.0,100.0,1.000000,234692.0,244400.0,0.960278
2445,245424,245523,100.0,96.0,0.960000,234788.0,244500.0,0.960278
2446,245524,245623,100.0,100.0,1.000000,234888.0,244600.0,0.960294
2447,245624,245723,100.0,97.25,0.972500,234985.25,244700.0,0.960299
2448,245724,245823,100.0,89.75,0.897500,235075.0,244800.0,0.960274
2449,245824,245923,100.0,99.75,0.997500,235174.75,244900.0,0.960289
2450,245924,246023,100.0,96.25,0.962500,235271.0,245000.0,0.960290
2451,246024,246123,100.0,98.0,0.980000,235369.0,245100.0,0.960298
2452,246124,246223,100.0,98.0,0.980000,235467.0,245200.0,0.960306
2453,246224,246323,100.0,96.0,0.960000,235563.0,245300.0,0.960306
2454,246324,246423,100.0,95.0,0.950000,235658.0,245400.0,0.960302
2455,246424,246523,100.0,100.0,1.000000,235758.0,245500.0,0.960318
2456,246524,246623,100.0,96.0,0.960000,235854.0,245600.0,0.960318
2457,246624,246723,100.0,99.0,0.990000,235953.0,245700.0,0.960330
2458,246724,246823,100.0,96.0,0.960000,236049.0,245800.0,0.960330
2459,246824,246923,100.0,98.0,0.980000,236147.0,245900.0,0.960338
2460,246924,247023,100.0,98.0,0.980000,236245.0,246000.0,0.960346
2461,247024,247123,100.0,98.0,0.980000,236343.0,246100.0,0.960354
2462,247124,247223,100.0,98.5,0.985000,236441.5,246200.0,0.960364
2463,247224,247323,100.0,95.75,0.957500,236537.25,246300.0,0.960362
2464,247324,247423,100.0,96.75,0.967500,236634.0,246400.0,0.960365
2465,247424,247523,100.0,98.5,0.985000,236732.5,246500.0,0.960375
2466,247524,247623,100.0,96.5,0.965000,236829.0,246600.0,0.960377
2467,247624,247723,100.0,97.0,0.970000,236926.0,246700.0,0.960381
2468,247724,247823,100.0,97.0,0.970000,237023.0,246800.0,0.960385
2469,247824,247923,100.0,95.0,0.950000,237118.0,246900.0,0.960381
2470,247924,248023,100.0,97.0,0.970000,237215.0,247000.0,0.960385
2471,248024,248123,100.0,94.0,0.940000,237309.0,247100.0,0.960376
2472,248124,248223,100.0,99.0,0.990000,237408.0,247200.0,0.960388
2473,248224,248323,100.0,99.0,0.990000,237507.0,247300.0,0.960400
2474,248324,248423,100.0,92.5,0.925000,237599.5,247400.0,0.960386
2475,248424,248523,100.0,90.75,0.907500,237690.25,247500.0,0.960365
2476,248524,248623,100.0,99.75,0.997500,237790.0,247600.0,0.960380
2477,248624,248723,100.0,98.0,0.980000,237888.0,247700.0,0.960388
2478,248724,248823,100.0,100.0,1.000000,237988.0,247800.0,0.960404
2479,248824,248923,100.0,99.0,0.990000,238087.0,247900.0,0.960415
2480,248924,249023,100.0,98.0,0.980000,238185.0,248000.0,0.960423
2481,249024,249123,100.0,98.0,0.980000,238283.0,248100.0,0.960431
2482,249124,249223,100.0,97.5,0.975000,238380.5,248200.0,0.960437
2483,249224,249323,100.0,99.5,0.995000,238480.0,248300.0,0.960451
2484,249324,249423,100.0,100.0,1.000000,238580.0,248400.0,0.960467
2485,249424,249523,100.0,96.0,0.960000,238676.0,248500.0,0.960467
2486,249524,249623,100.0,93.5,0.935000,238769.5,248600.0,0.960457
2487,249624,249723,100.0,96.5,0.965000,238866.0,248700.0,0.960458
2488,249724,249823,100.0,99.0,0.990000,238965.0,248800.0,0.960470
2489,249824,249923,100.0,98.0,0.980000,239063.0,248900.0,0.960478
2490,249924,250023,100.0,100.0,1.000000,239163.0,249000.0,0.960494
2491,250024,250123,100.0,95.0,0.950000,239258.0,249100.0,0.960490
2492,250124,250223,100.0,90.0,0.900000,239348.0,249200.0,0.960465
2493,250224,250323,100.0,94.0,0.940000,239442.0,249300.0,0.960457
2494,250324,250423,100.0,99.0,0.990000,239541.0,249400.0,0.960469
2495,250424,250523,100.0,96.0,0.960000,239637.0,249500.0,0.960469
2496,250524,250623,100.0,100.0,1.000000,239737.0,249600.0,0.960485
2497,250624,250723,100.0,98.0,0.980000,239835.0,249700.0,0.960493
2498,250724,250823,100.0,88.0,0.880000,239923.0,249800.0,0.960460
2499,250824,250923,100.0,91.0,0.910000,240014.0,249900.0,0.960440
2500,250924,251023,100.0,100.0,1.000000,240114.0,250000.0,0.960456
2501,251024,251123,100.0,95.0,0.950000,240209.0,250100.0,0.960452
2502,251124,251223,100.0,100.0,1.000000,240309.0,250200.0,0.960468
2503,251224,251323,100.0,99.0,0.990000,240408.0,250300.0,0.960479
2504,251324,251423,100.0,98.0,0.980000,240506.0,250400.0,0.960487
2505,251424,251523,100.0,81.75,0.817500,240587.75,250500.0,0.960430
2506,251524,251623,100.0,96.25,0.962500,240684.0,250600.0,0.960431
2507,251624,251723,100.0,94.0,0.940000,240778.0,250700.0,0.960423
2508,251724,251823,100.0,96.0,0.960000,240874.0,250800.0,0.960423
2509,251824,251923,100.0,99.75,0.997500,240973.75,250900.0,0.960437
2510,251924,252023,100.0,96.25,0.962500,241070.0,251000.0,0.960438
2511,252024,252123,100.0,94.0,0.940000,241164.0,251100.0,0.960430
2512,252124,252223,100.0,91.0,0.910000,241255.0,251200.0,0.960410
2513,252224,252323,100.0,97.5,0.975000,241352.5,251300.0,0.960416
2514,252324,252423,100.0,98.5,0.985000,241451.0,251400.0,0.960426
2515,252424,252523,100.0,100.0,1.000000,241551.0,251500.0,0.960441
2516,252524,252623,100.0,98.0,0.980000,241649.0,251600.0,0.960449
2517,252624,252723,100.0,96.0,0.960000,241745.0,251700.0,0.960449
2518,252724,252823,100.0,88.0,0.880000,241833.0,251800.0,0.960417
2519,252824,252923,100.0,100.0,1.000000,241933.0,251900.0,0.960433
2520,252924,253023,100.0,93.0,0.930000,242026.0,252000.0,0.960421
2521,253024,253123,100.0,100.0,1.000000,242126.0,252100.0,0.960436
2522,253124,253223,100.0,98.5,0.985000,242224.5,252200.0,0.960446
2523,253224,253323,100.0,98.5,0.985000,242323.0,252300.0,0.960456
2524,253324,253423,100.0,87.0,0.870000,242410.0,252400.0,0.960420
2525,253424,253523,100.0,100.0,1.000000,242510.0,252500.0,0.960436
2526,253524,253623,100.0,96.0,0.960000,242606.0,252600.0,0.960435
2527,253624,253723,100.0,100.0,1.000000,242706.0,252700.0,0.960451
2528,253724,253823,100.0,98.0,0.980000,242804.0,252800.0,0.960459
2529,253824,253923,100.0,100.0,1.000000,242904.0,252900.0,0.960474
2530,253924,254023,100.0,89.0,0.890000,242993.0,253000.0,0.960447
2531,254024,254123,100.0,98.0,0.980000,243091.0,253100.0,0.960454
2532,254124,254223,100.0,98.0,0.980000,243189.0,253200.0,0.960462
2533,254224,254323,100.0,98.0,0.980000,243287.0,253300.0,0.960470
2534,254324,254423,100.0,99.0,0.990000,243386.0,253400.0,0.960481
2535,254424,254523,100.0,99.0,0.990000,243485.0,253500.0,0.960493
2536,254524,254623,100.0,92.0,0.920000,243577.0,253600.0,0.960477
2537,254624,254723,100.0,90.0,0.900000,243667.0,253700.0,0.960453
2538,254724,254823,100.0,94.5,0.945000,243761.5,253800.0,0.960447
2539,254824,254923,100.0,97.5,0.975000,243859.0,253900.0,0.960453
2540,254924,255023,100.0,98.0,0.980000,243957.0,254000.0,0.960461
2541,255024,255123,100.0,100.0,1.000000,244057.0,254100.0,0.960476
2542,255124,255223,100.0,94.0,0.940000,244151.0,254200.0,0.960468
2543,255224,255323,100.0,95.0,0.950000,244246.0,254300.0,0.960464
2544,255324,255423,100.0,98.0,0.980000,244344.0,254400.0,0.960472
2545,255424,255523,100.0,100.0,1.000000,244444.0,254500.0,0.960487
2546,255524,255623,100.0,98.0,0.980000,244542.0,254600.0,0.960495
2547,255624,255723,100.0,100.0,1.000000,244642.0,254700.0,0.960510
2548,255724,255823,100.0,91.0,0.910000,244733.0,254800.0,0.960491
2549,255824,255923,100.0,97.0,0.970000,244830.0,254900.0,0.960494
2550,255924,256023,100.0,93.0,0.930000,244923.0,255000.0,0.960482
2551,256024,256123,100.0,99.0,0.990000,245022.0,255100.0,0.960494
2552,256124,256223,100.0,95.0,0.950000,245117.0,255200.0,0.960490
2553,256224,256323,100.0,98.5,0.985000,245215.5,255300.0,0.960499
2554,256324,256423,100.0,91.5,0.915000,245307.0,255400.0,0.960482
2555,256424,256523,100.0,96.0,0.960000,245403.0,255500.0,0.960481
2556,256524,256623,100.0,93.0,0.930000,245496.0,255600.0,0.960469
2557,256624,256723,100.0,100.0,1.000000,245596.0,255700.0,0.960485
2558,256724,256823,100.0,96.5,0.965000,245692.5,255800.0,0.960487
2559,256824,256923,100.0,98.5,0.985000,245791.0,255900.0,0.960496
2560,256924,257023,100.0,95.0,0.950000,245886.0,256000.0,0.960492
2561,257024,257123,100.0,100.0,1.000000,245986.0,256100.0,0.960508
2562,257124,257223,100.0,96.0,0.960000,246082.0,256200.0,0.960507
2563,257224,257323,100.0,98.0,0.980000,246180.0,256300.0,0.960515
2564,257324,257423,100.0,97.0,0.970000,246277.0,256400.0,0.960519
2565,257424,257523,100.0,99.0,0.990000,246376.0,256500.0,0.960530
2566,257524,257623,100.0,96.5,0.965000,246472.5,256600.0,0.960532
2567,257624,257723,100.0,99.5,0.995000,246572.0,256700.0,0.960545
2568,257724,257823,100.0,92.0,0.920000,246664.0,256800.0,0.960530
2569,257824,257923,100.0,99.0,0.990000,246763.0,256900.0,0.960541
2570,257924,258023,100.0,98.5,0.985000,246861.5,257000.0,0.960551
2571,258024,258123,100.0,98.75,0.987500,246960.25,257100.0,0.960561
2572,258124,258223,100.0,96.75,0.967500,247057.0,257200.0,0.960564
2573,258224,258323,100.0,100.0,1.000000,247157.0,257300.0,0.960579
2574,258324,258423,100.0,97.0,0.970000,247254.0,257400.0,0.960583
2575,258424,258523,100.0,100.0,1.000000,247354.0,257500.0,0.960598
2576,258524,258623,100.0,99.0,0.990000,247453.0,257600.0,0.960609
2577,258624,258723,100.0,100.0,1.000000,247553.0,257700.0,0.960625
2578,258724,258823,100.0,99.0,0.990000,247652.0,257800.0,0.960636
2579,258824,258923,100.0,96.0,0.960000,247748.0,257900.0,0.960636
2580,258924,259023,100.0,98.0,0.980000,247846.0,258000.0,0.960643
2581,259024,259123,100.0,99.0,0.990000,247945.0,258100.0,0.960655
2582,259124,259223,100.0,100.0,1.000000,248045.0,258200.0,0.960670
2583,259224,259323,100.0,96.25,0.962500,248141.25,258300.0,0.960671
2584,259324,259423,100.0,90.75,0.907500,248232.0,258400.0,0.960650
2585,259424,259523,100.0,92.0,0.920000,248324.0,258500.0,0.960634
2586,259524,259623,100.0,100.0,1.000000,248424.0,258600.0,0.960650
2587,259624,259723,100.0,97.0,0.970000,248521.0,258700.0,0.960653
2588,259724,259823,100.0,97.0,0.970000,248618.0,258800.0,0.960657
2589,259824,259923,100.0,96.0,0.960000,248714.0,258900.0,0.960657
2590,259924,260023,100.0,85.5,0.855000,248799.5,259000.0,0.960616
2591,260024,260123,100.0,94.5,0.945000,248894.0,259100.0,0.960610
2592,260124,260223,100.0,99.0,0.990000,248993.0,259200.0,0.960621
2593,260224,260323,100.0,97.0,0.970000,249090.0,259300.0,0.960625
2594,260324,260423,100.0,97.0,0.970000,249187.0,259400.0,0.960628
2595,260424,260523,100.0,93.0,0.930000,249280.0,259500.0,0.960617
2596,260524,260623,100.0,96.0,0.960000,249376.0,259600.0,0.960616
2597,260624,260723,100.0,100.0,1.000000,249476.0,259700.0,0.960631
2598,260724,260823,100.0,97.0,0.970000,249573.0,259800.0,0.960635
2599,260824,260923,100.0,94.75,0.947500,249667.75,259900.0,0.960630
2600,260924,261023,100.0,95.25,0.952500,249763.0,260000.0,0.960627
2601,261024,261123,100.0,87.0,0.870000,249850.0,260100.0,0.960592
2602,261124,261223,100.0,98.0,0.980000,249948.0,260200.0,0.960600
2603,261224,261323,100.0,92.5,0.925000,250040.5,260300.0,0.960586
2604,261324,261423,100.0,95.5,0.955000,250136.0,260400.0,0.960584
2605,261424,261523,100.0,94.0,0.940000,250230.0,260500.0,0.960576
2606,261524,261623,100.0,95.0,0.950000,250325.0,260600.0,0.960572
2607,261624,261723,100.0,99.0,0.990000,250424.0,260700.0,0.960583
2608,261724,261823,100.0,100.0,1.000000,250524.0,260800.0,0.960598
2609,261824,261923,100.0,96.0,0.960000,250620.0,260900.0,0.960598
2610,261924,262023,100.0,96.0,0.960000,250716.0,261000.0,0.960598
2611,262024,262123,100.0,96.0,0.960000,250812.0,261100.0,0.960597
2612,262124,262223,100.0,100.0,1.000000,250912.0,261200.0,0.960613
2613,262224,262323,100.0,100.0,1.000000,251012.0,261300.0,0.960628
2614,262324,262423,100.0,98.0,0.980000,251110.0,261400.0,0.960635
2615,262424,262523,100.0,96.5,0.965000,251206.5,261500.0,0.960637
2616,262524,262623,100.0,94.5,0.945000,251301.0,261600.0,0.960631
2617,262624,262723,100.0,100.0,1.000000,251401.0,261700.0,0.960646
2618,262724,262823,100.0,94.0,0.940000,251495.0,261800.0,0.960638
2619,262824,262923,100.0,96.5,0.965000,251591.5,261900.0,0.960640
2620,262924,263023,100.0,91.5,0.915000,251683.0,262000.0,0.960622
2621,263024,263123,100.0,98.0,0.980000,251781.0,262100.0,0.960630
2622,263124,263223,100.0,98.0,0.980000,251879.0,262200.0,0.960637
2623,263224,263323,100.0,93.0,0.930000,251972.0,262300.0,0.960625
2624,263324,263423,100.0,95.0,0.950000,252067.0,262400.0,0.960621
2625,263424,263523,100.0,88.0,0.880000,252155.0,262500.0,0.960590
2626,263524,263623,100.0,98.0,0.980000,252253.0,262600.0,0.960598
2627,263624,263723,100.0,96.0,0.960000,252349.0,262700.0,0.960598
2628,263724,263823,100.0,94.0,0.940000,252443.0,262800.0,0.960590
2629,263824,263923,100.0,93.0,0.930000,252536.0,262900.0,0.960578
2630,263924,264023,100.0,94.5,0.945000,252630.5,263000.0,0.960572
2631,264024,264123,100.0,97.5,0.975000,252728.0,263100.0,0.960578
2632,264124,264223,100.0,91.0,0.910000,252819.0,263200.0,0.960559
2633,264224,264323,100.0,97.0,0.970000,252916.0,263300.0,0.960562
2634,264324,264423,100.0,94.0,0.940000,253010.0,263400.0,0.960554
2635,264424,264523,100.0,95.0,0.950000,253105.0,263500.0,0.960550
2636,264524,264623,100.0,99.0,0.990000,253204.0,263600.0,0.960561
2637,264624,264723,100.0,95.0,0.950000,253299.0,263700.0,0.960557
2638,264724,264823,100.0,90.0,0.900000,253389.0,263800.0,0.960534
2639,264824,264923,100.0,96.0,0.960000,253485.0,263900.0,0.960534
2640,264924,265023,100.0,96.0,0.960000,253581.0,264000.0,0.960534
2641,265024,265123,100.0,99.0,0.990000,253680.0,264100.0,0.960545
2642,265124,265223,100.0,94.0,0.940000,253774.0,264200.0,0.960537
2643,265224,265323,100.0,84.0,0.840000,253858.0,264300.0,0.960492
2644,265324,265423,100.0,99.0,0.990000,253957.0,264400.0,0.960503
2645,265424,265523,100.0,94.75,0.947500,254051.75,264500.0,0.960498
2646,265524,265623,100.0,91.25,0.912500,254143.0,264600.0,0.960480
2647,265624,265723,100.0,89.0,0.890000,254232.0,264700.0,0.960453
2648,265724,265823,100.0,99.0,0.990000,254331.0,264800.0,0.960465
2649,265824,265923,100.0,99.75,0.997500,254430.75,264900.0,0.960478
2650,265924,266023,100.0,97.25,0.972500,254528.0,265000.0,0.960483
2651,266024,266123,100.0,98.0,0.980000,254626.0,265100.0,0.960490
2652,266124,266223,100.0,95.0,0.950000,254721.0,265200.0,0.960486
2653,266224,266323,100.0,91.0,0.910000,254812.0,265300.0,0.960467
2654,266324,266423,100.0,99.0,0.990000,254911.0,265400.0,0.960479
2655,266424,266523,100.0,93.25,0.932500,255004.25,265500.0,0.960468
2656,266524,266623,100.0,96.75,0.967500,255101.0,265600.0,0.960471
2657,266624,266723,100.0,95.0,0.950000,255196.0,265700.0,0.960467
2658,266724,266823,100.0,96.5,0.965000,255292.5,265800.0,0.960468
2659,266824,266923,100.0,98.75,0.987500,255391.25,265900.0,0.960479
2660,266924,267023,100.0,85.75,0.857500,255477.0,266000.0,0.960440
2661,267024,267123,100.0,94.0,0.940000,255571.0,266100.0,0.960432
2662,267124,267223,100.0,99.0,0.990000,255670.0,266200.0,0.960443
2663,267224,267323,100.0,97.0,0.970000,255767.0,266300.0,0.960447
2664,267324,267423,100.0,97.0,0.970000,255864.0,266400.0,0.960450
2665,267424,267523,100.0,95.0,0.950000,255959.0,266500.0,0.960447
2666,267524,267623,100.0,98.0,0.980000,256057.0,266600.0,0.960454
2667,267624,267723,100.0,95.5,0.955000,256152.5,266700.0,0.960452
2668,267724,267823,100.0,92.5,0.925000,256245.0,266800.0,0.960439
2669,267824,267923,100.0,95.0,0.950000,256340.0,266900.0,0.960435
2670,267924,268023,100.0,97.0,0.970000,256437.0,267000.0,0.960438
2671,268024,268123,100.0,96.0,0.960000,256533.0,267100.0,0.960438
2672,268124,268223,100.0,95.0,0.950000,256628.0,267200.0,0.960434
2673,268224,268323,100.0,98.0,0.980000,256726.0,267300.0,0.960441
2674,268324,268423,100.0,97.0,0.970000,256823.0,267400.0,0.960445
2675,268424,268523,100.0,91.0,0.910000,256914.0,267500.0,0.960426
2676,268524,268623,100.0,98.0,0.980000,257012.0,267600.0,0.960433
2677,268624,268723,100.0,97.75,0.977500,257109.75,267700.0,0.960440
2678,268724,268823,100.0,97.25,0.972500,257207.0,267800.0,0.960444
2679,268824,268923,100.0,88.0,0.880000,257295.0,267900.0,0.960414
2680,268924,269023,100.0,95.0,0.950000,257390.0,268000.0,0.960410
2681,269024,269123,100.0,95.5,0.955000,257485.5,268100.0,0.960408
2682,269124,269223,100.0,97.5,0.975000,257583.0,268200.0,0.960414
2683,269224,269323,100.0,95.0,0.950000,257678.0,268300.0,0.960410
2684,269324,269423,100.0,94.0,0.940000,257772.0,268400.0,0.960402
2685,269424,269523,100.0,91.75,0.917500,257863.75,268500.0,0.960386
2686,269524,269623,100.0,96.25,0.962500,257960.0,268600.0,0.960387
2687,269624,269723,100.0,95.0,0.950000,258055.0,268700.0,0.960383
2688,269724,269823,100.0,94.0,0.940000,258149.0,268800.0,0.960376
2689,269824,269923,100.0,93.0,0.930000,258242.0,268900.0,0.960364
2690,269924,270023,100.0,96.0,0.960000,258338.0,269000.0,0.960364
2691,270024,270123,100.0,95.0,0.950000,258433.0,269100.0,0.960360
2692,270124,270223,100.0,92.0,0.920000,258525.0,269200.0,0.960345
2693,270224,270323,100.0,94.0,0.940000,258619.0,269300.0,0.960338
2694,270324,270423,100.0,95.5,0.955000,258714.5,269400.0,0.960336
2695,270424,270523,100.0,94.5,0.945000,258809.0,269500.0,0.960330
2696,270524,270623,100.0,92.0,0.920000,258901.0,269600.0,0.960315
2697,270624,270723,100.0,98.0,0.980000,258999.0,269700.0,0.960323
2698,270724,270823,100.0,96.0,0.960000,259095.0,269800.0,0.960322
2699,270824,270923,100.0,92.0,0.920000,259187.0,269900.0,0.960308
2700,270924,271023,100.0,92.0,0.920000,259279.0,270000.0,0.960293
2701,271024,271123,100.0,92.75,0.927500,259371.75,270100.0,0.960280
2702,271124,271223,100.0,94.25,0.942500,259466.0,270200.0,0.960274
2703,271224,271323,100.0,99.0,0.990000,259565.0,270300.0,0.960285
2704,271324,271423,100.0,96.0,0.960000,259661.0,270400.0,0.960285
2705,271424,271523,100.0,93.5,0.935000,259754.5,270500.0,0.960275
2706,271524,271623,100.0,92.0,0.920000,259846.5,270600.0,0.960261
2707,271624,271723,100.0,98.5,0.985000,259945.0,270700.0,0.960270
2708,271724,271823,100.0,92.0,0.920000,260037.0,270800.0,0.960255
2709,271824,271923,100.0,96.0,0.960000,260133.0,270900.0,0.960255
2710,271924,272023,100.0,98.5,0.985000,260231.5,271000.0,0.960264
2711,272024,272123,100.0,96.75,0.967500,260328.25,271100.0,0.960267
2712,272124,272223,100.0,96.75,0.967500,260425.0,271200.0,0.960269
2713,272224,272323,100.0,93.0,0.930000,260518.0,271300.0,0.960258
2714,272324,272423,100.0,100.0,1.000000,260618.0,271400.0,0.960273
2715,272424,272523,100.0,97.75,0.977500,260715.75,271500.0,0.960279
2716,272524,272623,100.0,78.25,0.782500,260794.0,271600.0,0.960214
2717,272624,272723,100.0,92.0,0.920000,260886.0,271700.0,0.960199
2718,272724,272823,100.0,91.0,0.910000,260977.0,271800.0,0.960180
2719,272824,272923,100.0,100.0,1.000000,261077.0,271900.0,0.960195
2720,272924,273023,100.0,99.0,0.990000,261176.0,272000.0,0.960206
2721,273024,273123,100.0,89.0,0.890000,261265.0,272100.0,0.960180
2722,273124,273223,100.0,97.0,0.970000,261362.0,272200.0,0.960184
2723,273224,273323,100.0,96.25,0.962500,261458.25,272300.0,0.960185
2724,273324,273423,100.0,92.75,0.927500,261551.0,272400.0,0.960173
2725,273424,273523,100.0,99.0,0.990000,261650.0,272500.0,0.960183
2726,273524,273623,100.0,95.0,0.950000,261745.0,272600.0,0.960180
2727,273624,273723,100.0,94.0,0.940000,261839.0,272700.0,0.960172
2728,273724,273823,100.0,95.0,0.950000,261934.0,272800.0,0.960169
2729,273824,273923,100.0,96.0,0.960000,262030.0,272900.0,0.960169
2730,273924,274023,100.0,96.0,0.960000,262126.0,273000.0,0.960168
2731,274024,274123,100.0,99.0,0.990000,262225.0,273100.0,0.960179
2732,274124,274223,100.0,95.0,0.950000,262320.0,273200.0,0.960176
2733,274224,274323,100.0,96.5,0.965000,262416.5,273300.0,0.960177
2734,274324,274423,100.0,97.5,0.975000,262514.0,273400.0,0.960183
2735,274424,274523,100.0,84.5,0.845000,262598.5,273500.0,0.960141
2736,274524,274623,100.0,98.5,0.985000,262697.0,273600.0,0.960150
2737,274624,274723,100.0,98.25,0.982500,262795.25,273700.0,0.960158
2738,274724,274823,100.0,90.75,0.907500,262886.0,273800.0,0.960139
2739,274824,274923,100.0,95.0,0.950000,262981.0,273900.0,0.960135
2740,274924,275023,100.0,98.0,0.980000,263079.0,274000.0,0.960142
2741,275024,275123,100.0,97.0,0.970000,263176.0,274100.0,0.960146
2742,275124,275223,100.0,99.0,0.990000,263275.0,274200.0,0.960157
2743,275224,275323,100.0,96.5,0.965000,263371.5,274300.0,0.960159
2744,275324,275423,100.0,98.5,0.985000,263470.0,274400.0,0.960168
2745,275424,275523,100.0,98.0,0.980000,263568.0,274500.0,0.960175
2746,275524,275623,100.0,100.0,1.000000,263668.0,274600.0,0.960189
2747,275624,275723,100.0,98.0,0.980000,263766.0,274700.0,0.960197
2748,275724,275823,100.0,99.0,0.990000,263865.0,274800.0,0.960207
2749,275824,275923,100.0,93.75,0.937500,263958.75,274900.0,0.960199
2750,275924,276023,100.0,97.75,0.977500,264056.5,275000.0,0.960205
2751,276024,276123,100.0,99.5,0.995000,264156.0,275100.0,0.960218
2752,276124,276223,100.0,96.0,0.960000,264252.0,275200.0,0.960218
2753,276224,276323,100.0,98.0,0.980000,264350.0,275300.0,0.960225
2754,276324,276423,100.0,96.5,0.965000,264446.5,275400.0,0.960227
2755,276424,276523,100.0,84.5,0.845000,264531.0,275500.0,0.960185
2756,276524,276623,100.0,96.0,0.960000,264627.0,275600.0,0.960185
2757,276624,276723,100.0,98.0,0.980000,264725.0,275700.0,0.960192
2758,276724,276823,100.0,94.0,0.940000,264819.0,275800.0,0.960185
2759,276824,276923,100.0,97.5,0.975000,264916.5,275900.0,0.960190
2760,276924,277023,100.0,94.5,0.945000,265011.0,276000.0,0.960185
2761,277024,277123,100.0,94.75,0.947500,265105.75,276100.0,0.960180
2762,277124,277223,100.0,97.25,0.972500,265203.0,276200.0,0.960185
2763,277224,277323,100.0,99.0,0.990000,265302.0,276300.0,0.960195
2764,277324,277423,100.0,98.0,0.980000,265400.0,276400.0,0.960203
2765,277424,277523,100.0,96.75,0.967500,265496.75,276500.0,0.960205
2766,277524,277623,100.0,96.25,0.962500,265593.0,276600.0,0.960206
2767,277624,277723,100.0,94.0,0.940000,265687.0,276700.0,0.960199
2768,277724,277823,100.0,99.0,0.990000,265786.0,276800.0,0.960210
2769,277824,277923,100.0,92.0,0.920000,265878.0,276900.0,0.960195
2770,277924,278023,100.0,100.0,1.000000,265978.0,277000.0,0.960209
2771,278024,278123,100.0,96.25,0.962500,266074.25,277100.0,0.960210
2772,278124,278223,100.0,95.75,0.957500,266170.0,277200.0,0.960209
2773,278224,278323,100.0,99.0,0.990000,266269.0,277300.0,0.960220
2774,278324,278423,100.0,99.5,0.995000,266368.5,277400.0,0.960233
2775,278424,278523,100.0,94.75,0.947500,266463.25,277500.0,0.960228
2776,278524,278623,100.0,97.75,0.977500,266561.0,277600.0,0.960234
2777,278624,278723,100.0,94.0,0.940000,266655.0,277700.0,0.960227
2778,278724,278823,100.0,97.5,0.975000,266752.5,277800.0,0.960232
2779,278824,278923,100.0,98.5,0.985000,266851.0,277900.0,0.960241
2780,278924,279023,100.0,100.0,1.000000,266951.0,278000.0,0.960255
2781,279024,279123,100.0,96.75,0.967500,267047.75,278100.0,0.960258
2782,279124,279223,100.0,98.75,0.987500,267146.5,278200.0,0.960268
2783,279224,279323,100.0,96.5,0.965000,267243.0,278300.0,0.960269
2784,279324,279423,100.0,98.0,0.980000,267341.0,278400.0,0.960277
2785,279424,279523,100.0,100.0,1.000000,267441.0,278500.0,0.960291
2786,279524,279623,100.0,100.0,1.000000,267541.0,278600.0,0.960305
2787,279624,279723,100.0,97.25,0.972500,267638.25,278700.0,0.960309
2788,279724,279823,100.0,99.75,0.997500,267738.0,278800.0,0.960323
2789,279824,279923,100.0,96.75,0.967500,267834.75,278900.0,0.960325
2790,279924,280023,100.0,85.25,0.852500,267920.0,279000.0,0.960287
2791,280024,280123,100.0,99.0,0.990000,268019.0,279100.0,0.960297
2792,280124,280223,100.0,98.0,0.980000,268117.0,279200.0,0.960304
2793,280224,280323,100.0,99.0,0.990000,268216.0,279300.0,0.960315
2794,280324,280423,100.0,98.0,0.980000,268314.0,279400.0,0.960322
2795,280424,280523,100.0,92.75,0.927500,268406.75,279500.0,0.960310
2796,280524,280623,100.0,87.25,0.872500,268494.0,279600.0,0.960279
2797,280624,280723,100.0,97.0,0.970000,268591.0,279700.0,0.960282
2798,280724,280823,100.0,100.0,1.000000,268691.0,279800.0,0.960297
2799,280824,280923,100.0,98.0,0.980000,268789.0,279900.0,0.960304
2800,280924,281023,100.0,96.0,0.960000,268885.0,280000.0,0.960304
2801,281024,281123,100.0,95.75,0.957500,268980.75,280100.0,0.960303
2802,281124,281223,100.0,98.25,0.982500,269079.0,280200.0,0.960310
2803,281224,281323,100.0,98.0,0.980000,269177.0,280300.0,0.960318
2804,281324,281423,100.0,98.0,0.980000,269275.0,280400.0,0.960325
2805,281424,281523,100.0,100.0,1.000000,269375.0,280500.0,0.960339
2806,281524,281623,100.0,92.0,0.920000,269467.0,280600.0,0.960324
2807,281624,281723,100.0,96.25,0.962500,269563.25,280700.0,0.960325
2808,281724,281823,100.0,94.75,0.947500,269658.0,280800.0,0.960321
2809,281824,281923,100.0,98.0,0.980000,269756.0,280900.0,0.960328
2810,281924,282023,100.0,99.0,0.990000,269855.0,281000.0,0.960338
2811,282024,282123,100.0,98.25,0.982500,269953.25,281100.0,0.960346
2812,282124,282223,100.0,86.75,0.867500,270040.0,281200.0,0.960313
2813,282224,282323,100.0,97.0,0.970000,270137.0,281300.0,0.960316
2814,282324,282423,100.0,97.5,0.975000,270234.5,281400.0,0.960322
2815,282424,282523,100.0,98.5,0.985000,270333.0,281500.0,0.960330
2816,282524,282623,100.0,100.0,1.000000,270433.0,281600.0,0.960344
2817,282624,282723,100.0,97.0,0.970000,270530.0,281700.0,0.960348
2818,282724,282823,100.0,99.0,0.990000,270629.0,281800.0,0.960358
2819,282824,282923,100.0,100.0,1.000000,270729.0,281900.0,0.960372
2820,282924,283023,100.0,96.0,0.960000,270825.0,282000.0,0.960372
2821,283024,283123,100.0,100.0,1.000000,270925.0,282100.0,0.960386
2822,283124,283223,100.0,99.0,0.990000,271024.0,282200.0,0.960397
2823,283224,283323,100.0,95.0,0.950000,271119.0,282300.0,0.960393
2824,283324,283423,100.0,98.0,0.980000,271217.0,282400.0,0.960400
2825,283424,283523,100.0,98.0,0.980000,271315.0,282500.0,0.960407
2826,283524,283623,100.0,96.5,0.965000,271411.5,282600.0,0.960409
2827,283624,283723,100.0,93.5,0.935000,271505.0,282700.0,0.960400
2828,283724,283823,100.0,100.0,1.000000,271605.0,282800.0,0.960414
2829,283824,283923,100.0,98.0,0.980000,271703.0,282900.0,0.960421
2830,283924,284023,100.0,93.0,0.930000,271796.0,283000.0,0.960410
2831,284024,284123,100.0,100.0,1.000000,271896.0,283100.0,0.960424
2832,284124,284223,100.0,98.0,0.980000,271994.0,283200.0,0.960431
2833,284224,284323,100.0,97.0,0.970000,272091.0,283300.0,0.960434
2834,284324,284423,100.0,98.5,0.985000,272189.5,283400.0,0.960443
2835,284424,284523,100.0,94.0,0.940000,272283.5,283500.0,0.960436
2836,284524,284623,100.0,98.5,0.985000,272382.0,283600.0,0.960444
2837,284624,284723,100.0,96.0,0.960000,272478.0,283700.0,0.960444
2838,284724,284823,100.0,97.0,0.970000,272575.0,283800.0,0.960447
2839,284824,284923,100.0,99.0,0.990000,272674.0,283900.0,0.960458
2840,284924,285023,100.0,95.0,0.950000,272769.0,284000.0,0.960454
2841,285024,285123,100.0,88.0,0.880000,272857.0,284100.0,0.960426
2842,285124,285223,100.0,98.0,0.980000,272955.0,284200.0,0.960433
2843,285224,285323,100.0,97.0,0.970000,273052.0,284300.0,0.960436
2844,285324,285423,100.0,96.0,0.960000,273148.0,284400.0,0.960436
2845,285424,285523,100.0,99.0,0.990000,273247.0,284500.0,0.960446
2846,285524,285623,100.0,87.0,0.870000,273334.0,284600.0,0.960415
2847,285624,285723,100.0,97.0,0.970000,273431.0,284700.0,0.960418
2848,285724,285823,100.0,99.0,0.990000,273530.0,284800.0,0.960428
2849,285824,285923,100.0,97.0,0.970000,273627.0,284900.0,0.960432
2850,285924,286023,100.0,94.0,0.940000,273721.0,285000.0,0.960425
2851,286024,286123,100.0,100.0,1.000000,273821.0,285100.0,0.960438
2852,286124,286223,100.0,83.0,0.830000,273904.0,285200.0,0.960393
2853,286224,286323,100.0,92.0,0.920000,273996.0,285300.0,0.960379
2854,286324,286423,100.0,93.5,0.935000,274089.5,285400.0,0.960370
2855,286424,286523,100.0,94.75,0.947500,274184.25,285500.0,0.960365
2856,286524,286623,100.0,98.75,0.987500,274283.0,285600.0,0.960375
2857,286624,286723,100.0,96.75,0.967500,274379.75,285700.0,0.960377
2858,286724,286823,100.0,96.75,0.967500,274476.5,285800.0,0.960380
2859,286824,286923,100.0,93.75,0.937500,274570.25,285900.0,0.960372
2860,286924,287023,100.0,97.75,0.977500,274668.0,286000.0,0.960378
2861,287024,287123,100.0,99.0,0.990000,274767.0,286100.0,0.960388
2862,287124,287223,100.0,99.0,0.990000,274866.0,286200.0,0.960398
2863,287224,287323,100.0,93.0,0.930000,274959.0,286300.0,0.960388
2864,287324,287423,100.0,96.0,0.960000,275055.0,286400.0,0.960388
2865,287424,287523,100.0,98.0,0.980000,275153.0,286500.0,0.960394
2866,287524,287623,100.0,100.0,1.000000,275253.0,286600.0,0.960408
2867,287624,287723,100.0,98.0,0.980000,275351.0,286700.0,0.960415
2868,287724,287823,100.0,98.0,0.980000,275449.0,286800.0,0.960422
2869,287824,287923,100.0,91.0,0.910000,275540.0,286900.0,0.960404
2870,287924,288023,100.0,96.0,0.960000,275636.0,287000.0,0.960404
2871,288024,288123,100.0,100.0,1.000000,275736.0,287100.0,0.960418
2872,288124,288223,100.0,94.0,0.940000,275830.0,287200.0,0.960411
2873,288224,288323,100.0,96.0,0.960000,275926.0,287300.0,0.960411
2874,288324,288423,100.0,98.0,0.980000,276024.0,287400.0,0.960418
2875,288424,288523,100.0,86.0,0.860000,276110.0,287500.0,0.960383
2876,288524,288623,100.0,97.0,0.970000,276207.0,287600.0,0.960386
2877,288624,288723,100.0,98.0,0.980000,276305.0,287700.0,0.960393
2878,288724,288823,100.0,97.0,0.970000,276402.0,287800.0,0.960396
2879,288824,288923,100.0,100.0,1.000000,276502.0,287900.0,0.960410
2880,288924,289023,100.0,95.0,0.950000,276597.0,288000.0,0.960406
2881,289024,289123,100.0,96.5,0.965000,276693.5,288100.0,0.960408
2882,289124,289223,100.0,97.5,0.975000,276791.0,288200.0,0.960413
2883,289224,289323,100.0,97.0,0.970000,276888.0,288300.0,0.960416
2884,289324,289423,100.0,98.0,0.980000,276986.0,288400.0,0.960423
2885,289424,289523,100.0,94.75,0.947500,277080.75,288500.0,0.960419
2886,289524,289623,100.0,94.25,0.942500,277175.0,288600.0,0.960412
2887,289624,289723,100.0,99.0,0.990000,277274.0,288700.0,0.960423
2888,289724,289823,100.0,91.0,0.910000,277365.0,288800.0,0.960405
2889,289824,289923,100.0,86.0,0.860000,277451.0,288900.0,0.960370
2890,289924,290023,100.0,88.0,0.880000,277539.0,289000.0,0.960343
2891,290024,290123,100.0,93.0,0.930000,277632.0,289100.0,0.960332
2892,290124,290223,100.0,98.0,0.980000,277730.0,289200.0,0.960339
2893,290224,290323,100.0,94.0,0.940000,277824.0,289300.0,0.960332
2894,290324,290423,100.0,98.0,0.980000,277922.0,289400.0,0.960339
2895,290424,290523,100.0,84.0,0.840000,278006.0,289500.0,0.960297
2896,290524,290623,100.0,94.0,0.940000,278100.0,289600.0,0.960290
2897,290624,290723,100.0,99.0,0.990000,278199.0,289700.0,0.960300
2898,290724,290823,100.0,96.0,0.960000,278295.0,289800.0,0.960300
2899,290824,290923,100.0,96.25,0.962500,278391.25,289900.0,0.960301
2900,290924,291023,100.0,91.75,0.917500,278483.0,290000.0,0.960286
2901,291024,291123,100.0,100.0,1.000000,278583.0,290100.0,0.960300
2902,291124,291223,100.0,98.0,0.980000,278681.0,290200.0,0.960307
2903,291224,291323,100.0,93.5,0.935000,278774.5,290300.0,0.960298
2904,291324,291423,100.0,94.5,0.945000,278869.0,290400.0,0.960293
2905,291424,291523,100.0,88.0,0.880000,278957.0,290500.0,0.960265
2906,291524,291623,100.0,100.0,1.000000,279057.0,290600.0,0.960279
2907,291624,291723,100.0,96.0,0.960000,279153.0,290700.0,0.960279
2908,291724,291823,100.0,97.0,0.970000,279250.0,290800.0,0.960282
2909,291824,291923,100.0,94.5,0.945000,279344.5,290900.0,0.960277
2910,291924,292023,100.0,88.5,0.885000,279433.0,291000.0,0.960251
2911,292024,292123,100.0,97.0,0.970000,279530.0,291100.0,0.960254
2912,292124,292223,100.0,99.0,0.990000,279629.0,291200.0,0.960264
2913,292224,292323,100.0,99.0,0.990000,279728.0,291300.0,0.960275
2914,292324,292423,100.0,95.5,0.955000,279823.5,291400.0,0.960273
2915,292424,292523,100.0,94.5,0.945000,279918.0,291500.0,0.960268
2916,292524,292623,100.0,98.0,0.980000,280016.0,291600.0,0.960274
2917,292624,292723,100.0,98.0,0.980000,280114.0,291700.0,0.960281
2918,292724,292823,100.0,99.0,0.990000,280213.0,291800.0,0.960291
2919,292824,292923,100.0,93.0,0.930000,280306.0,291900.0,0.960281
2920,292924,293023,100.0,98.0,0.980000,280404.0,292000.0,0.960288
2921,293024,293123,100.0,100.0,1.000000,280504.0,292100.0,0.960301
2922,293124,293223,100.0,99.0,0.990000,280603.0,292200.0,0.960311
2923,293224,293323,100.0,93.25,0.932500,280696.25,292300.0,0.960302
2924,293324,293423,100.0,92.75,0.927500,280789.0,292400.0,0.960291
2925,293424,293523,100.0,99.0,0.990000,280888.0,292500.0,0.960301
2926,293524,293623,100.0,99.5,0.995000,280987.5,292600.0,0.960313
2927,293624,293723,100.0,97.75,0.977500,281085.25,292700.0,0.960319
2928,293724,293823,100.0,88.75,0.887500,281174.0,292800.0,0.960294
2929,293824,293923,100.0,95.0,0.950000,281269.0,292900.0,0.960290
2930,293924,294023,100.0,98.0,0.980000,281367.0,293000.0,0.960297
2931,294024,294123,100.0,95.5,0.955000,281462.5,293100.0,0.960295
2932,294124,294223,100.0,98.5,0.985000,281561.0,293200.0,0.960304
2933,294224,294323,100.0,91.0,0.910000,281652.0,293300.0,0.960286
2934,294324,294423,100.0,95.0,0.950000,281747.0,293400.0,0.960283
2935,294424,294523,100.0,99.25,0.992500,281846.25,293500.0,0.960294
2936,294524,294623,100.0,97.75,0.977500,281944.0,293600.0,0.960300
2937,294624,294723,100.0,96.75,0.967500,282040.75,293700.0,0.960302
2938,294724,294823,100.0,91.25,0.912500,282132.0,293800.0,0.960286
2939,294824,294923,100.0,98.25,0.982500,282230.25,293900.0,0.960293
2940,294924,295023,100.0,94.75,0.947500,282325.0,294000.0,0.960289
2941,295024,295123,100.0,90.0,0.900000,282415.0,294100.0,0.960269
2942,295124,295223,100.0,97.0,0.970000,282512.0,294200.0,0.960272
2943,295224,295323,100.0,96.25,0.962500,282608.25,294300.0,0.960273
2944,295324,295423,100.0,98.75,0.987500,282707.0,294400.0,0.960282
2945,295424,295523,100.0,99.5,0.995000,282806.5,294500.0,0.960294
2946,295524,295623,100.0,87.5,0.875000,282894.0,294600.0,0.960265
2947,295624,295723,100.0,96.0,0.960000,282990.0,294700.0,0.960265
2948,295724,295823,100.0,96.0,0.960000,283086.0,294800.0,0.960265
2949,295824,295923,100.0,98.25,0.982500,283184.25,294900.0,0.960272
2950,295924,296023,100.0,88.75,0.887500,283273.0,295000.0,0.960247
2951,296024,296123,100.0,95.0,0.950000,283368.0,295100.0,0.960244
2952,296124,296223,100.0,93.0,0.930000,283461.0,295200.0,0.960234
2953,296224,296323,100.0,97.0,0.970000,283558.0,295300.0,0.960237
2954,296324,296423,100.0,92.0,0.920000,283650.0,295400.0,0.960223
2955,296424,296523,100.0,77.0,0.770000,283727.0,295500.0,0.960159
2956,296524,296623,100.0,100.0,1.000000,283827.0,295600.0,0.960173
2957,296624,296723,100.0,98.0,0.980000,283925.0,295700.0,0.960179
2958,296724,296823,100.0,99.0,0.990000,284024.0,295800.0,0.960189
2959,296824,296923,100.0,90.75,0.907500,284114.75,295900.0,0.960172
2960,296924,297023,100.0,97.25,0.972500,284212.0,296000.0,0.960176
2961,297024,297123,100.0,96.75,0.967500,284308.75,296100.0,0.960178
2962,297124,297223,100.0,97.25,0.972500,284406.0,296200.0,0.960182
2963,297224,297323,100.0,95.0,0.950000,284501.0,296300.0,0.960179
2964,297324,297423,100.0,98.0,0.980000,284599.0,296400.0,0.960186
2965,297424,297523,100.0,98.75,0.987500,284697.75,296500.0,0.960195
2966,297524,297623,100.0,94.25,0.942500,284792.0,296600.0,0.960189
2967,297624,297723,100.0,99.25,0.992500,284891.25,296700.0,0.960200
2968,297724,297823,100.0,96.75,0.967500,284988.0,296800.0,0.960202
2969,297824,297923,100.0,95.0,0.950000,285083.0,296900.0,0.960199
2970,297924,298023,100.0,97.0,0.970000,285180.0,297000.0,0.960202
2971,298024,298123,100.0,99.25,0.992500,285279.25,297100.0,0.960213
2972,298124,298223,100.0,96.75,0.967500,285376.0,297200.0,0.960215
2973,298224,298323,100.0,94.75,0.947500,285470.75,297300.0,0.960211
2974,298324,298423,100.0,85.75,0.857500,285556.5,297400.0,0.960177
2975,298424,298523,100.0,98.75,0.987500,285655.25,297500.0,0.960186
2976,298524,298623,100.0,99.75,0.997500,285755.0,297600.0,0.960198
2977,298624,298723,100.0,92.0,0.920000,285847.0,297700.0,0.960185
2978,298724,298823,100.0,99.5,0.995000,285946.5,297800.0,0.960196
2979,298824,298923,100.0,96.25,0.962500,286042.75,297900.0,0.960197
2980,298924,299023,100.0,97.25,0.972500,286140.0,298000.0,0.960201
2981,299024,299123,100.0,96.0,0.960000,286236.0,298100.0,0.960201
2982,299124,299223,100.0,97.0,0.970000,286333.0,298200.0,0.960205
2983,299224,299323,100.0,99.0,0.990000,286432.0,298300.0,0.960215
2984,299324,299423,100.0,97.0,0.970000,286529.0,298400.0,0.960218
2985,299424,299523,100.0,96.0,0.960000,286625.0,298500.0,0.960218
2986,299524,299623,100.0,84.0,0.840000,286709.0,298600.0,0.960177
2987,299624,299723,100.0,98.0,0.980000,286807.0,298700.0,0.960184
2988,299724,299823,100.0,99.0,0.990000,286906.0,298800.0,0.960194
2989,299824,299923,100.0,95.0,0.950000,287001.0,298900.0,0.960191
2990,299924,300023,100.0,93.0,0.930000,287094.0,299000.0,0.960181
2991,300024,300123,100.0,99.0,0.990000,287193.0,299100.0,0.960191
2992,300124,300223,100.0,100.0,1.000000,287293.0,299200.0,0.960204
2993,300224,300323,100.0,96.0,0.960000,287389.0,299300.0,0.960204
2994,300324,300423,100.0,99.0,0.990000,287488.0,299400.0,0.960214
2995,300424,300523,100.0,93.0,0.930000,287581.0,299500.0,0.960204
2996,300524,300623,100.0,100.0,1.000000,287681.0,299600.0,0.960217
2997,300624,300723,100.0,96.0,0.960000,287777.0,299700.0,0.960217
2998,300724,300823,100.0,99.0,0.990000,287876.0,299800.0,0.960227
2999,300824,300923,100.0,97.0,0.970000,287973.0,299900.0,0.960230
3000,300924,301023,100.0,99.0,0.990000,288072.0,300000.0,0.960240
3001,301024,301123,100.0,95.75,0.957500,288167.75,300100.0,0.960239
3002,301124,301223,100.0,98.25,0.982500,288266.0,300200.0,0.960247
3003,301224,301323,100.0,100.0,1.000000,288366.0,300300.0,0.960260
3004,301324,301423,100.0,99.0,0.990000,288465.0,300400.0,0.960270
3005,301424,301523,100.0,97.0,0.970000,288562.0,300500.0,0.960273
3006,301524,301623,100.0,98.5,0.985000,288660.5,300600.0,0.960281
3007,301624,301723,100.0,98.75,0.987500,288759.25,300700.0,0.960290
3008,301724,301823,100.0,98.75,0.987500,288858.0,300800.0,0.960299
3009,301824,301923,100.0,100.0,1.000000,288958.0,300900.0,0.960312
3010,301924,302023,100.0,95.0,0.950000,289053.0,301000.0,0.960309
3011,302024,302123,100.0,100.0,1.000000,289153.0,301100.0,0.960322
3012,302124,302223,100.0,100.0,1.000000,289253.0,301200.0,0.960335
3013,302224,302323,100.0,99.0,0.990000,289352.0,301300.0,0.960345
3014,302324,302423,100.0,98.0,0.980000,289450.0,301400.0,0.960352
3015,302424,302523,100.0,94.0,0.940000,289544.0,301500.0,0.960345
3016,302524,302623,100.0,99.0,0.990000,289643.0,301600.0,0.960355
3017,302624,302723,100.0,98.75,0.987500,289741.75,301700.0,0.960364
3018,302724,302823,100.0,98.25,0.982500,289840.0,301800.0,0.960371
3019,302824,302923,100.0,97.75,0.977500,289937.75,301900.0,0.960377
3020,302924,303023,100.0,89.25,0.892500,290027.0,302000.0,0.960354
3021,303024,303123,100.0,99.0,0.990000,290126.0,302100.0,0.960364
3022,303124,303223,100.0,100.0,1.000000,290226.0,302200.0,0.960377
3023,303224,303323,100.0,99.0,0.990000,290325.0,302300.0,0.960387
3024,303324,303423,100.0,100.0,1.000000,290425.0,302400.0,0.960400
3025,303424,303523,100.0,92.0,0.920000,290517.0,302500.0,0.960387
3026,303524,303623,100.0,97.0,0.970000,290614.0,302600.0,0.960390
3027,303624,303723,100.0,100.0,1.000000,290714.0,302700.0,0.960403
3028,303724,303823,100.0,100.0,1.000000,290814.0,302800.0,0.960416
3029,303824,303923,100.0,97.5,0.975000,290911.5,302900.0,0.960421
3030,303924,304023,100.0,85.5,0.855000,290997.0,303000.0,0.960386
3031,304024,304123,100.0,99.0,0.990000,291096.0,303100.0,0.960396
3032,304124,304223,100.0,100.0,1.000000,291196.0,303200.0,0.960409
3033,304224,304323,100.0,100.0,1.000000,291296.0,303300.0,0.960422
3034,304324,304423,100.0,98.0,0.980000,291394.0,303400.0,0.960428
3035,304424,304523,100.0,89.0,0.890000,291483.0,303500.0,0.960405
3036,304524,304623,100.0,98.0,0.980000,291581.0,303600.0,0.960412
3037,304624,304723,100.0,100.0,1.000000,291681.0,303700.0,0.960425
3038,304724,304823,100.0,100.0,1.000000,291781.0,303800.0,0.960438
3039,304824,304923,100.0,97.0,0.970000,291878.0,303900.0,0.960441
3040,304924,305023,100.0,91.0,0.910000,291969.0,304000.0,0.960424
3041,305024,305123,100.0,99.0,0.990000,292068.0,304100.0,0.960434
3042,305124,305223,100.0,93.0,0.930000,292161.0,304200.0,0.960424
3043,305224,305323,100.0,100.0,1.000000,292261.0,304300.0,0.960437
3044,305324,305423,100.0,97.0,0.970000,292358.0,304400.0,0.960440
3045,305424,305523,100.0,89.75,0.897500,292447.75,304500.0,0.960420
3046,305524,305623,100.0,99.25,0.992500,292547.0,304600.0,0.960430
3047,305624,305723,100.0,83.0,0.830000,292630.0,304700.0,0.960387
3048,305724,305823,100.0,97.0,0.970000,292727.0,304800.0,0.960390
3049,305824,305923,100.0,94.75,0.947500,292821.75,304900.0,0.960386
3050,305924,306023,100.0,96.25,0.962500,292918.0,305000.0,0.960387
3051,306024,306123,100.0,99.25,0.992500,293017.25,305100.0,0.960397
3052,306124,306223,100.0,89.75,0.897500,293107.0,305200.0,0.960377
3053,306224,306323,100.0,100.0,1.000000,293207.0,305300.0,0.960390
3054,306324,306423,100.0,96.0,0.960000,293303.0,305400.0,0.960390
3055,306424,306523,100.0,94.0,0.940000,293397.0,305500.0,0.960383
3056,306524,306623,100.0,98.0,0.980000,293495.0,305600.0,0.960389
3057,306624,306723,100.0,81.0,0.810000,293576.0,305700.0,0.960340
3058,306724,306823,100.0,99.0,0.990000,293675.0,305800.0,0.960350
3059,306824,306923,100.0,95.0,0.950000,293770.0,305900.0,0.960347
3060,306924,307023,100.0,90.0,0.900000,293860.0,306000.0,0.960327
3061,307024,307123,100.0,92.0,0.920000,293952.0,306100.0,0.960314
3062,307124,307223,100.0,95.0,0.950000,294047.0,306200.0,0.960310
3063,307224,307323,100.0,100.0,1.000000,294147.0,306300.0,0.960323
3064,307324,307423,100.0,93.0,0.930000,294240.0,306400.0,0.960313
3065,307424,307523,100.0,72.0,0.720000,294312.0,306500.0,0.960235
3066,307524,307623,100.0,98.0,0.980000,294410.0,306600.0,0.960241
3067,307624,307723,100.0,96.0,0.960000,294506.0,306700.0,0.960241
3068,307724,307823,100.0,100.0,1.000000,294606.0,306800.0,0.960254
3069,307824,307923,100.0,97.25,0.972500,294703.25,306900.0,0.960258
3070,307924,308023,100.0,89.75,0.897500,294793.0,307000.0,0.960238
3071,308024,308123,100.0,96.0,0.960000,294889.0,307100.0,0.960238
3072,308124,308223,100.0,97.0,0.970000,294986.0,307200.0,0.960241
3073,308224,308323,100.0,100.0,1.000000,295086.0,307300.0,0.960254
3074,308324,308423,100.0,91.5,0.915000,295177.5,307400.0,0.960239
3075,308424,308523,100.0,91.5,0.915000,295269.0,307500.0,0.960224
3076,308524,308623,100.0,96.0,0.960000,295365.0,307600.0,0.960224
3077,308624,308723,100.0,99.0,0.990000,295464.0,307700.0,0.960234
3078,308724,308823,100.0,100.0,1.000000,295564.0,307800.0,0.960247
3079,308824,308923,100.0,92.5,0.925000,295656.5,307900.0,0.960235
3080,308924,309023,100.0,97.5,0.975000,295754.0,308000.0,0.960240
3081,309024,309123,100.0,96.75,0.967500,295850.75,308100.0,0.960243
3082,309124,309223,100.0,95.25,0.952500,295946.0,308200.0,0.960240
3083,309224,309323,100.0,100.0,1.000000,296046.0,308300.0,0.960253
3084,309324,309423,100.0,93.0,0.930000,296139.0,308400.0,0.960243
3085,309424,309523,100.0,97.0,0.970000,296236.0,308500.0,0.960246
3086,309524,309623,100.0,96.0,0.960000,296332.0,308600.0,0.960246
3087,309624,309723,100.0,83.0,0.830000,296415.0,308700.0,0.960204
3088,309724,309823,100.0,100.0,1.000000,296515.0,308800.0,0.960217
3089,309824,309923,100.0,95.0,0.950000,296610.0,308900.0,0.960214
3090,309924,310023,100.0,95.5,0.955000,296705.5,309000.0,0.960212
3091,310024,310123,100.0,98.5,0.985000,296804.0,309100.0,0.960220
3092,310124,310223,100.0,97.0,0.970000,296901.0,309200.0,0.960223
3093,310224,310323,100.0,97.0,0.970000,296998.0,309300.0,0.960226
3094,310324,310423,100.0,97.5,0.975000,297095.5,309400.0,0.960231
3095,310424,310523,100.0,88.75,0.887500,297184.25,309500.0,0.960208
3096,310524,310623,100.0,99.75,0.997500,297284.0,309600.0,0.960220
3097,310624,310723,100.0,100.0,1.000000,297384.0,309700.0,0.960232
3098,310724,310823,100.0,98.0,0.980000,297482.0,309800.0,0.960239
3099,310824,310923,100.0,100.0,1.000000,297582.0,309900.0,0.960252
3100,310924,311023,100.0,92.0,0.920000,297674.0,310000.0,0.960239
3101,311024,311123,100.0,89.75,0.897500,297763.75,310100.0,0.960218
3102,311124,311223,100.0,97.25,0.972500,297861.0,310200.0,0.960222
3103,311224,311323,100.0,98.0,0.980000,297959.0,310300.0,0.960229
3104,311324,311423,100.0,98.0,0.980000,298057.0,310400.0,0.960235
3105,311424,311523,100.0,99.25,0.992500,298156.25,310500.0,0.960246
3106,311524,311623,100.0,81.75,0.817500,298238.0,310600.0,0.960200
3107,311624,311723,100.0,96.0,0.960000,298334.0,310700.0,0.960200
3108,311724,311823,100.0,97.0,0.970000,298431.0,310800.0,0.960203
3109,311824,311923,100.0,97.0,0.970000,298528.0,310900.0,0.960206
3110,311924,312023,100.0,100.0,1.000000,298628.0,311000.0,0.960219
3111,312024,312123,100.0,93.5,0.935000,298721.5,311100.0,0.960211
3112,312124,312223,100.0,93.5,0.935000,298815.0,311200.0,0.960202
3113,312224,312323,100.0,94.25,0.942500,298909.25,311300.0,0.960197
3114,312324,312423,100.0,91.75,0.917500,299001.0,311400.0,0.960183
3115,312424,312523,100.0,93.0,0.930000,299094.0,311500.0,0.960173
3116,312524,312623,100.0,100.0,1.000000,299194.0,311600.0,0.960186
3117,312624,312723,100.0,92.5,0.925000,299286.5,311700.0,0.960175
3118,312724,312823,100.0,97.0,0.970000,299383.5,311800.0,0.960178
3119,312824,312923,100.0,96.5,0.965000,299480.0,311900.0,0.960180
3120,312924,313023,100.0,91.0,0.910000,299571.0,312000.0,0.960163
3121,313024,313123,100.0,100.0,1.000000,299671.0,312100.0,0.960176
3122,313124,313223,100.0,100.0,1.000000,299771.0,312200.0,0.960189
3123,313224,313323,100.0,77.0,0.770000,299848.0,312300.0,0.960128
3124,313324,313423,100.0,90.0,0.900000,299938.0,312400.0,0.960109
3125,313424,313523,100.0,96.0,0.960000,300034.0,312500.0,0.960109
3126,313524,313623,100.0,88.5,0.885000,300122.5,312600.0,0.960085
3127,313624,313723,100.0,98.5,0.985000,300221.0,312700.0,0.960093
3128,313724,313823,100.0,99.0,0.990000,300320.0,312800.0,0.960102
3129,313824,313923,100.0,91.0,0.910000,300411.0,312900.0,0.960086
3130,313924,314023,100.0,94.0,0.940000,300505.0,313000.0,0.960080
3131,314024,314123,100.0,82.0,0.820000,300587.0,313100.0,0.960035
3132,314124,314223,100.0,94.0,0.940000,300681.0,313200.0,0.960029
3133,314224,314323,100.0,99.0,0.990000,300780.0,313300.0,0.960038
3134,314324,314423,100.0,99.0,0.990000,300879.0,313400.0,0.960048
3135,314424,314523,100.0,90.0,0.900000,300969.0,313500.0,0.960029
3136,314524,314623,100.0,90.0,0.900000,301059.0,313600.0,0.960010
3137,314624,314723,100.0,95.0,0.950000,301154.0,313700.0,0.960006
3138,314724,314823,100.0,87.0,0.870000,301241.0,313800.0,0.959978
3139,314824,314923,100.0,93.0,0.930000,301334.0,313900.0,0.959968
3140,314924,315023,100.0,100.0,1.000000,301434.0,314000.0,0.959981
3141,315024,315123,100.0,86.0,0.860000,301520.0,314100.0,0.959949
3142,315124,315223,100.0,93.0,0.930000,301613.0,314200.0,0.959940
3143,315224,315323,100.0,79.0,0.790000,301692.0,314300.0,0.959885
3144,315324,315423,100.0,97.0,0.970000,301789.0,314400.0,0.959889
3145,315424,315523,100.0,98.0,0.980000,301887.0,314500.0,0.959895
3146,315524,315623,100.0,100.0,1.000000,301987.0,314600.0,0.959908
3147,315624,315723,100.0,91.75,0.917500,302078.75,314700.0,0.959894
3148,315724,315823,100.0,95.25,0.952500,302174.0,314800.0,0.959892
3149,315824,315923,100.0,79.25,0.792500,302253.25,314900.0,0.959839
3150,315924,316023,100.0,97.75,0.977500,302351.0,315000.0,0.959844
3151,316024,316123,100.0,99.0,0.990000,302450.0,315100.0,0.959854
3152,316124,316223,100.0,100.0,1.000000,302550.0,315200.0,0.959867
3153,316224,316323,100.0,98.5,0.985000,302648.5,315300.0,0.959875
3154,316324,316423,100.0,94.0,0.940000,302742.5,315400.0,0.959868
3155,316424,316523,100.0,86.75,0.867500,302829.25,315500.0,0.959839
3156,316524,316623,100.0,96.75,0.967500,302926.0,315600.0,0.959842
3157,316624,316723,100.0,100.0,1.000000,303026.0,315700.0,0.959854
3158,316724,316823,100.0,97.0,0.970000,303123.0,315800.0,0.959858
3159,316824,316923,100.0,100.0,1.000000,303223.0,315900.0,0.959870
3160,316924,317023,100.0,97.0,0.970000,303320.0,316000.0,0.959873
3161,317024,317123,100.0,95.0,0.950000,303415.0,316100.0,0.959870
3162,317124,317223,100.0,80.0,0.800000,303495.0,316200.0,0.959820
3163,317224,317323,100.0,97.0,0.970000,303592.0,316300.0,0.959823
3164,317324,317423,100.0,98.0,0.980000,303690.0,316400.0,0.959829
3165,317424,317523,100.0,97.0,0.970000,303787.0,316500.0,0.959833
3166,317524,317623,100.0,96.0,0.960000,303883.0,316600.0,0.959833
3167,317624,317723,100.0,97.0,0.970000,303980.0,316700.0,0.959836
3168,317724,317823,100.0,98.0,0.980000,304078.0,316800.0,0.959842
3169,317824,317923,100.0,91.0,0.910000,304169.0,316900.0,0.959826
3170,317924,318023,100.0,100.0,1.000000,304269.0,317000.0,0.959839
3171,318024,318123,100.0,96.0,0.960000,304365.0,317100.0,0.959839
3172,318124,318223,100.0,100.0,1.000000,304465.0,317200.0,0.959852
3173,318224,318323,100.0,93.0,0.930000,304558.0,317300.0,0.959842
3174,318324,318423,100.0,98.0,0.980000,304656.0,317400.0,0.959849
3175,318424,318523,100.0,99.0,0.990000,304755.0,317500.0,0.959858
3176,318524,318623,100.0,96.0,0.960000,304851.0,317600.0,0.959858
3177,318624,318723,100.0,99.0,0.990000,304950.0,317700.0,0.959868
3178,318724,318823,100.0,97.0,0.970000,305047.0,317800.0,0.959871
3179,318824,318923,100.0,95.25,0.952500,305142.25,317900.0,0.959869
3180,318924,319023,100.0,98.75,0.987500,305241.0,318000.0,0.959877
3181,319024,319123,100.0,94.0,0.940000,305335.0,318100.0,0.959871
3182,319124,319223,100.0,89.5,0.895000,305424.5,318200.0,0.959851
3183,319224,319323,100.0,99.5,0.995000,305524.0,318300.0,0.959862
3184,319324,319423,100.0,98.0,0.980000,305622.0,318400.0,0.959868
3185,319424,319523,100.0,100.0,1.000000,305722.0,318500.0,0.959881
3186,319524,319623,100.0,97.0,0.970000,305819.0,318600.0,0.959884
3187,319624,319723,100.0,99.0,0.990000,305918.0,318700.0,0.959893
3188,319724,319823,100.0,99.0,0.990000,306017.0,318800.0,0.959903
3189,319824,319923,100.0,88.0,0.880000,306105.0,318900.0,0.959878
3190,319924,320023,100.0,98.0,0.980000,306203.0,319000.0,0.959884
3191,320024,320123,100.0,98.0,0.980000,306301.0,319100.0,0.959890
3192,320124,320223,100.0,98.0,0.980000,306399.0,319200.0,0.959897
3193,320224,320323,100.0,100.0,1.000000,306499.0,319300.0,0.959909
3194,320324,320423,100.0,98.0,0.980000,306597.0,319400.0,0.959915
3195,320424,320523,100.0,98.0,0.980000,306695.0,319500.0,0.959922
3196,320524,320623,100.0,97.0,0.970000,306792.0,319600.0,0.959925
3197,320624,320723,100.0,97.0,0.970000,306889.0,319700.0,0.959928
3198,320724,320823,100.0,100.0,1.000000,306989.0,319800.0,0.959941
3199,320824,320923,100.0,99.0,0.990000,307088.0,319900.0,0.959950
3200,320924,321023,100.0,99.0,0.990000,307187.0,320000.0,0.959959
3201,321024,321123,100.0,100.0,1.000000,307287.0,320100.0,0.959972
3202,321124,321223,100.0,97.0,0.970000,307384.0,320200.0,0.959975
3203,321224,321323,100.0,98.0,0.980000,307482.0,320300.0,0.959981
3204,321324,321423,100.0,98.0,0.980000,307580.0,320400.0,0.959988
3205,321424,321523,100.0,98.5,0.985000,307678.5,320500.0,0.959995
3206,321524,321623,100.0,96.5,0.965000,307775.0,320600.0,0.959997
3207,321624,321723,100.0,99.0,0.990000,307874.0,320700.0,0.960006
3208,321724,321823,100.0,98.0,0.980000,307972.0,320800.0,0.960012
3209,321824,321923,100.0,91.0,0.910000,308063.0,320900.0,0.959997
3210,321924,322023,100.0,100.0,1.000000,308163.0,321000.0,0.960009
3211,322024,322123,100.0,99.0,0.990000,308262.0,321100.0,0.960019
3212,322124,322223,100.0,100.0,1.000000,308362.0,321200.0,0.960031
3213,322224,322323,100.0,100.0,1.000000,308462.0,321300.0,0.960044
3214,322324,322423,100.0,99.0,0.990000,308561.0,321400.0,0.960053
3215,322424,322523,100.0,97.0,0.970000,308658.0,321500.0,0.960056
3216,322524,322623,100.0,93.0,0.930000,308751.0,321600.0,0.960047
3217,322624,322723,100.0,100.0,1.000000,308851.0,321700.0,0.960059
3218,322724,322823,100.0,99.0,0.990000,308950.0,321800.0,0.960068
3219,322824,322923,100.0,99.0,0.990000,309049.0,321900.0,0.960078
3220,322924,323023,100.0,98.0,0.980000,309147.0,322000.0,0.960084
3221,323024,323123,100.0,95.25,0.952500,309242.25,322100.0,0.960081
3222,323124,323223,100.0,95.75,0.957500,309338.0,322200.0,0.960081
3223,323224,323323,100.0,92.0,0.920000,309430.0,322300.0,0.960068
3224,323324,323423,100.0,100.0,1.000000,309530.0,322400.0,0.960081
3225,323424,323523,100.0,100.0,1.000000,309630.0,322500.0,0.960093
3226,323524,323623,100.0,92.0,0.920000,309722.0,322600.0,0.960081
3227,323624,323723,100.0,99.0,0.990000,309821.0,322700.0,0.960090
3228,323724,323823,100.0,88.0,0.880000,309909.0,322800.0,0.960065
3229,323824,323923,100.0,94.0,0.940000,310003.0,322900.0,0.960059
3230,323924,324023,100.0,91.0,0.910000,310094.0,323000.0,0.960043
3231,324024,324123,100.0,99.0,0.990000,310193.0,323100.0,0.960053
3232,324124,324223,100.0,97.0,0.970000,310290.0,323200.0,0.960056
3233,324224,324323,100.0,97.0,0.970000,310387.0,323300.0,0.960059
3234,324324,324423,100.0,94.0,0.940000,310481.0,323400.0,0.960053
3235,324424,324523,100.0,92.0,0.920000,310573.0,323500.0,0.960040
3236,324524,324623,100.0,91.0,0.910000,310664.0,323600.0,0.960025
3237,324624,324723,100.0,90.0,0.900000,310754.0,323700.0,0.960006
3238,324724,324823,100.0,89.0,0.890000,310843.0,323800.0,0.959985
3239,324824,324923,100.0,99.0,0.990000,310942.0,323900.0,0.959994
3240,324924,325023,100.0,98.0,0.980000,311040.0,324000.0,0.960000
3241,325024,325123,100.0,98.0,0.980000,311138.0,324100.0,0.960006
3242,325124,325223,100.0,95.5,0.955000,311233.5,324200.0,0.960005
3243,325224,325323,100.0,93.5,0.935000,311327.0,324300.0,0.959997
3244,325324,325423,100.0,94.0,0.940000,311421.0,324400.0,0.959991
3245,325424,325523,100.0,95.75,0.957500,311516.75,324500.0,0.959990
3246,325524,325623,100.0,99.25,0.992500,311616.0,324600.0,0.960000
3247,325624,325723,100.0,96.0,0.960000,311712.0,324700.0,0.960000
3248,325724,325823,100.0,99.0,0.990000,311811.0,324800.0,0.960009
3249,325824,325923,100.0,89.0,0.890000,311900.0,324900.0,0.959988
3250,325924,326023,100.0,88.5,0.885000,311988.5,325000.0,0.959965
3251,326024,326123,100.0,93.5,0.935000,312082.0,325100.0,0.959957
3252,326124,326223,100.0,90.0,0.900000,312172.0,325200.0,0.959938
3253,326224,326323,100.0,100.0,1.000000,312272.0,325300.0,0.959951
3254,326324,326423,100.0,94.0,0.940000,312366.0,325400.0,0.959945
3255,326424,326523,100.0,99.0,0.990000,312465.0,325500.0,0.959954
3256,326524,326623,100.0,92.0,0.920000,312557.0,325600.0,0.959942
3257,326624,326723,100.0,92.5,0.925000,312649.5,325700.0,0.959931
3258,326724,326823,100.0,88.5,0.885000,312738.0,325800.0,0.959908
3259,326824,326923,100.0,92.5,0.925000,312830.5,325900.0,0.959897
3260,326924,327023,100.0,99.5,0.995000,312930.0,326000.0,0.959908
3261,327024,327123,100.0,97.0,0.970000,313027.0,326100.0,0.959911
3262,327124,327223,100.0,97.5,0.975000,313124.5,326200.0,0.959916
3263,327224,327323,100.0,91.5,0.915000,313216.0,326300.0,0.959902
3264,327324,327423,100.0,91.0,0.910000,313307.0,326400.0,0.959887
3265,327424,327523,100.0,94.0,0.940000,313401.0,326500.0,0.959881
3266,327524,327623,100.0,93.0,0.930000,313494.0,326600.0,0.959871
3267,327624,327723,100.0,100.0,1.000000,313594.0,326700.0,0.959884
3268,327724,327823,100.0,100.0,1.000000,313694.0,326800.0,0.959896
3269,327824,327923,100.0,97.0,0.970000,313791.0,326900.0,0.959899
3270,327924,328023,100.0,98.5,0.985000,313889.5,327000.0,0.959907
3271,328024,328123,100.0,92.75,0.927500,313982.25,327100.0,0.959897
3272,328124,328223,100.0,88.75,0.887500,314071.0,327200.0,0.959875
3273,328224,328323,100.0,94.0,0.940000,314165.0,327300.0,0.959869
3274,328324,328423,100.0,100.0,1.000000,314265.0,327400.0,0.959881
3275,328424,328523,100.0,99.0,0.990000,314364.0,327500.0,0.959890
3276,328524,328623,100.0,96.0,0.960000,314460.0,327600.0,0.959890
3277,328624,328723,100.0,93.0,0.930000,314553.0,327700.0,0.959881
3278,328724,328823,100.0,88.5,0.885000,314641.5,327800.0,0.959858
3279,328824,328923,100.0,90.0,0.900000,314731.5,327900.0,0.959840
3280,328924,329023,100.0,89.5,0.895000,314821.0,328000.0,0.959820
3281,329024,329123,100.0,100.0,1.000000,314921.0,328100.0,0.959832
3282,329124,329223,100.0,89.0,0.890000,315010.0,328200.0,0.959811
3283,329224,329323,100.0,93.75,0.937500,315103.75,328300.0,0.959804
3284,329324,329423,100.0,93.25,0.932500,315197.0,328400.0,0.959796
3285,329424,329523,100.0,95.75,0.957500,315292.75,328500.0,0.959795
3286,329524,329623,100.0,90.75,0.907500,315383.5,328600.0,0.959779
3287,329624,329723,100.0,96.5,0.965000,315480.0,328700.0,0.959781
3288,329724,329823,100.0,100.0,1.000000,315580.0,328800.0,0.959793
3289,329824,329923,100.0,97.0,0.970000,315677.0,328900.0,0.959796
3290,329924,330023,100.0,97.0,0.970000,315774.0,329000.0,0.959799
3291,330024,330123,100.0,98.0,0.980000,315872.0,329100.0,0.959806
3292,330124,330223,100.0,95.0,0.950000,315967.0,329200.0,0.959803
3293,330224,330323,100.0,95.75,0.957500,316062.75,329300.0,0.959802
3294,330324,330423,100.0,93.75,0.937500,316156.5,329400.0,0.959795
3295,330424,330523,100.0,97.5,0.975000,316254.0,329500.0,0.959800
3296,330524,330623,100.0,97.0,0.970000,316351.0,329600.0,0.959803
3297,330624,330723,100.0,99.0,0.990000,316450.0,329700.0,0.959812
3298,330724,330823,100.0,98.0,0.980000,316548.0,329800.0,0.959818
3299,330824,330923,100.0,95.25,0.952500,316643.25,329900.0,0.959816
3300,330924,331023,100.0,94.75,0.947500,316738.0,330000.0,0.959812
3301,331024,331123,100.0,87.25,0.872500,316825.25,330100.0,0.959786
3302,331124,331223,100.0,93.75,0.937500,316919.0,330200.0,0.959779
3303,331224,331323,100.0,96.0,0.960000,317015.0,330300.0,0.959779
3304,331324,331423,100.0,98.0,0.980000,317113.0,330400.0,0.959785
3305,331424,331523,100.0,93.75,0.937500,317206.75,330500.0,0.959778
3306,331524,331623,100.0,95.25,0.952500,317302.0,330600.0,0.959776
3307,331624,331723,100.0,94.0,0.940000,317396.0,330700.0,0.959770
3308,331724,331823,100.0,83.0,0.830000,317479.0,330800.0,0.959731
3309,331824,331923,100.0,96.0,0.960000,317575.0,330900.0,0.959731
3310,331924,332023,100.0,98.0,0.980000,317673.0,331000.0,0.959737
3311,332024,332123,100.0,96.25,0.962500,317769.25,331100.0,0.959738
3312,332124,332223,100.0,95.75,0.957500,317865.0,331200.0,0.959737
3313,332224,332323,100.0,93.75,0.937500,317958.75,331300.0,0.959731
3314,332324,332423,100.0,90.25,0.902500,318049.0,331400.0,0.959713
3315,332424,332523,100.0,90.5,0.905000,318139.5,331500.0,0.959697
3316,332524,332623,100.0,93.5,0.935000,318233.0,331600.0,0.959689
3317,332624,332723,100.0,99.0,0.990000,318332.0,331700.0,0.959699
3318,332724,332823,100.0,97.0,0.970000,318429.0,331800.0,0.959702
3319,332824,332923,100.0,91.5,0.915000,318520.5,331900.0,0.959688
3320,332924,333023,100.0,93.5,0.935000,318614.0,332000.0,0.959681
3321,333024,333123,100.0,96.0,0.960000,318710.0,332100.0,0.959681
3322,333124,333223,100.0,82.5,0.825000,318792.5,332200.0,0.959640
3323,333224,333323,100.0,92.5,0.925000,318885.0,332300.0,0.959630
3324,333324,333423,100.0,99.0,0.990000,318984.0,332400.0,0.959639
3325,333424,333523,100.0,97.0,0.970000,319081.0,332500.0,0.959642
3326,333524,333623,100.0,100.0,1.000000,319181.0,332600.0,0.959654
3327,333624,333723,100.0,98.0,0.980000,319279.0,332700.0,0.959660
3328,333724,333823,100.0,96.0,0.960000,319375.0,332800.0,0.959660
3329,333824,333923,100.0,77.75,0.777500,319452.75,332900.0,0.959606
3330,333924,334023,100.0,94.75,0.947500,319547.5,333000.0,0.959602
3331,334024,334123,100.0,97.75,0.977500,319645.25,333100.0,0.959607
3332,334124,334223,100.0,99.75,0.997500,319745.0,333200.0,0.959619
3333,334224,334323,100.0,90.0,0.900000,319835.0,333300.0,0.959601
3334,334324,334423,100.0,100.0,1.000000,319935.0,333400.0,0.959613
3335,334424,334523,100.0,94.75,0.947500,320029.75,333500.0,0.959609
3336,334524,334623,100.0,87.25,0.872500,320117.0,333600.0,0.959583
3337,334624,334723,100.0,95.0,0.950000,320212.0,333700.0,0.959580
3338,334724,334823,100.0,95.0,0.950000,320307.0,333800.0,0.959578
3339,334824,334923,100.0,98.0,0.980000,320405.0,333900.0,0.959584
3340,334924,335023,100.0,87.0,0.870000,320492.0,334000.0,0.959557
3341,335024,335123,100.0,98.5,0.985000,320590.5,334100.0,0.959565
3342,335124,335223,100.0,95.0,0.950000,320685.5,334200.0,0.959562
3343,335224,335323,100.0,99.5,0.995000,320785.0,334300.0,0.959572
3344,335324,335423,100.0,90.0,0.900000,320875.0,334400.0,0.959554
3345,335424,335523,100.0,100.0,1.000000,320975.0,334500.0,0.959567
3346,335524,335623,100.0,100.0,1.000000,321075.0,334600.0,0.959579
3347,335624,335723,100.0,94.0,0.940000,321169.0,334700.0,0.959573
3348,335724,335823,100.0,97.0,0.970000,321266.0,334800.0,0.959576
3349,335824,335923,100.0,90.75,0.907500,321356.75,334900.0,0.959560
3350,335924,336023,100.0,92.25,0.922500,321449.0,335000.0,0.959549
3351,336024,336123,100.0,98.0,0.980000,321547.0,335100.0,0.959555
3352,336124,336223,100.0,96.0,0.960000,321643.0,335200.0,0.959555
3353,336224,336323,100.0,99.0,0.990000,321742.0,335300.0,0.959565
3354,336324,336423,100.0,93.5,0.935000,321835.5,335400.0,0.959557
3355,336424,336523,100.0,96.5,0.965000,321932.0,335500.0,0.959559
3356,336524,336623,100.0,95.0,0.950000,322027.0,335600.0,0.959556
3357,336624,336723,100.0,98.0,0.980000,322125.0,335700.0,0.959562
3358,336724,336823,100.0,96.0,0.960000,322221.0,335800.0,0.959562
3359,336824,336923,100.0,92.0,0.920000,322313.0,335900.0,0.959550
3360,336924,337023,100.0,99.0,0.990000,322412.0,336000.0,0.959560
3361,337024,337123,100.0,95.75,0.957500,322507.75,336100.0,0.959559
3362,337124,337223,100.0,98.25,0.982500,322606.0,336200.0,0.959566
3363,337224,337323,100.0,96.25,0.962500,322702.25,336300.0,0.959567
3364,337324,337423,100.0,95.75,0.957500,322798.0,336400.0,0.959566
3365,337424,337523,100.0,93.0,0.930000,322891.0,336500.0,0.959557
3366,337524,337623,100.0,99.0,0.990000,322990.0,336600.0,0.959566
3367,337624,337723,100.0,100.0,1.000000,323090.0,336700.0,0.959578
3368,337724,337823,100.0,93.0,0.930000,323183.0,336800.0,0.959569
3369,337824,337923,100.0,96.75,0.967500,323279.75,336900.0,0.959572
3370,337924,338023,100.0,89.25,0.892500,323369.0,337000.0,0.959552
3371,338024,338123,100.0,97.25,0.972500,323466.25,337100.0,0.959556
3372,338124,338223,100.0,95.75,0.957500,323562.0,337200.0,0.959555
3373,338224,338323,100.0,99.0,0.990000,323661.0,337300.0,0.959564
3374,338324,338423,100.0,99.0,0.990000,323760.0,337400.0,0.959573
3375,338424,338523,100.0,89.0,0.890000,323849.0,337500.0,0.959553
3376,338524,338623,100.0,95.0,0.950000,323944.0,337600.0,0.959550
3377,338624,338723,100.0,88.5,0.885000,324032.5,337700.0,0.959528
3378,338724,338823,100.0,88.5,0.885000,324121.0,337800.0,0.959506
3379,338824,338923,100.0,95.25,0.952500,324216.25,337900.0,0.959504
3380,338924,339023,100.0,99.75,0.997500,324316.0,338000.0,0.959515
3381,339024,339123,100.0,99.0,0.990000,324415.0,338100.0,0.959524
3382,339124,339223,100.0,97.0,0.970000,324512.0,338200.0,0.959527
3383,339224,339323,100.0,95.75,0.957500,324607.75,338300.0,0.959526
3384,339324,339423,100.0,96.25,0.962500,324704.0,338400.0,0.959527
3385,339424,339523,100.0,90.25,0.902500,324794.25,338500.0,0.959510
3386,339524,339623,100.0,91.75,0.917500,324886.0,338600.0,0.959498
3387,339624,339723,100.0,97.0,0.970000,324983.0,338700.0,0.959501
3388,339724,339823,100.0,96.0,0.960000,325079.0,338800.0,0.959501
3389,339824,339923,100.0,99.0,0.990000,325178.0,338900.0,0.959510
3390,339924,340023,100.0,97.0,0.970000,325275.0,339000.0,0.959513
3391,340024,340123,100.0,97.0,0.970000,325372.0,339100.0,0.959516
3392,340124,340223,100.0,88.0,0.880000,325460.0,339200.0,0.959493
3393,340224,340323,100.0,92.0,0.920000,325552.0,339300.0,0.959481
3394,340324,340423,100.0,100.0,1.000000,325652.0,339400.0,0.959493
3395,340424,340523,100.0,97.0,0.970000,325749.0,339500.0,0.959496
3396,340524,340623,100.0,99.0,0.990000,325848.0,339600.0,0.959505
3397,340624,340723,100.0,93.0,0.930000,325941.0,339700.0,0.959497
3398,340724,340823,100.0,90.0,0.900000,326031.0,339800.0,0.959479
3399,340824,340923,100.0,85.25,0.852500,326116.25,339900.0,0.959448
3400,340924,341023,100.0,98.75,0.987500,326215.0,340000.0,0.959456
3401,341024,341123,100.0,99.5,0.995000,326314.5,340100.0,0.959466
3402,341124,341223,100.0,95.5,0.955000,326410.0,340200.0,0.959465
3403,341224,341323,100.0,96.0,0.960000,326506.0,340300.0,0.959465
3404,341324,341423,100.0,95.0,0.950000,326601.0,340400.0,0.959462
3405,341424,341523,100.0,97.0,0.970000,326698.0,340500.0,0.959465
3406,341524,341623,100.0,93.0,0.930000,326791.0,340600.0,0.959457
3407,341624,341723,100.0,100.0,1.000000,326891.0,340700.0,0.959469
3408,341724,341823,100.0,93.0,0.930000,326984.0,340800.0,0.959460
3409,341824,341923,100.0,98.5,0.985000,327082.5,340900.0,0.959468
3410,341924,342023,100.0,92.5,0.925000,327175.0,341000.0,0.959457
3411,342024,342123,100.0,99.0,0.990000,327274.0,341100.0,0.959466
3412,342124,342223,100.0,98.0,0.980000,327372.0,341200.0,0.959472
3413,342224,342323,100.0,100.0,1.000000,327472.0,341300.0,0.959484
3414,342324,342423,100.0,95.0,0.950000,327567.0,341400.0,0.959482
3415,342424,342523,100.0,100.0,1.000000,327667.0,341500.0,0.959493
3416,342524,342623,100.0,95.0,0.950000,327762.0,341600.0,0.959491
3417,342624,342723,100.0,97.25,0.972500,327859.25,341700.0,0.959494
3418,342724,342823,100.0,90.75,0.907500,327950.0,341800.0,0.959479
3419,342824,342923,100.0,97.0,0.970000,328047.0,341900.0,0.959482
3420,342924,343023,100.0,100.0,1.000000,328147.0,342000.0,0.959494
3421,343024,343123,100.0,97.0,0.970000,328244.0,342100.0,0.959497
3422,343124,343223,100.0,95.0,0.950000,328339.0,342200.0,0.959494
3423,343224,343323,100.0,96.0,0.960000,328435.0,342300.0,0.959495
3424,343324,343423,100.0,98.0,0.980000,328533.0,342400.0,0.959501
3425,343424,343523,100.0,100.0,1.000000,328633.0,342500.0,0.959512
3426,343524,343623,100.0,100.0,1.000000,328733.0,342600.0,0.959524
3427,343624,343723,100.0,95.0,0.950000,328828.0,342700.0,0.959521
3428,343724,343823,100.0,95.0,0.950000,328923.0,342800.0,0.959519
3429,343824,343923,100.0,98.5,0.985000,329021.5,342900.0,0.959526
3430,343924,344023,100.0,98.0,0.980000,329119.5,343000.0,0.959532
3431,344024,344123,100.0,95.5,0.955000,329215.0,343100.0,0.959531
3432,344124,344223,100.0,100.0,1.000000,329315.0,343200.0,0.959543
3433,344224,344323,100.0,95.75,0.957500,329410.75,343300.0,0.959542
3434,344324,344423,100.0,94.25,0.942500,329505.0,343400.0,0.959537
3435,344424,344523,100.0,98.0,0.980000,329603.0,343500.0,0.959543
3436,344524,344623,100.0,96.0,0.960000,329699.0,343600.0,0.959543
3437,344624,344723,100.0,87.75,0.877500,329786.75,343700.0,0.959519
3438,344724,344823,100.0,99.25,0.992500,329886.0,343800.0,0.959529
3439,344824,344923,100.0,96.5,0.965000,329982.5,343900.0,0.959530
3440,344924,345023,100.0,93.5,0.935000,330076.0,344000.0,0.959523
3441,345024,345123,100.0,95.0,0.950000,330171.0,344100.0,0.959520
3442,345124,345223,100.0,97.0,0.970000,330268.0,344200.0,0.959524
3443,345224,345323,100.0,94.25,0.942500,330362.25,344300.0,0.959519
3444,345324,345423,100.0,99.75,0.997500,330462.0,344400.0,0.959530
3445,345424,345523,100.0,97.5,0.975000,330559.5,344500.0,0.959534
3446,345524,345623,100.0,93.0,0.930000,330652.5,344600.0,0.959526
3447,345624,345723,100.0,95.5,0.955000,330748.0,344700.0,0.959524
3448,345724,345823,100.0,98.0,0.980000,330846.0,344800.0,0.959530
3449,345824,345923,100.0,95.5,0.955000,330941.5,344900.0,0.959529
3450,345924,346023,100.0,98.5,0.985000,331040.0,345000.0,0.959536
3451,346024,346123,100.0,97.0,0.970000,331137.0,345100.0,0.959539
3452,346124,346223,100.0,97.0,0.970000,331234.0,345200.0,0.959542
3453,346224,346323,100.0,93.0,0.930000,331327.0,345300.0,0.959534
3454,346324,346423,100.0,87.0,0.870000,331414.0,345400.0,0.959508
3455,346424,346523,100.0,84.5,0.845000,331498.5,345500.0,0.959475
3456,346524,346623,100.0,97.5,0.975000,331596.0,345600.0,0.959479
3457,346624,346723,100.0,97.75,0.977500,331693.75,345700.0,0.959484
3458,346724,346823,100.0,95.75,0.957500,331789.5,345800.0,0.959484
3459,346824,346923,100.0,91.5,0.915000,331881.0,345900.0,0.959471
3460,346924,347023,100.0,93.0,0.930000,331974.0,346000.0,0.959462
3461,347024,347123,100.0,93.0,0.930000,332067.0,346100.0,0.959454
3462,347124,347223,100.0,100.0,1.000000,332167.0,346200.0,0.959466
3463,347224,347323,100.0,94.0,0.940000,332261.0,346300.0,0.959460
3464,347324,347423,100.0,89.0,0.890000,332350.0,346400.0,0.959440
3465,347424,347523,100.0,92.0,0.920000,332442.0,346500.0,0.959429
3466,347524,347623,100.0,92.5,0.925000,332534.5,346600.0,0.959419
3467,347624,347723,100.0,94.5,0.945000,332629.0,346700.0,0.959414
3468,347724,347823,100.0,100.0,1.000000,332729.0,346800.0,0.959426
3469,347824,347923,100.0,96.0,0.960000,332825.0,346900.0,0.959426
3470,347924,348023,100.0,91.0,0.910000,332916.0,347000.0,0.959412
3471,348024,348123,100.0,94.75,0.947500,333010.75,347100.0,0.959409
3472,348124,348223,100.0,92.25,0.922500,333103.0,347200.0,0.959398
3473,348224,348323,100.0,100.0,1.000000,333203.0,347300.0,0.959410
3474,348324,348423,100.0,100.0,1.000000,333303.0,347400.0,0.959421
3475,348424,348523,100.0,98.0,0.980000,333401.0,347500.0,0.959427
3476,348524,348623,100.0,92.0,0.920000,333493.0,347600.0,0.959416
3477,348624,348723,100.0,96.0,0.960000,333589.0,347700.0,0.959416
3478,348724,348823,100.0,93.0,0.930000,333682.0,347800.0,0.959408
3479,348824,348923,100.0,100.0,1.000000,333782.0,347900.0,0.959419
3480,348924,349023,100.0,100.0,1.000000,333882.0,348000.0,0.959431
3481,349024,349123,100.0,92.5,0.925000,333974.5,348100.0,0.959421
3482,349124,349223,100.0,94.5,0.945000,334069.0,348200.0,0.959417
3483,349224,349323,100.0,94.0,0.940000,334163.0,348300.0,0.959411
3484,349324,349423,100.0,85.0,0.850000,334248.0,348400.0,0.959380
3485,349424,349523,100.0,100.0,1.000000,334348.0,348500.0,0.959392
3486,349524,349623,100.0,99.5,0.995000,334447.5,348600.0,0.959402
3487,349624,349723,100.0,90.75,0.907500,334538.25,348700.0,0.959387
3488,349724,349823,100.0,94.75,0.947500,334633.0,348800.0,0.959384
3489,349824,349923,100.0,97.0,0.970000,334730.0,348900.0,0.959387
3490,349924,350023,100.0,91.0,0.910000,334821.0,349000.0,0.959372
3491,350024,350123,100.0,97.0,0.970000,334918.0,349100.0,0.959376
3492,350124,350223,100.0,100.0,1.000000,335018.0,349200.0,0.959387
3493,350224,350323,100.0,90.25,0.902500,335108.25,349300.0,0.959371
3494,350324,350423,100.0,95.75,0.957500,335204.0,349400.0,0.959370
3495,350424,350523,100.0,99.0,0.990000,335303.0,349500.0,0.959379
3496,350524,350623,100.0,95.0,0.950000,335398.0,349600.0,0.959376
3497,350624,350723,100.0,99.0,0.990000,335497.0,349700.0,0.959385
3498,350724,350823,100.0,100.0,1.000000,335597.0,349800.0,0.959397
3499,350824,350923,100.0,95.25,0.952500,335692.25,349900.0,0.959395
3500,350924,351023,100.0,99.75,0.997500,335792.0,350000.0,0.959406
3501,351024,351123,100.0,96.0,0.960000,335888.0,350100.0,0.959406
3502,351124,351223,100.0,98.0,0.980000,335986.0,350200.0,0.959412
3503,351224,351323,100.0,96.0,0.960000,336082.0,350300.0,0.959412
3504,351324,351423,100.0,100.0,1.000000,336182.0,350400.0,0.959424
3505,351424,351523,100.0,95.25,0.952500,336277.25,350500.0,0.959422
3506,351524,351623,100.0,95.75,0.957500,336373.0,350600.0,0.959421
3507,351624,351723,100.0,95.25,0.952500,336468.25,350700.0,0.959419
3508,351724,351823,100.0,97.75,0.977500,336566.0,350800.0,0.959424
3509,351824,351923,100.0,98.0,0.980000,336664.0,350900.0,0.959430
3510,351924,352023,100.0,100.0,1.000000,336764.0,351000.0,0.959442
3511,352024,352123,100.0,98.0,0.980000,336862.0,351100.0,0.959447
3512,352124,352223,100.0,95.0,0.950000,336957.0,351200.0,0.959445
3513,352224,352323,100.0,96.0,0.960000,337053.0,351300.0,0.959445
3514,352324,352423,100.0,96.0,0.960000,337149.0,351400.0,0.959445
3515,352424,352523,100.0,98.0,0.980000,337247.0,351500.0,0.959451
3516,352524,352623,100.0,100.0,1.000000,337347.0,351600.0,0.959462
3517,352624,352723,100.0,100.0,1.000000,337447.0,351700.0,0.959474
3518,352724,352823,100.0,99.5,0.995000,337546.5,351800.0,0.959484
3519,352824,352923,100.0,84.75,0.847500,337631.25,351900.0,0.959452
3520,352924,353023,100.0,95.75,0.957500,337727.0,352000.0,0.959452
3521,353024,353123,100.0,97.0,0.970000,337824.0,352100.0,0.959455
3522,353124,353223,100.0,100.0,1.000000,337924.0,352200.0,0.959466
3523,353224,353323,100.0,94.0,0.940000,338018.0,352300.0,0.959461
3524,353324,353423,100.0,98.0,0.980000,338116.0,352400.0,0.959467
3525,353424,353523,100.0,94.75,0.947500,338210.75,352500.0,0.959463
3526,353524,353623,100.0,89.25,0.892500,338300.0,352600.0,0.959444
3527,353624,353723,100.0,94.0,0.940000,338394.0,352700.0,0.959439
3528,353724,353823,100.0,100.0,1.000000,338494.0,352800.0,0.959450
3529,353824,353923,100.0,95.0,0.950000,338589.0,352900.0,0.959447
3530,353924,354023,100.0,98.0,0.980000,338687.0,353000.0,0.959453
3531,354024,354123,100.0,99.25,0.992500,338786.25,353100.0,0.959463
3532,354124,354223,100.0,87.75,0.877500,338874.0,353200.0,0.959439
3533,354224,354323,100.0,90.0,0.900000,338964.0,353300.0,0.959423
3534,354324,354423,100.0,99.0,0.990000,339063.0,353400.0,0.959431
3535,354424,354523,100.0,96.25,0.962500,339159.25,353500.0,0.959432
3536,354524,354623,100.0,93.75,0.937500,339253.0,353600.0,0.959426
3537,354624,354723,100.0,97.25,0.972500,339350.25,353700.0,0.959430
3538,354724,354823,100.0,82.25,0.822500,339432.5,353800.0,0.959391
3539,354824,354923,100.0,95.5,0.955000,339528.0,353900.0,0.959390
3540,354924,355023,100.0,99.0,0.990000,339627.0,354000.0,0.959398
3541,355024,355123,100.0,99.5,0.995000,339726.5,354100.0,0.959408
3542,355124,355223,100.0,96.5,0.965000,339823.0,354200.0,0.959410
3543,355224,355323,100.0,99.0,0.990000,339922.0,354300.0,0.959419
3544,355324,355423,100.0,94.0,0.940000,340016.0,354400.0,0.959413
3545,355424,355523,100.0,95.25,0.952500,340111.25,354500.0,0.959411
3546,355524,355623,100.0,94.75,0.947500,340206.0,354600.0,0.959408
3547,355624,355723,100.0,97.0,0.970000,340303.0,354700.0,0.959411
3548,355724,355823,100.0,94.0,0.940000,340397.0,354800.0,0.959405
3549,355824,355923,100.0,98.0,0.980000,340495.0,354900.0,0.959411
3550,355924,356023,100.0,97.5,0.975000,340592.5,355000.0,0.959415
3551,356024,356123,100.0,94.5,0.945000,340687.0,355100.0,0.959411
3552,356124,356223,100.0,98.0,0.980000,340785.0,355200.0,0.959417
3553,356224,356323,100.0,99.5,0.995000,340884.5,355300.0,0.959427
3554,356324,356423,100.0,95.5,0.955000,340980.0,355400.0,0.959426
3555,356424,356523,100.0,97.5,0.975000,341077.5,355500.0,0.959430
3556,356524,356623,100.0,95.5,0.955000,341173.0,355600.0,0.959429
3557,356624,356723,100.0,92.0,0.920000,341265.0,355700.0,0.959418
3558,356724,356823,100.0,100.0,1.000000,341365.0,355800.0,0.959429
3559,356824,356923,100.0,100.0,1.000000,341465.0,355900.0,0.959441
3560,356924,357023,100.0,95.0,0.950000,341560.0,356000.0,0.959438
3561,357024,357123,100.0,100.0,1.000000,341660.0,356100.0,0.959450
3562,357124,357223,100.0,98.5,0.985000,341758.5,356200.0,0.959457
3563,357224,357323,100.0,90.0,0.900000,341848.5,356300.0,0.959440
3564,357324,357423,100.0,95.5,0.955000,341944.0,356400.0,0.959439
3565,357424,357523,100.0,100.0,1.000000,342044.0,356500.0,0.959450
3566,357524,357623,100.0,97.0,0.970000,342141.0,356600.0,0.959453
3567,357624,357723,100.0,99.0,0.990000,342240.0,356700.0,0.959462
3568,357724,357823,100.0,99.0,0.990000,342339.0,356800.0,0.959470
3569,357824,357923,100.0,93.25,0.932500,342432.25,356900.0,0.959463
3570,357924,358023,100.0,92.75,0.927500,342525.0,357000.0,0.959454
3571,358024,358123,100.0,100.0,1.000000,342625.0,357100.0,0.959465
3572,358124,358223,100.0,99.0,0.990000,342724.0,357200.0,0.959474
3573,358224,358323,100.0,97.75,0.977500,342821.75,357300.0,0.959479
3574,358324,358423,100.0,99.25,0.992500,342921.0,357400.0,0.959488
3575,358424,358523,100.0,89.25,0.892500,343010.25,357500.0,0.959469
3576,358524,358623,100.0,85.75,0.857500,343096.0,357600.0,0.959441
3577,358624,358723,100.0,100.0,1.000000,343196.0,357700.0,0.959452
3578,358724,358823,100.0,98.5,0.985000,343294.5,357800.0,0.959459
3579,358824,358923,100.0,88.5,0.885000,343383.0,357900.0,0.959438
3580,358924,359023,100.0,98.0,0.980000,343481.0,358000.0,0.959444
3581,359024,359123,100.0,94.75,0.947500,343575.75,358100.0,0.959441
3582,359124,359223,100.0,86.75,0.867500,343662.5,358200.0,0.959415
3583,359224,359323,100.0,99.5,0.995000,343762.0,358300.0,0.959425
3584,359324,359423,100.0,96.0,0.960000,343858.0,358400.0,0.959425
3585,359424,359523,100.0,93.75,0.937500,343951.75,358500.0,0.959419
3586,359524,359623,100.0,99.25,0.992500,344051.0,358600.0,0.959428
3587,359624,359723,100.0,92.75,0.927500,344143.75,358700.0,0.959419
3588,359724,359823,100.0,88.25,0.882500,344232.0,358800.0,0.959398
3589,359824,359923,100.0,100.0,1.000000,344332.0,358900.0,0.959409
3590,359924,360023,100.0,96.5,0.965000,344428.5,359000.0,0.959411
3591,360024,360123,100.0,94.0,0.940000,344522.5,359100.0,0.959405
3592,360124,360223,100.0,99.5,0.995000,344622.0,359200.0,0.959415
3593,360224,360323,100.0,95.0,0.950000,344717.0,359300.0,0.959413
3594,360324,360423,100.0,91.0,0.910000,344808.0,359400.0,0.959399
3595,360424,360523,100.0,100.0,1.000000,344908.0,359500.0,0.959410
3596,360524,360623,100.0,94.0,0.940000,345002.0,359600.0,0.959405
3597,360624,360723,100.0,96.0,0.960000,345098.0,359700.0,0.959405
3598,360724,360823,100.0,99.0,0.990000,345197.0,359800.0,0.959414
3599,360824,360923,100.0,96.0,0.960000,345293.0,359900.0,0.959414
3600,360924,361023,100.0,91.0,0.910000,345384.0,360000.0,0.959400
3601,361024,361123,100.0,100.0,1.000000,345484.0,360100.0,0.959411
3602,361124,361223,100.0,94.0,0.940000,345578.0,360200.0,0.959406
3603,361224,361323,100.0,96.0,0.960000,345674.0,360300.0,0.959406
3604,361324,361423,100.0,99.0,0.990000,345773.0,360400.0,0.959415
3605,361424,361523,100.0,94.0,0.940000,345867.0,360500.0,0.959409
3606,361524,361623,100.0,97.0,0.970000,345964.0,360600.0,0.959412
3607,361624,361723,100.0,100.0,1.000000,346064.0,360700.0,0.959423
3608,361724,361823,100.0,93.0,0.930000,346157.0,360800.0,0.959415
3609,361824,361923,100.0,93.75,0.937500,346250.75,360900.0,0.959409
3610,361924,362023,100.0,97.75,0.977500,346348.5,361000.0,0.959414
3611,362024,362123,100.0,96.5,0.965000,346445.0,361100.0,0.959416
3612,362124,362223,100.0,94.0,0.940000,346539.0,361200.0,0.959410
3613,362224,362323,100.0,100.0,1.000000,346639.0,361300.0,0.959422
3614,362324,362423,100.0,96.0,0.960000,346735.0,361400.0,0.959422
3615,362424,362523,100.0,99.0,0.990000,346834.0,361500.0,0.959430
3616,362524,362623,100.0,100.0,1.000000,346934.0,361600.0,0.959441
3617,362624,362723,100.0,95.75,0.957500,347029.75,361700.0,0.959441
3618,362724,362823,100.0,98.25,0.982500,347128.0,361800.0,0.959447
3619,362824,362923,100.0,100.0,1.000000,347228.0,361900.0,0.959458
3620,362924,363023,100.0,94.0,0.940000,347322.0,362000.0,0.959453
3621,363024,363123,100.0,100.0,1.000000,347422.0,362100.0,0.959464
3622,363124,363223,100.0,98.0,0.980000,347520.0,362200.0,0.959470
3623,363224,363323,100.0,97.25,0.972500,347617.25,362300.0,0.959474
3624,363324,363423,100.0,99.75,0.997500,347717.0,362400.0,0.959484
3625,363424,363523,100.0,99.75,0.997500,347816.75,362500.0,0.959494
3626,363524,363623,100.0,98.25,0.982500,347915.0,362600.0,0.959501
3627,363624,363723,100.0,99.0,0.990000,348014.0,362700.0,0.959509
3628,363724,363823,100.0,95.0,0.950000,348109.0,362800.0,0.959507
3629,363824,363923,100.0,98.0,0.980000,348207.0,362900.0,0.959512
3630,363924,364023,100.0,100.0,1.000000,348307.0,363000.0,0.959523
3631,364024,364123,100.0,96.25,0.962500,348403.25,363100.0,0.959524
3632,364124,364223,100.0,98.75,0.987500,348502.0,363200.0,0.959532
3633,364224,364323,100.0,99.5,0.995000,348601.5,363300.0,0.959542
3634,364324,364423,100.0,92.0,0.920000,348693.5,363400.0,0.959531
3635,364424,364523,100.0,88.5,0.885000,348782.0,363500.0,0.959510
3636,364524,364623,100.0,99.0,0.990000,348881.0,363600.0,0.959519
3637,364624,364723,100.0,98.75,0.987500,348979.75,363700.0,0.959526
3638,364724,364823,100.0,97.25,0.972500,349077.0,363800.0,0.959530
3639,364824,364923,100.0,98.25,0.982500,349175.25,363900.0,0.959536
3640,364924,365023,100.0,88.75,0.887500,349264.0,364000.0,0.959516
3641,365024,365123,100.0,93.0,0.930000,349357.0,364100.0,0.959508
3642,365124,365223,100.0,98.0,0.980000,349455.0,364200.0,0.959514
3643,365224,365323,100.0,94.0,0.940000,349549.0,364300.0,0.959509
3644,365324,365423,100.0,99.0,0.990000,349648.0,364400.0,0.959517
3645,365424,365523,100.0,97.0,0.970000,349745.0,364500.0,0.959520
3646,365524,365623,100.0,92.0,0.920000,349837.0,364600.0,0.959509
3647,365624,365723,100.0,96.0,0.960000,349933.0,364700.0,0.959509
3648,365724,365823,100.0,96.0,0.960000,350029.0,364800.0,0.959509
3649,365824,365923,100.0,98.75,0.987500,350127.75,364900.0,0.959517
3650,365924,366023,100.0,99.25,0.992500,350227.0,365000.0,0.959526
3651,366024,366123,100.0,96.5,0.965000,350323.5,365100.0,0.959528
3652,366124,366223,100.0,95.5,0.955000,350419.0,365200.0,0.959526
3653,366224,366323,100.0,88.0,0.880000,350507.0,365300.0,0.959505
3654,366324,366423,100.0,97.5,0.975000,350604.5,365400.0,0.959509
3655,366424,366523,100.0,97.5,0.975000,350702.0,365500.0,0.959513
3656,366524,366623,100.0,88.0,0.880000,350790.0,365600.0,0.959491
3657,366624,366723,100.0,94.0,0.940000,350884.0,365700.0,0.959486
3658,366724,366823,100.0,88.0,0.880000,350972.0,365800.0,0.959464
3659,366824,366923,100.0,97.0,0.970000,351069.0,365900.0,0.959467
3660,366924,367023,100.0,99.0,0.990000,351168.0,366000.0,0.959475
3661,367024,367123,100.0,96.75,0.967500,351264.75,366100.0,0.959478
3662,367124,367223,100.0,95.75,0.957500,351360.5,366200.0,0.959477
3663,367224,367323,100.0,88.5,0.885000,351449.0,366300.0,0.959457
3664,367324,367423,100.0,97.0,0.970000,351546.0,366400.0,0.959460
3665,367424,367523,100.0,98.5,0.985000,351644.5,366500.0,0.959467
3666,367524,367623,100.0,96.5,0.965000,351741.0,366600.0,0.959468
3667,367624,367723,100.0,98.0,0.980000,351839.0,366700.0,0.959474
3668,367724,367823,100.0,87.0,0.870000,351926.0,366800.0,0.959449
3669,367824,367923,100.0,96.0,0.960000,352022.0,366900.0,0.959449
3670,367924,368023,100.0,97.5,0.975000,352119.5,367000.0,0.959454
3671,368024,368123,100.0,98.5,0.985000,352218.0,367100.0,0.959461
3672,368124,368223,100.0,100.0,1.000000,352318.0,367200.0,0.959472
3673,368224,368323,100.0,93.0,0.930000,352411.0,367300.0,0.959464
3674,368324,368423,100.0,96.0,0.960000,352507.0,367400.0,0.959464
3675,368424,368523,100.0,97.0,0.970000,352604.0,367500.0,0.959467
3676,368524,368623,100.0,94.0,0.940000,352698.0,367600.0,0.959461
3677,368624,368723,100.0,99.0,0.990000,352797.0,367700.0,0.959470
3678,368724,368823,100.0,99.0,0.990000,352896.0,367800.0,0.959478
3679,368824,368923,100.0,73.75,0.737500,352969.75,367900.0,0.959418
3680,368924,369023,100.0,91.25,0.912500,353061.0,368000.0,0.959405
3681,369024,369123,100.0,99.0,0.990000,353160.0,368100.0,0.959413
3682,369124,369223,100.0,99.0,0.990000,353259.0,368200.0,0.959422
3683,369224,369323,100.0,98.5,0.985000,353357.5,368300.0,0.959428
3684,369324,369423,100.0,92.5,0.925000,353450.0,368400.0,0.959419
3685,369424,369523,100.0,92.75,0.927500,353542.75,368500.0,0.959410
3686,369524,369623,100.0,93.25,0.932500,353636.0,368600.0,0.959403
3687,369624,369723,100.0,99.0,0.990000,353735.0,368700.0,0.959411
3688,369724,369823,100.0,98.0,0.980000,353833.0,368800.0,0.959417
3689,369824,369923,100.0,96.0,0.960000,353929.0,368900.0,0.959417
3690,369924,370023,100.0,88.0,0.880000,354017.0,369000.0,0.959396
3691,370024,370123,100.0,93.25,0.932500,354110.25,369100.0,0.959388
3692,370124,370223,100.0,97.75,0.977500,354208.0,369200.0,0.959393
3693,370224,370323,100.0,97.0,0.970000,354305.0,369300.0,0.959396
3694,370324,370423,100.0,100.0,1.000000,354405.0,369400.0,0.959407
3695,370424,370523,100.0,93.0,0.930000,354498.0,369500.0,0.959399
3696,370524,370623,100.0,87.0,0.870000,354585.0,369600.0,0.959375
3697,370624,370723,100.0,100.0,1.000000,354685.0,369700.0,0.959386
3698,370724,370823,100.0,96.5,0.965000,354781.5,369800.0,0.959388
3699,370824,370923,100.0,99.5,0.995000,354881.0,369900.0,0.959397
3700,370924,371023,100.0,97.0,0.970000,354978.0,370000.0,0.959400
3701,371024,371123,100.0,93.25,0.932500,355071.25,370100.0,0.959393
3702,371124,371223,100.0,89.75,0.897500,355161.0,370200.0,0.959376
3703,371224,371323,100.0,97.0,0.970000,355258.0,370300.0,0.959379
3704,371324,371423,100.0,98.0,0.980000,355356.0,370400.0,0.959384
3705,371424,371523,100.0,97.0,0.970000,355453.0,370500.0,0.959387
3706,371524,371623,100.0,97.5,0.975000,355550.5,370600.0,0.959392
3707,371624,371723,100.0,85.0,0.850000,355635.5,370700.0,0.959362
3708,371724,371823,100.0,96.5,0.965000,355732.0,370800.0,0.959364
3709,371824,371923,100.0,99.0,0.990000,355831.0,370900.0,0.959372
3710,371924,372023,100.0,100.0,1.000000,355931.0,371000.0,0.959383
3711,372024,372123,100.0,99.0,0.990000,356030.0,371100.0,0.959391
3712,372124,372223,100.0,90.0,0.900000,356120.0,371200.0,0.959375
3713,372224,372323,100.0,91.0,0.910000,356211.0,371300.0,0.959362
3714,372324,372423,100.0,99.0,0.990000,356310.0,371400.0,0.959370
3715,372424,372523,100.0,98.25,0.982500,356408.25,371500.0,0.959376
3716,372524,372623,100.0,99.75,0.997500,356508.0,371600.0,0.959386
3717,372624,372723,100.0,94.75,0.947500,356602.75,371700.0,0.959383
3718,372724,372823,100.0,94.75,0.947500,356697.5,371800.0,0.959380
3719,372824,372923,100.0,97.5,0.975000,356795.0,371900.0,0.959384
3720,372924,373023,100.0,99.0,0.990000,356894.0,372000.0,0.959392
3721,373024,373123,100.0,98.0,0.980000,356992.0,372100.0,0.959398
3722,373124,373223,100.0,96.0,0.960000,357088.0,372200.0,0.959398
3723,373224,373323,100.0,90.25,0.902500,357178.25,372300.0,0.959383
3724,373324,373423,100.0,86.75,0.867500,357265.0,372400.0,0.959358
3725,373424,373523,100.0,99.0,0.990000,357364.0,372500.0,0.959366
3726,373524,373623,100.0,97.0,0.970000,357461.0,372600.0,0.959369
3727,373624,373723,100.0,99.0,0.990000,357560.0,372700.0,0.959378
3728,373724,373823,100.0,97.0,0.970000,357657.0,372800.0,0.959380
3729,373824,373923,100.0,85.75,0.857500,357742.75,372900.0,0.959353
3730,373924,374023,100.0,96.75,0.967500,357839.5,373000.0,0.959355
3731,374024,374123,100.0,98.5,0.985000,357938.0,373100.0,0.959362
3732,374124,374223,100.0,94.0,0.940000,358032.0,373200.0,0.959357
3733,374224,374323,100.0,99.0,0.990000,358131.0,373300.0,0.959365
3734,374324,374423,100.0,95.0,0.950000,358226.0,373400.0,0.959363
3735,374424,374523,100.0,89.5,0.895000,358315.5,373500.0,0.959345
3736,374524,374623,100.0,98.5,0.985000,358414.0,373600.0,0.959352
3737,374624,374723,100.0,99.75,0.997500,358513.75,373700.0,0.959362
3738,374724,374823,100.0,98.25,0.982500,358612.0,373800.0,0.959369
3739,374824,374923,100.0,98.0,0.980000,358710.0,373900.0,0.959374
3740,374924,375023,100.0,100.0,1.000000,358810.0,374000.0,0.959385
3741,375024,375123,100.0,96.5,0.965000,358906.5,374100.0,0.959387
3742,375124,375223,100.0,93.5,0.935000,359000.0,374200.0,0.959380
3743,375224,375323,100.0,89.0,0.890000,359089.0,374300.0,0.959361
3744,375324,375423,100.0,99.0,0.990000,359188.0,374400.0,0.959370
3745,375424,375523,100.0,98.0,0.980000,359286.0,374500.0,0.959375
3746,375524,375623,100.0,96.0,0.960000,359382.0,374600.0,0.959375
3747,375624,375723,100.0,99.25,0.992500,359481.25,374700.0,0.959384
3748,375724,375823,100.0,88.75,0.887500,359570.0,374800.0,0.959365
3749,375824,375923,100.0,88.0,0.880000,359658.0,374900.0,0.959344
3750,375924,376023,100.0,97.5,0.975000,359755.5,375000.0,0.959348
3751,376024,376123,100.0,98.75,0.987500,359854.25,375100.0,0.959356
3752,376124,376223,100.0,96.75,0.967500,359951.0,375200.0,0.959358
3753,376224,376323,100.0,100.0,1.000000,360051.0,375300.0,0.959369
3754,376324,376423,100.0,95.0,0.950000,360146.0,375400.0,0.959366
3755,376424,376523,100.0,94.25,0.942500,360240.25,375500.0,0.959362
3756,376524,376623,100.0,93.75,0.937500,360334.0,375600.0,0.959356
3757,376624,376723,100.0,97.0,0.970000,360431.0,375700.0,0.959359
3758,376724,376823,100.0,99.0,0.990000,360530.0,375800.0,0.959367
3759,376824,376923,100.0,100.0,1.000000,360630.0,375900.0,0.959377
3760,376924,377023,100.0,100.0,1.000000,360730.0,376000.0,0.959388
3761,377024,377123,100.0,90.75,0.907500,360820.75,376100.0,0.959375
3762,377124,377223,100.0,95.25,0.952500,360916.0,376200.0,0.959373
3763,377224,377323,100.0,98.0,0.980000,361014.0,376300.0,0.959378
3764,377324,377423,100.0,99.0,0.990000,361113.0,376400.0,0.959386
3765,377424,377523,100.0,97.75,0.977500,361210.75,376500.0,0.959391
3766,377524,377623,100.0,99.25,0.992500,361310.0,376600.0,0.959400
3767,377624,377723,100.0,100.0,1.000000,361410.0,376700.0,0.959411
3768,377724,377823,100.0,92.0,0.920000,361502.0,376800.0,0.959400
3769,377824,377923,100.0,93.75,0.937500,361595.75,376900.0,0.959394
3770,377924,378023,100.0,96.25,0.962500,361692.0,377000.0,0.959395
3771,378024,378123,100.0,95.0,0.950000,361787.0,377100.0,0.959393
3772,378124,378223,100.0,100.0,1.000000,361887.0,377200.0,0.959403
3773,378224,378323,100.0,100.0,1.000000,361987.0,377300.0,0.959414
3774,378324,378423,100.0,99.0,0.990000,362086.0,377400.0,0.959422
3775,378424,378523,100.0,98.0,0.980000,362184.0,377500.0,0.959428
3776,378524,378623,100.0,85.0,0.850000,362269.0,377600.0,0.959399
3777,378624,378723,100.0,90.0,0.900000,362359.0,377700.0,0.959383
3778,378724,378823,100.0,99.0,0.990000,362458.0,377800.0,0.959391
3779,378824,378923,100.0,97.0,0.970000,362555.0,377900.0,0.959394
3780,378924,379023,100.0,100.0,1.000000,362655.0,378000.0,0.959405
3781,379024,379123,100.0,96.0,0.960000,362751.0,378100.0,0.959405
3782,379124,379223,100.0,82.0,0.820000,362833.0,378200.0,0.959368
3783,379224,379323,100.0,94.0,0.940000,362927.0,378300.0,0.959363
3784,379324,379423,100.0,98.0,0.980000,363025.0,378400.0,0.959368
3785,379424,379523,100.0,99.5,0.995000,363124.5,378500.0,0.959378
3786,379524,379623,100.0,98.5,0.985000,363223.0,378600.0,0.959385
3787,379624,379723,100.0,100.0,1.000000,363323.0,378700.0,0.959395
3788,379724,379823,100.0,87.0,0.870000,363410.0,378800.0,0.959372
3789,379824,379923,100.0,92.0,0.920000,363502.0,378900.0,0.959361
3790,379924,380023,100.0,96.0,0.960000,363598.0,379000.0,0.959361
3791,380024,380123,100.0,94.25,0.942500,363692.25,379100.0,0.959357
3792,380124,380223,100.0,97.75,0.977500,363790.0,379200.0,0.959362
3793,380224,380323,100.0,100.0,1.000000,363890.0,379300.0,0.959373
3794,380324,380423,100.0,96.5,0.965000,363986.5,379400.0,0.959374
3795,380424,380523,100.0,92.5,0.925000,364079.0,379500.0,0.959365
3796,380524,380623,100.0,97.0,0.970000,364176.0,379600.0,0.959368
3797,380624,380723,100.0,91.0,0.910000,364267.0,379700.0,0.959355
3798,380724,380823,100.0,97.0,0.970000,364364.0,379800.0,0.959358
3799,380824,380923,100.0,99.0,0.990000,364463.0,379900.0,0.959366
3800,380924,381023,100.0,100.0,1.000000,364563.0,380000.0,0.959376
3801,381024,381123,100.0,94.0,0.940000,364657.0,380100.0,0.959371
3802,381124,381223,100.0,85.5,0.855000,364742.5,380200.0,0.959344
3803,381224,381323,100.0,94.5,0.945000,364837.0,380300.0,0.959340
3804,381324,381423,100.0,92.0,0.920000,364929.0,380400.0,0.959330
3805,381424,381523,100.0,98.5,0.985000,365027.5,380500.0,0.959336
3806,381524,381623,100.0,98.5,0.985000,365126.0,380600.0,0.959343
3807,381624,381723,100.0,100.0,1.000000,365226.0,380700.0,0.959354
3808,381724,381823,100.0,100.0,1.000000,365326.0,380800.0,0.959364
3809,381824,381923,100.0,99.0,0.990000,365425.0,380900.0,0.959373
3810,381924,382023,100.0,96.5,0.965000,365521.5,381000.0,0.959374
3811,382024,382123,100.0,93.75,0.937500,365615.25,381100.0,0.959368
3812,382124,382223,100.0,99.75,0.997500,365715.0,381200.0,0.959378
3813,382224,382323,100.0,100.0,1.000000,365815.0,381300.0,0.959389
3814,382324,382423,100.0,99.0,0.990000,365914.0,381400.0,0.959397
3815,382424,382523,100.0,99.25,0.992500,366013.25,381500.0,0.959406
3816,382524,382623,100.0,96.75,0.967500,366110.0,381600.0,0.959408
3817,382624,382723,100.0,94.0,0.940000,366204.0,381700.0,0.959403
3818,382724,382823,100.0,99.0,0.990000,366303.0,381800.0,0.959411
3819,382824,382923,100.0,100.0,1.000000,366403.0,381900.0,0.959421
3820,382924,383023,100.0,100.0,1.000000,366503.0,382000.0,0.959432
3821,383024,383123,100.0,96.0,0.960000,366599.0,382100.0,0.959432
3822,383124,383223,100.0,96.0,0.960000,366695.0,382200.0,0.959432
3823,383224,383323,100.0,96.25,0.962500,366791.25,382300.0,0.959433
3824,383324,383423,100.0,88.75,0.887500,366880.0,382400.0,0.959414
3825,383424,383523,100.0,96.0,0.960000,366976.0,382500.0,0.959414
3826,383524,383623,100.0,100.0,1.000000,367076.0,382600.0,0.959425
3827,383624,383723,100.0,92.5,0.925000,367168.5,382700.0,0.959416
3828,383724,383823,100.0,98.5,0.985000,367267.0,382800.0,0.959423
3829,383824,383923,100.0,93.0,0.930000,367360.0,382900.0,0.959415
3830,383924,384023,100.0,94.0,0.940000,367454.0,383000.0,0.959410
3831,384024,384123,100.0,94.5,0.945000,367548.5,383100.0,0.959406
3832,384124,384223,100.0,95.5,0.955000,367644.0,383200.0,0.959405
3833,384224,384323,100.0,100.0,1.000000,367744.0,383300.0,0.959416
3834,384324,384423,100.0,95.0,0.950000,367839.0,383400.0,0.959413
3835,384424,384523,100.0,94.0,0.940000,367933.0,383500.0,0.959408
3836,384524,384623,100.0,91.0,0.910000,368024.0,383600.0,0.959395
3837,384624,384723,100.0,97.0,0.970000,368121.0,383700.0,0.959398
3838,384724,384823,100.0,96.0,0.960000,368217.0,383800.0,0.959398
3839,384824,384923,100.0,99.0,0.990000,368316.0,383900.0,0.959406
3840,384924,385023,100.0,100.0,1.000000,368416.0,384000.0,0.959417
3841,385024,385123,100.0,96.0,0.960000,368512.0,384100.0,0.959417
3842,385124,385223,100.0,97.0,0.970000,368609.0,384200.0,0.959420
3843,385224,385323,100.0,94.0,0.940000,368703.0,384300.0,0.959415
3844,385324,385423,100.0,99.0,0.990000,368802.0,384400.0,0.959422
3845,385424,385523,100.0,97.0,0.970000,368899.0,384500.0,0.959425
3846,385524,385623,100.0,100.0,1.000000,368999.0,384600.0,0.959436
3847,385624,385723,100.0,92.25,0.922500,369091.25,384700.0,0.959426
3848,385724,385823,100.0,98.75,0.987500,369190.0,384800.0,0.959433
3849,385824,385923,100.0,94.25,0.942500,369284.25,384900.0,0.959429
3850,385924,386023,100.0,94.75,0.947500,369379.0,385000.0,0.959426
3851,386024,386123,100.0,95.25,0.952500,369474.25,385100.0,0.959424
3852,386124,386223,100.0,95.75,0.957500,369570.0,385200.0,0.959424
3853,386224,386323,100.0,100.0,1.000000,369670.0,385300.0,0.959434
3854,386324,386423,100.0,94.0,0.940000,369764.0,385400.0,0.959429
3855,386424,386523,100.0,86.0,0.860000,369850.0,385500.0,0.959403
3856,386524,386623,100.0,98.0,0.980000,369948.0,385600.0,0.959409
3857,386624,386723,100.0,95.0,0.950000,370043.0,385700.0,0.959406
3858,386724,386823,100.0,99.0,0.990000,370142.0,385800.0,0.959414
3859,386824,386923,100.0,100.0,1.000000,370242.0,385900.0,0.959425
3860,386924,387023,100.0,96.0,0.960000,370338.0,386000.0,0.959425
3861,387024,387123,100.0,99.75,0.997500,370437.75,386100.0,0.959435
3862,387124,387223,100.0,89.25,0.892500,370527.0,386200.0,0.959417
3863,387224,387323,100.0,95.75,0.957500,370622.75,386300.0,0.959417
3864,387324,387423,100.0,95.25,0.952500,370718.0,386400.0,0.959415
3865,387424,387523,100.0,95.0,0.950000,370813.0,386500.0,0.959413
3866,387524,387623,100.0,100.0,1.000000,370913.0,386600.0,0.959423
3867,387624,387723,100.0,97.0,0.970000,371010.0,386700.0,0.959426
3868,387724,387823,100.0,96.0,0.960000,371106.0,386800.0,0.959426
3869,387824,387923,100.0,94.0,0.940000,371200.0,386900.0,0.959421
3870,387924,388023,100.0,97.5,0.975000,371297.5,387000.0,0.959425
3871,388024,388123,100.0,97.0,0.970000,371394.5,387100.0,0.959428
3872,388124,388223,100.0,99.5,0.995000,371494.0,387200.0,0.959437
3873,388224,388323,100.0,97.75,0.977500,371591.75,387300.0,0.959442
3874,388324,388423,100.0,97.25,0.972500,371689.0,387400.0,0.959445
3875,388424,388523,100.0,100.0,1.000000,371789.0,387500.0,0.959455
3876,388524,388623,100.0,93.0,0.930000,371882.0,387600.0,0.959448
3877,388624,388723,100.0,93.5,0.935000,371975.5,387700.0,0.959442
3878,388724,388823,100.0,97.5,0.975000,372073.0,387800.0,0.959446
3879,388824,388923,100.0,100.0,1.000000,372173.0,387900.0,0.959456
3880,388924,389023,100.0,85.0,0.850000,372258.0,388000.0,0.959428
3881,389024,389123,100.0,99.75,0.997500,372357.75,388100.0,0.959438
3882,389124,389223,100.0,90.25,0.902500,372448.0,388200.0,0.959423
3883,389224,389323,100.0,97.0,0.970000,372545.0,388300.0,0.959426
3884,389324,389423,100.0,99.0,0.990000,372644.0,388400.0,0.959434
3885,389424,389523,100.0,99.0,0.990000,372743.0,388500.0,0.959441
3886,389524,389623,100.0,96.0,0.960000,372839.0,388600.0,0.959442
3887,389624,389723,100.0,99.0,0.990000,372938.0,388700.0,0.959449
3888,389724,389823,100.0,98.0,0.980000,373036.0,388800.0,0.959455
3889,389824,389923,100.0,98.75,0.987500,373134.75,388900.0,0.959462
3890,389924,390023,100.0,98.25,0.982500,373233.0,389000.0,0.959468
3891,390024,390123,100.0,96.0,0.960000,373329.0,389100.0,0.959468
3892,390124,390223,100.0,100.0,1.000000,373429.0,389200.0,0.959478
3893,390224,390323,100.0,83.0,0.830000,373512.0,389300.0,0.959445
3894,390324,390423,100.0,95.0,0.950000,373607.0,389400.0,0.959443
3895,390424,390523,100.0,91.0,0.910000,373698.0,389500.0,0.959430
3896,390524,390623,100.0,96.0,0.960000,373794.0,389600.0,0.959430
3897,390624,390723,100.0,97.0,0.970000,373891.0,389700.0,0.959433
3898,390724,390823,100.0,100.0,1.000000,373991.0,389800.0,0.959443
3899,390824,390923,100.0,90.5,0.905000,374081.5,389900.0,0.959429
3900,390924,391023,100.0,95.5,0.955000,374177.0,390000.0,0.959428
3901,391024,391123,100.0,90.25,0.902500,374267.25,390100.0,0.959414
3902,391124,391223,100.0,94.75,0.947500,374362.0,390200.0,0.959411
3903,391224,391323,100.0,99.0,0.990000,374461.0,390300.0,0.959418
3904,391324,391423,100.0,100.0,1.000000,374561.0,390400.0,0.959429
3905,391424,391523,100.0,94.5,0.945000,374655.5,390500.0,0.959425
3906,391524,391623,100.0,76.5,0.765000,374732.0,390600.0,0.959375
3907,391624,391723,100.0,87.75,0.877500,374819.75,390700.0,0.959354
3908,391724,391823,100.0,97.25,0.972500,374917.0,390800.0,0.959358
3909,391824,391923,100.0,100.0,1.000000,375017.0,390900.0,0.959368
3910,391924,392023,100.0,99.0,0.990000,375116.0,391000.0,0.959376
3911,392024,392123,100.0,97.75,0.977500,375213.75,391100.0,0.959381
3912,392124,392223,100.0,91.25,0.912500,375305.0,391200.0,0.959369
3913,392224,392323,100.0,89.0,0.890000,375394.0,391300.0,0.959351
3914,392324,392423,100.0,99.0,0.990000,375493.0,391400.0,0.959359
3915,392424,392523,100.0,96.0,0.960000,375589.0,391500.0,0.959359
3916,392524,392623,100.0,99.0,0.990000,375688.0,391600.0,0.959367
3917,392624,392723,100.0,100.0,1.000000,375788.0,391700.0,0.959377
3918,392724,392823,100.0,86.0,0.860000,375874.0,391800.0,0.959352
3919,392824,392923,100.0,90.25,0.902500,375964.25,391900.0,0.959337
3920,392924,393023,100.0,90.75,0.907500,376055.0,392000.0,0.959324
3921,393024,393123,100.0,95.0,0.950000,376150.0,392100.0,0.959322
3922,393124,393223,100.0,91.0,0.910000,376241.0,392200.0,0.959309
3923,393224,393323,100.0,100.0,1.000000,376341.0,392300.0,0.959319
3924,393324,393423,100.0,95.0,0.950000,376436.0,392400.0,0.959317
3925,393424,393523,100.0,84.0,0.840000,376520.0,392500.0,0.959287
3926,393524,393623,100.0,91.5,0.915000,376611.5,392600.0,0.959275
3927,393624,393723,100.0,96.0,0.960000,376707.5,392700.0,0.959276
3928,393724,393823,100.0,99.5,0.995000,376807.0,392800.0,0.959285
3929,393824,393923,100.0,92.0,0.920000,376899.0,392900.0,0.959275
3930,393924,394023,100.0,100.0,1.000000,376999.0,393000.0,0.959285
3931,394024,394123,100.0,93.25,0.932500,377092.25,393100.0,0.959278
3932,394124,394223,100.0,90.75,0.907500,377183.0,393200.0,0.959265
3933,394224,394323,100.0,91.0,0.910000,377274.0,393300.0,0.959252
3934,394324,394423,100.0,98.0,0.980000,377372.0,393400.0,0.959258
3935,394424,394523,100.0,92.0,0.920000,377464.0,393500.0,0.959248
3936,394524,394623,100.0,99.0,0.990000,377563.0,393600.0,0.959256
3937,394624,394723,100.0,98.75,0.987500,377661.75,393700.0,0.959263
3938,394724,394823,100.0,80.25,0.802500,377742.0,393800.0,0.959223
3939,394824,394923,100.0,94.0,0.940000,377836.0,393900.0,0.959218
3940,394924,395023,100.0,94.0,0.940000,377930.0,394000.0,0.959213
3941,395024,395123,100.0,95.0,0.950000,378025.0,394100.0,0.959211
3942,395124,395223,100.0,95.0,0.950000,378120.0,394200.0,0.959209
3943,395224,395323,100.0,99.0,0.990000,378219.0,394300.0,0.959216
3944,395324,395423,100.0,96.0,0.960000,378315.0,394400.0,0.959217
3945,395424,395523,100.0,99.5,0.995000,378414.5,394500.0,0.959226
3946,395524,395623,100.0,81.5,0.815000,378496.0,394600.0,0.959189
3947,395624,395723,100.0,99.0,0.990000,378595.0,394700.0,0.959197
3948,395724,395823,100.0,92.0,0.920000,378687.0,394800.0,0.959187
3949,395824,395923,100.0,95.0,0.950000,378782.0,394900.0,0.959185
3950,395924,396023,100.0,100.0,1.000000,378882.0,395000.0,0.959195
3951,396024,396123,100.0,97.0,0.970000,378979.0,395100.0,0.959198
3952,396124,396223,100.0,78.0,0.780000,379057.0,395200.0,0.959152
3953,396224,396323,100.0,90.0,0.900000,379147.0,395300.0,0.959137
3954,396324,396423,100.0,87.0,0.870000,379234.0,395400.0,0.959115
3955,396424,396523,100.0,95.0,0.950000,379329.0,395500.0,0.959113
3956,396524,396623,100.0,95.0,0.950000,379424.0,395600.0,0.959110
3957,396624,396723,100.0,98.75,0.987500,379522.75,395700.0,0.959117
3958,396724,396823,100.0,98.25,0.982500,379621.0,395800.0,0.959123
3959,396824,396923,100.0,84.0,0.840000,379705.0,395900.0,0.959093
3960,396924,397023,100.0,98.0,0.980000,379803.0,396000.0,0.959098
3961,397024,397123,100.0,95.5,0.955000,379898.5,396100.0,0.959097
3962,397124,397223,100.0,90.5,0.905000,379989.0,396200.0,0.959084
3963,397224,397323,100.0,98.0,0.980000,380087.0,396300.0,0.959089
3964,397324,397423,100.0,93.0,0.930000,380180.0,396400.0,0.959082
3965,397424,397523,100.0,97.0,0.970000,380277.0,396500.0,0.959084
3966,397524,397623,100.0,91.5,0.915000,380368.5,396600.0,0.959073
3967,397624,397723,100.0,96.5,0.965000,380465.0,396700.0,0.959075
3968,397724,397823,100.0,97.0,0.970000,380562.0,396800.0,0.959078
3969,397824,397923,100.0,93.0,0.930000,380655.0,396900.0,0.959070
3970,397924,398023,100.0,98.5,0.985000,380753.5,397000.0,0.959077
3971,398024,398123,100.0,94.0,0.940000,380847.5,397100.0,0.959072
3972,398124,398223,100.0,99.5,0.995000,380947.0,397200.0,0.959081
3973,398224,398323,100.0,87.0,0.870000,381034.0,397300.0,0.959059
3974,398324,398423,100.0,100.0,1.000000,381134.0,397400.0,0.959069
3975,398424,398523,100.0,92.0,0.920000,381226.0,397500.0,0.959059
3976,398524,398623,100.0,96.0,0.960000,381322.0,397600.0,0.959059
3977,398624,398723,100.0,97.0,0.970000,381419.0,397700.0,0.959062
3978,398724,398823,100.0,88.5,0.885000,381507.5,397800.0,0.959043
3979,398824,398923,100.0,90.5,0.905000,381598.0,397900.0,0.959030
3980,398924,399023,100.0,86.0,0.860000,381684.0,398000.0,0.959005
3981,399024,399123,100.0,100.0,1.000000,381784.0,398100.0,0.959015
3982,399124,399223,100.0,96.0,0.960000,381880.0,398200.0,0.959016
3983,399224,399323,100.0,97.0,0.970000,381977.0,398300.0,0.959018
3984,399324,399423,100.0,97.0,0.970000,382074.0,398400.0,0.959021
3985,399424,399523,100.0,88.0,0.880000,382162.0,398500.0,0.959001
3986,399524,399623,100.0,95.5,0.955000,382257.5,398600.0,0.959000
3987,399624,399723,100.0,89.5,0.895000,382347.0,398700.0,0.958984
3988,399724,399823,100.0,99.0,0.990000,382446.0,398800.0,0.958992
3989,399824,399923,100.0,89.75,0.897500,382535.75,398900.0,0.958977
3990,399924,400023,100.0,98.25,0.982500,382634.0,399000.0,0.958982
3991,400024,400123,100.0,97.0,0.970000,382731.0,399100.0,0.958985
3992,400124,400223,100.0,92.0,0.920000,382823.0,399200.0,0.958975
3993,400224,400323,100.0,94.0,0.940000,382917.0,399300.0,0.958971
3994,400324,400423,100.0,99.0,0.990000,383016.0,399400.0,0.958978
3995,400424,400523,100.0,100.0,1.000000,383116.0,399500.0,0.958989
3996,400524,400623,100.0,98.0,0.980000,383214.0,399600.0,0.958994
3997,400624,400723,100.0,97.0,0.970000,383311.0,399700.0,0.958997
3998,400724,400823,100.0,96.0,0.960000,383407.0,399800.0,0.958997
3999,400824,400923,100.0,95.25,0.952500,383502.25,399900.0,0.958995
4000,400924,401023,100.0,97.75,0.977500,383600.0,400000.0,0.959000
4001,401024,401123,100.0,89.0,0.890000,383689.0,400100.0,0.958983
4002,401124,401223,100.0,99.0,0.990000,383788.0,400200.0,0.958991
4003,401224,401323,100.0,93.0,0.930000,383881.0,400300.0,0.958983
4004,401324,401423,100.0,99.0,0.990000,383980.0,400400.0,0.958991
4005,401424,401523,100.0,94.5,0.945000,384074.5,400500.0,0.958988
4006,401524,401623,100.0,93.5,0.935000,384168.0,400600.0,0.958982
4007,401624,401723,100.0,98.0,0.980000,384266.0,400700.0,0.958987
4008,401724,401823,100.0,93.0,0.930000,384359.0,400800.0,0.958980
4009,401824,401923,100.0,96.5,0.965000,384455.5,400900.0,0.958981
4010,401924,402023,100.0,90.5,0.905000,384546.0,401000.0,0.958968
4011,402024,402123,100.0,98.0,0.980000,384644.0,401100.0,0.958973
4012,402124,402223,100.0,90.0,0.900000,384734.0,401200.0,0.958958
4013,402224,402323,100.0,97.5,0.975000,384831.5,401300.0,0.958962
4014,402324,402423,100.0,96.0,0.960000,384927.5,401400.0,0.958962
4015,402424,402523,100.0,90.75,0.907500,385018.25,401500.0,0.958950
4016,402524,402623,100.0,93.75,0.937500,385112.0,401600.0,0.958944
4017,402624,402723,100.0,96.0,0.960000,385208.0,401700.0,0.958944
4018,402724,402823,100.0,97.0,0.970000,385305.0,401800.0,0.958947
4019,402824,402923,100.0,95.0,0.950000,385400.0,401900.0,0.958945
4020,402924,403023,100.0,91.0,0.910000,385491.0,402000.0,0.958933
4021,403024,403123,100.0,96.0,0.960000,385587.0,402100.0,0.958933
4022,403124,403223,100.0,93.0,0.930000,385680.0,402200.0,0.958926
4023,403224,403323,100.0,90.0,0.900000,385770.0,402300.0,0.958911
4024,403324,403423,100.0,97.0,0.970000,385867.0,402400.0,0.958914
4025,403424,403523,100.0,92.5,0.925000,385959.5,402500.0,0.958906
4026,403524,403623,100.0,92.5,0.925000,386052.0,402600.0,0.958897
4027,403624,403723,100.0,95.0,0.950000,386147.0,402700.0,0.958895
4028,403724,403823,100.0,97.0,0.970000,386244.0,402800.0,0.958898
4029,403824,403923,100.0,92.0,0.920000,386336.0,402900.0,0.958888
4030,403924,404023,100.0,92.5,0.925000,386428.5,403000.0,0.958880
4031,404024,404123,100.0,94.25,0.942500,386522.75,403100.0,0.958876
4032,404124,404223,100.0,94.25,0.942500,386617.0,403200.0,0.958872
4033,404224,404323,100.0,93.0,0.930000,386710.0,403300.0,0.958864
4034,404324,404423,100.0,94.0,0.940000,386804.0,403400.0,0.958860
4035,404424,404523,100.0,96.5,0.965000,386900.5,403500.0,0.958861
4036,404524,404623,100.0,89.5,0.895000,386990.0,403600.0,0.958845
4037,404624,404723,100.0,96.0,0.960000,387086.0,403700.0,0.958846
4038,404724,404823,100.0,99.0,0.990000,387185.0,403800.0,0.958853
4039,404824,404923,100.0,92.5,0.925000,387277.5,403900.0,0.958845
4040,404924,405023,100.0,91.5,0.915000,387369.0,404000.0,0.958834
4041,405024,405123,100.0,96.0,0.960000,387465.0,404100.0,0.958834
4042,405124,405223,100.0,95.0,0.950000,387560.0,404200.0,0.958832
4043,405224,405323,100.0,94.0,0.940000,387654.0,404300.0,0.958828
4044,405324,405423,100.0,98.0,0.980000,387752.0,404400.0,0.958833
4045,405424,405523,100.0,98.0,0.980000,387850.0,404500.0,0.958838
4046,405524,405623,100.0,90.5,0.905000,387940.5,404600.0,0.958825
4047,405624,405723,100.0,87.0,0.870000,388027.5,404700.0,0.958803
4048,405724,405823,100.0,96.5,0.965000,388124.0,404800.0,0.958804
4049,405824,405923,100.0,98.0,0.980000,388222.0,404900.0,0.958810
4050,405924,406023,100.0,98.0,0.980000,388320.0,405000.0,0.958815
4051,406024,406123,100.0,95.0,0.950000,388415.0,405100.0,0.958813
4052,406124,406223,100.0,96.0,0.960000,388511.0,405200.0,0.958813
4053,406224,406323,100.0,89.0,0.890000,388600.0,405300.0,0.958796
4054,406324,406423,100.0,94.0,0.940000,388694.0,405400.0,0.958791
4055,406424,406523,100.0,98.0,0.980000,388792.0,405500.0,0.958797
4056,406524,406623,100.0,98.0,0.980000,388890.0,405600.0,0.958802
4057,406624,406723,100.0,97.25,0.972500,388987.25,405700.0,0.958805
4058,406724,406823,100.0,95.75,0.957500,389083.0,405800.0,0.958805
4059,406824,406923,100.0,95.25,0.952500,389178.25,405900.0,0.958803
4060,406924,407023,100.0,80.75,0.807500,389259.0,406000.0,0.958766
4061,407024,407123,100.0,95.0,0.950000,389354.0,406100.0,0.958764
4062,407124,407223,100.0,100.0,1.000000,389454.0,406200.0,0.958774
4063,407224,407323,100.0,96.0,0.960000,389550.0,406300.0,0.958774
4064,407324,407423,100.0,95.0,0.950000,389645.0,406400.0,0.958772
4065,407424,407523,100.0,93.0,0.930000,389738.0,406500.0,0.958765
4066,407524,407623,100.0,96.0,0.960000,389834.0,406600.0,0.958765
4067,407624,407723,100.0,92.0,0.920000,389926.0,406700.0,0.958756
4068,407724,407823,100.0,93.0,0.930000,390019.0,406800.0,0.958749
4069,407824,407923,100.0,100.0,1.000000,390119.0,406900.0,0.958759
4070,407924,408023,100.0,97.0,0.970000,390216.0,407000.0,0.958762
4071,408024,408123,100.0,99.0,0.990000,390315.0,407100.0,0.958769
4072,408124,408223,100.0,100.0,1.000000,390415.0,407200.0,0.958779
4073,408224,408323,100.0,88.75,0.887500,390503.75,407300.0,0.958762
4074,408324,408423,100.0,89.25,0.892500,390593.0,407400.0,0.958746
4075,408424,408523,100.0,95.0,0.950000,390688.0,407500.0,0.958744
4076,408524,408623,100.0,100.0,1.000000,390788.0,407600.0,0.958754
4077,408624,408723,100.0,97.0,0.970000,390885.0,407700.0,0.958756
4078,408724,408823,100.0,99.0,0.990000,390984.0,407800.0,0.958764
4079,408824,408923,100.0,98.5,0.985000,391082.5,407900.0,0.958771
4080,408924,409023,100.0,95.5,0.955000,391178.0,408000.0,0.958770
4081,409024,409123,100.0,93.0,0.930000,391271.0,408100.0,0.958763
4082,409124,409223,100.0,97.0,0.970000,391368.0,408200.0,0.958765
4083,409224,409323,100.0,98.5,0.985000,391466.5,408300.0,0.958772
4084,409324,409423,100.0,98.5,0.985000,391565.0,408400.0,0.958778
4085,409424,409523,100.0,96.0,0.960000,391661.0,408500.0,0.958778
4086,409524,409623,100.0,99.0,0.990000,391760.0,408600.0,0.958786
4087,409624,409723,100.0,90.5,0.905000,391850.5,408700.0,0.958773
4088,409724,409823,100.0,99.5,0.995000,391950.0,408800.0,0.958782
4089,409824,409923,100.0,94.0,0.940000,392044.0,408900.0,0.958777
4090,409924,410023,100.0,99.5,0.995000,392143.5,409000.0,0.958786
4091,410024,410123,100.0,99.5,0.995000,392243.0,409100.0,0.958795
4092,410124,410223,100.0,96.0,0.960000,392339.0,409200.0,0.958795
4093,410224,410323,100.0,97.75,0.977500,392436.75,409300.0,0.958800
4094,410324,410423,100.0,87.75,0.877500,392524.5,409400.0,0.958780
4095,410424,410523,100.0,99.5,0.995000,392624.0,409500.0,0.958789
4096,410524,410623,100.0,92.0,0.920000,392716.0,409600.0,0.958779
4097,410624,410723,100.0,94.0,0.940000,392810.0,409700.0,0.958775
4098,410724,410823,100.0,99.0,0.990000,392909.0,409800.0,0.958782
4099,410824,410923,100.0,91.0,0.910000,393000.0,409900.0,0.958770
4100,410924,411023,100.0,98.0,0.980000,393098.0,410000.0,0.958776
4101,411024,411123,100.0,94.0,0.940000,393192.0,410100.0,0.958771
4102,411124,411223,100.0,99.0,0.990000,393291.0,410200.0,0.958779
4103,411224,411323,100.0,94.0,0.940000,393385.0,410300.0,0.958774
4104,411324,411423,100.0,98.0,0.980000,393483.0,410400.0,0.958779
4105,411424,411523,100.0,97.75,0.977500,393580.75,410500.0,0.958784
4106,411524,411623,100.0,94.25,0.942500,393675.0,410600.0,0.958780
4107,411624,411723,100.0,88.75,0.887500,393763.75,410700.0,0.958762
4108,411724,411823,100.0,94.25,0.942500,393858.0,410800.0,0.958759
4109,411824,411923,100.0,99.25,0.992500,393957.25,410900.0,0.958767
4110,411924,412023,100.0,92.75,0.927500,394050.0,411000.0,0.958759
4111,412024,412123,100.0,94.0,0.940000,394144.0,411100.0,0.958755
4112,412124,412223,100.0,100.0,1.000000,394244.0,411200.0,0.958765
4113,412224,412323,100.0,100.0,1.000000,394344.0,411300.0,0.958775
4114,412324,412423,100.0,93.5,0.935000,394437.5,411400.0,0.958769
4115,412424,412523,100.0,93.75,0.937500,394531.25,411500.0,0.958764
4116,412524,412623,100.0,94.75,0.947500,394626.0,411600.0,0.958761
4117,412624,412723,100.0,94.0,0.940000,394720.0,411700.0,0.958756
4118,412724,412823,100.0,95.0,0.950000,394815.0,411800.0,0.958754
4119,412824,412923,100.0,99.25,0.992500,394914.25,411900.0,0.958762
4120,412924,413023,100.0,98.75,0.987500,395013.0,412000.0,0.958769
4121,413024,413123,100.0,90.25,0.902500,395103.25,412100.0,0.958756
4122,413124,413223,100.0,95.25,0.952500,395198.5,412200.0,0.958754
4123,413224,413323,100.0,95.75,0.957500,395294.25,412300.0,0.958754
4124,413324,413423,100.0,98.75,0.987500,395393.0,412400.0,0.958761
4125,413424,413523,100.0,99.0,0.990000,395492.0,412500.0,0.958768
4126,413524,413623,100.0,100.0,1.000000,395592.0,412600.0,0.958778
4127,413624,413723,100.0,98.0,0.980000,395690.0,412700.0,0.958784
4128,413724,413823,100.0,94.0,0.940000,395784.0,412800.0,0.958779
4129,413824,413923,100.0,97.0,0.970000,395881.0,412900.0,0.958782
4130,413924,414023,100.0,95.0,0.950000,395976.0,413000.0,0.958780
4131,414024,414123,100.0,98.0,0.980000,396074.0,413100.0,0.958785
4132,414124,414223,100.0,97.0,0.970000,396171.0,413200.0,0.958788
4133,414224,414323,100.0,97.0,0.970000,396268.0,413300.0,0.958790
4134,414324,414423,100.0,96.0,0.960000,396364.0,413400.0,0.958791
4135,414424,414523,100.0,92.0,0.920000,396456.0,413500.0,0.958781
4136,414524,414623,100.0,95.0,0.950000,396551.0,413600.0,0.958779
4137,414624,414723,100.0,95.0,0.950000,396646.0,413700.0,0.958777
4138,414724,414823,100.0,99.5,0.995000,396745.5,413800.0,0.958786
4139,414824,414923,100.0,99.5,0.995000,396845.0,413900.0,0.958794
4140,414924,415023,100.0,99.0,0.990000,396944.0,414000.0,0.958802
4141,415024,415123,100.0,99.0,0.990000,397043.0,414100.0,0.958809
4142,415124,415223,100.0,86.0,0.860000,397129.0,414200.0,0.958786
4143,415224,415323,100.0,97.0,0.970000,397226.0,414300.0,0.958788
4144,415324,415423,100.0,89.0,0.890000,397315.0,414400.0,0.958772
4145,415424,415523,100.0,100.0,1.000000,397415.0,414500.0,0.958782
4146,415524,415623,100.0,100.0,1.000000,397515.0,414600.0,0.958792
4147,415624,415723,100.0,94.0,0.940000,397609.0,414700.0,0.958787
4148,415724,415823,100.0,100.0,1.000000,397709.0,414800.0,0.958797
4149,415824,415923,100.0,96.75,0.967500,397805.75,414900.0,0.958799
4150,415924,416023,100.0,97.25,0.972500,397903.0,415000.0,0.958802
4151,416024,416123,100.0,97.0,0.970000,398000.0,415100.0,0.958805
4152,416124,416223,100.0,100.0,1.000000,398100.0,415200.0,0.958815
4153,416224,416323,100.0,99.25,0.992500,398199.25,415300.0,0.958823
4154,416324,416423,100.0,93.75,0.937500,398293.0,415400.0,0.958818
4155,416424,416523,100.0,95.25,0.952500,398388.25,415500.0,0.958816
4156,416524,416623,100.0,93.75,0.937500,398482.0,415600.0,0.958811
4157,416624,416723,100.0,99.0,0.990000,398581.0,415700.0,0.958819
4158,416724,416823,100.0,100.0,1.000000,398681.0,415800.0,0.958829
4159,416824,416923,100.0,100.0,1.000000,398781.0,415900.0,0.958839
4160,416924,417023,100.0,97.0,0.970000,398878.0,416000.0,0.958841
4161,417024,417123,100.0,98.0,0.980000,398976.0,416100.0,0.958846
4162,417124,417223,100.0,98.0,0.980000,399074.0,416200.0,0.958852
4163,417224,417323,100.0,87.0,0.870000,399161.0,416300.0,0.958830
4164,417324,417423,100.0,98.0,0.980000,399259.0,416400.0,0.958835
4165,417424,417523,100.0,99.0,0.990000,399358.0,416500.0,0.958843
4166,417524,417623,100.0,86.0,0.860000,399444.0,416600.0,0.958819
4167,417624,417723,100.0,97.0,0.970000,399541.0,416700.0,0.958822
4168,417724,417823,100.0,94.0,0.940000,399635.0,416800.0,0.958817
4169,417824,417923,100.0,98.0,0.980000,399733.0,416900.0,0.958822
4170,417924,418023,100.0,96.0,0.960000,399829.0,417000.0,0.958823
4171,418024,418123,100.0,100.0,1.000000,399929.0,417100.0,0.958832
4172,418124,418223,100.0,100.0,1.000000,400029.0,417200.0,0.958842
4173,418224,418323,100.0,96.0,0.960000,400125.0,417300.0,0.958843
4174,418324,418423,100.0,95.5,0.955000,400220.5,417400.0,0.958842
4175,418424,418523,100.0,92.5,0.925000,400313.0,417500.0,0.958834
4176,418524,418623,100.0,99.0,0.990000,400412.0,417600.0,0.958841
4177,418624,418723,100.0,100.0,1.000000,400512.0,417700.0,0.958851
4178,418724,418823,100.0,98.0,0.980000,400610.0,417800.0,0.958856
4179,418824,418923,100.0,93.0,0.930000,400703.0,417900.0,0.958849
4180,418924,419023,100.0,97.0,0.970000,400800.0,418000.0,0.958852
4181,419024,419123,100.0,98.0,0.980000,400898.0,418100.0,0.958857
4182,419124,419223,100.0,96.0,0.960000,400994.0,418200.0,0.958857
4183,419224,419323,100.0,100.0,1.000000,401094.0,418300.0,0.958867
4184,419324,419423,100.0,96.0,0.960000,401190.0,418400.0,0.958867
4185,419424,419523,100.0,98.5,0.985000,401288.5,418500.0,0.958873
4186,419524,419623,100.0,95.0,0.950000,401383.5,418600.0,0.958871
4187,419624,419723,100.0,97.5,0.975000,401481.0,418700.0,0.958875
4188,419724,419823,100.0,98.0,0.980000,401579.0,418800.0,0.958880
4189,419824,419923,100.0,100.0,1.000000,401679.0,418900.0,0.958890
4190,419924,420023,100.0,93.0,0.930000,401772.0,419000.0,0.958883
4191,420024,420123,100.0,97.0,0.970000,401869.0,419100.0,0.958886
4192,420124,420223,100.0,88.0,0.880000,401957.0,419200.0,0.958867
4193,420224,420323,100.0,98.75,0.987500,402055.75,419300.0,0.958874
4194,420324,420423,100.0,99.25,0.992500,402155.0,419400.0,0.958882
4195,420424,420523,100.0,99.0,0.990000,402254.0,419500.0,0.958889
4196,420524,420623,100.0,96.0,0.960000,402350.0,419600.0,0.958889
4197,420624,420723,100.0,97.75,0.977500,402447.75,419700.0,0.958894
4198,420724,420823,100.0,97.25,0.972500,402545.0,419800.0,0.958897
4199,420824,420923,100.0,98.25,0.982500,402643.25,419900.0,0.958903
4200,420924,421023,100.0,98.75,0.987500,402742.0,420000.0,0.958910
4201,421024,421123,100.0,98.75,0.987500,402840.75,420100.0,0.958916
4202,421124,421223,100.0,95.25,0.952500,402936.0,420200.0,0.958915
4203,421224,421323,100.0,94.75,0.947500,403030.75,420300.0,0.958912
4204,421324,421423,100.0,98.25,0.982500,403129.0,420400.0,0.958918
4205,421424,421523,100.0,96.0,0.960000,403225.0,420500.0,0.958918
4206,421524,421623,100.0,100.0,1.000000,403325.0,420600.0,0.958928
4207,421624,421723,100.0,98.25,0.982500,403423.25,420700.0,0.958933
4208,421724,421823,100.0,97.75,0.977500,403521.0,420800.0,0.958938
4209,421824,421923,100.0,97.75,0.977500,403618.75,420900.0,0.958942
4210,421924,422023,100.0,97.25,0.972500,403716.0,421000.0,0.958945
4211,422024,422123,100.0,97.0,0.970000,403813.0,421100.0,0.958948
4212,422124,422223,100.0,100.0,1.000000,403913.0,421200.0,0.958958
4213,422224,422323,100.0,99.0,0.990000,404012.0,421300.0,0.958965
4214,422324,422423,100.0,100.0,1.000000,404112.0,421400.0,0.958975
4215,422424,422523,100.0,98.25,0.982500,404210.25,421500.0,0.958980
4216,422524,422623,100.0,97.75,0.977500,404308.0,421600.0,0.958985
4217,422624,422723,100.0,97.0,0.970000,404405.0,421700.0,0.958987
4218,422724,422823,100.0,98.0,0.980000,404503.0,421800.0,0.958992
4219,422824,422923,100.0,97.0,0.970000,404600.0,421900.0,0.958995
4220,422924,423023,100.0,100.0,1.000000,404700.0,422000.0,0.959005
4221,423024,423123,100.0,94.0,0.940000,404794.0,422100.0,0.959000
4222,423124,423223,100.0,94.0,0.940000,404888.0,422200.0,0.958996
4223,423224,423323,100.0,100.0,1.000000,404988.0,422300.0,0.959005
4224,423324,423423,100.0,96.0,0.960000,405084.0,422400.0,0.959006
4225,423424,423523,100.0,100.0,1.000000,405184.0,422500.0,0.959015
4226,423524,423623,100.0,99.5,0.995000,405283.5,422600.0,0.959024
4227,423624,423723,100.0,97.75,0.977500,405381.25,422700.0,0.959028
4228,423724,423823,100.0,95.75,0.957500,405477.0,422800.0,0.959028
4229,423824,423923,100.0,99.0,0.990000,405576.0,422900.0,0.959035
4230,423924,424023,100.0,97.0,0.970000,405673.0,423000.0,0.959038
4231,424024,424123,100.0,100.0,1.000000,405773.0,423100.0,0.959048
4232,424124,424223,100.0,94.0,0.940000,405867.0,423200.0,0.959043
4233,424224,424323,100.0,97.0,0.970000,405964.0,423300.0,0.959046
4234,424324,424423,100.0,100.0,1.000000,406064.0,423400.0,0.959055
4235,424424,424523,100.0,92.5,0.925000,406156.5,423500.0,0.959047
4236,424524,424623,100.0,97.5,0.975000,406254.0,423600.0,0.959051
4237,424624,424723,100.0,99.25,0.992500,406353.25,423700.0,0.959059
4238,424724,424823,100.0,95.25,0.952500,406448.5,423800.0,0.959057
4239,424824,424923,100.0,93.5,0.935000,406542.0,423900.0,0.959052
4240,424924,425023,100.0,100.0,1.000000,406642.0,424000.0,0.959061
4241,425024,425123,100.0,88.0,0.880000,406730.0,424100.0,0.959043
4242,425124,425223,100.0,100.0,1.000000,406830.0,424200.0,0.959052
4243,425224,425323,100.0,90.0,0.900000,406920.0,424300.0,0.959038
4244,425324,425423,100.0,93.0,0.930000,407013.0,424400.0,0.959032
4245,425424,425523,100.0,100.0,1.000000,407113.0,424500.0,0.959041
4246,425524,425623,100.0,100.0,1.000000,407213.0,424600.0,0.959051
4247,425624,425723,100.0,97.0,0.970000,407310.0,424700.0,0.959053
4248,425724,425823,100.0,95.0,0.950000,407405.0,424800.0,0.959051
4249,425824,425923,100.0,99.25,0.992500,407504.25,424900.0,0.959059
4250,425924,426023,100.0,97.75,0.977500,407602.0,425000.0,0.959064
4251,426024,426123,100.0,98.25,0.982500,407700.25,425100.0,0.959069
4252,426124,426223,100.0,97.75,0.977500,407798.0,425200.0,0.959073
4253,426224,426323,100.0,98.0,0.980000,407896.0,425300.0,0.959078
4254,426324,426423,100.0,99.0,0.990000,407995.0,425400.0,0.959086
4255,426424,426523,100.0,100.0,1.000000,408095.0,425500.0,0.959095
4256,426524,426623,100.0,99.0,0.990000,408194.0,425600.0,0.959102
4257,426624,426723,100.0,98.0,0.980000,408292.0,425700.0,0.959107
4258,426724,426823,100.0,99.0,0.990000,408391.0,425800.0,0.959115
4259,426824,426923,100.0,99.0,0.990000,408490.0,425900.0,0.959122
4260,426924,427023,100.0,98.0,0.980000,408588.0,426000.0,0.959127
4261,427024,427123,100.0,99.0,0.990000,408687.0,426100.0,0.959134
4262,427124,427223,100.0,97.5,0.975000,408784.5,426200.0,0.959138
4263,427224,427323,100.0,99.5,0.995000,408884.0,426300.0,0.959146
4264,427324,427423,100.0,95.0,0.950000,408979.0,426400.0,0.959144
4265,427424,427523,100.0,98.0,0.980000,409077.0,426500.0,0.959149
4266,427524,427623,100.0,99.0,0.990000,409176.0,426600.0,0.959156
4267,427624,427723,100.0,99.25,0.992500,409275.25,426700.0,0.959164
4268,427724,427823,100.0,99.75,0.997500,409375.0,426800.0,0.959173
4269,427824,427923,100.0,92.0,0.920000,409467.0,426900.0,0.959164
4270,427924,428023,100.0,98.0,0.980000,409565.0,427000.0,0.959169
4271,428024,428123,100.0,99.25,0.992500,409664.25,427100.0,0.959176
4272,428124,428223,100.0,97.75,0.977500,409762.0,427200.0,0.959181
4273,428224,428323,100.0,99.5,0.995000,409861.5,427300.0,0.959189
4274,428324,428423,100.0,97.5,0.975000,409959.0,427400.0,0.959193
4275,428424,428523,100.0,100.0,1.000000,410059.0,427500.0,0.959202
4276,428524,428623,100.0,100.0,1.000000,410159.0,427600.0,0.959212
4277,428624,428723,100.0,97.5,0.975000,410256.5,427700.0,0.959216
4278,428724,428823,100.0,98.5,0.985000,410355.0,427800.0,0.959222
4279,428824,428923,100.0,97.0,0.970000,410452.0,427900.0,0.959224
4280,428924,429023,100.0,100.0,1.000000,410552.0,428000.0,0.959234
4281,429024,429123,100.0,100.0,1.000000,410652.0,428100.0,0.959243
4282,429124,429223,100.0,79.0,0.790000,410731.0,428200.0,0.959204
4283,429224,429323,100.0,97.5,0.975000,410828.5,428300.0,0.959207
4284,429324,429423,100.0,98.5,0.985000,410927.0,428400.0,0.959213
4285,429424,429523,100.0,98.0,0.980000,411025.0,428500.0,0.959218
4286,429524,429623,100.0,100.0,1.000000,411125.0,428600.0,0.959228
4287,429624,429723,100.0,98.25,0.982500,411223.25,428700.0,0.959233
4288,429724,429823,100.0,98.75,0.987500,411322.0,428800.0,0.959240
4289,429824,429923,100.0,100.0,1.000000,411422.0,428900.0,0.959249
4290,429924,430023,100.0,100.0,1.000000,411522.0,429000.0,0.959259
4291,430024,430123,100.0,100.0,1.000000,411622.0,429100.0,0.959268
4292,430124,430223,100.0,97.0,0.970000,411719.0,429200.0,0.959271
4293,430224,430323,100.0,96.0,0.960000,411815.0,429300.0,0.959271
4294,430324,430423,100.0,98.0,0.980000,411913.0,429400.0,0.959276
4295,430424,430523,100.0,100.0,1.000000,412013.0,429500.0,0.959285
4296,430524,430623,100.0,99.0,0.990000,412112.0,429600.0,0.959292
4297,430624,430723,100.0,96.0,0.960000,412208.0,429700.0,0.959293
4298,430724,430823,100.0,99.0,0.990000,412307.0,429800.0,0.959300
4299,430824,430923,100.0,95.0,0.950000,412402.0,429900.0,0.959298
4300,430924,431023,100.0,100.0,1.000000,412502.0,430000.0,0.959307
4301,431024,431123,100.0,99.0,0.990000,412601.0,430100.0,0.959314
4302,431124,431223,100.0,100.0,1.000000,412701.0,430200.0,0.959324
4303,431224,431323,100.0,95.0,0.950000,412796.0,430300.0,0.959321
4304,431324,431423,100.0,100.0,1.000000,412896.0,430400.0,0.959331
4305,431424,431523,100.0,95.75,0.957500,412991.75,430500.0,0.959330
4306,431524,431623,100.0,97.25,0.972500,413089.0,430600.0,0.959333
4307,431624,431723,100.0,87.5,0.875000,413176.5,430700.0,0.959314
4308,431724,431823,100.0,97.5,0.975000,413274.0,430800.0,0.959318
4309,431824,431923,100.0,95.0,0.950000,413369.0,430900.0,0.959315
4310,431924,432023,100.0,98.0,0.980000,413467.0,431000.0,0.959320
4311,432024,432123,100.0,98.5,0.985000,413565.5,431100.0,0.959326
4312,432124,432223,100.0,99.5,0.995000,413665.0,431200.0,0.959334
4313,432224,432323,100.0,99.0,0.990000,413764.0,431300.0,0.959342
4314,432324,432423,100.0,98.0,0.980000,413862.0,431400.0,0.959346
4315,432424,432523,100.0,99.0,0.990000,413961.0,431500.0,0.959353
4316,432524,432623,100.0,100.0,1.000000,414061.0,431600.0,0.959363
4317,432624,432723,100.0,96.5,0.965000,414157.5,431700.0,0.959364
4318,432724,432823,100.0,95.5,0.955000,414253.0,431800.0,0.959363
4319,432824,432923,100.0,95.0,0.950000,414348.0,431900.0,0.959361
4320,432924,433023,100.0,100.0,1.000000,414448.0,432000.0,0.959370
4321,433024,433123,100.0,99.0,0.990000,414547.0,432100.0,0.959377
4322,433124,433223,100.0,100.0,1.000000,414647.0,432200.0,0.959387
4323,433224,433323,100.0,96.0,0.960000,414743.0,432300.0,0.959387
4324,433324,433423,100.0,90.0,0.900000,414833.0,432400.0,0.959373
4325,433424,433523,100.0,99.0,0.990000,414932.0,432500.0,0.959380
4326,433524,433623,100.0,99.5,0.995000,415031.5,432600.0,0.959389
4327,433624,433723,100.0,94.5,0.945000,415126.0,432700.0,0.959385
4328,433724,433823,100.0,100.0,1.000000,415226.0,432800.0,0.959395
4329,433824,433923,100.0,100.0,1.000000,415326.0,432900.0,0.959404
4330,433924,434023,100.0,91.5,0.915000,415417.5,433000.0,0.959394
4331,434024,434123,100.0,98.5,0.985000,415516.0,433100.0,0.959400
4332,434124,434223,100.0,98.0,0.980000,415614.0,433200.0,0.959404
4333,434224,434323,100.0,99.0,0.990000,415713.0,433300.0,0.959411
4334,434324,434423,100.0,92.0,0.920000,415805.0,433400.0,0.959402
4335,434424,434523,100.0,98.0,0.980000,415903.0,433500.0,0.959407
4336,434524,434623,100.0,99.0,0.990000,416002.0,433600.0,0.959414
4337,434624,434723,100.0,99.0,0.990000,416101.0,433700.0,0.959421
4338,434724,434823,100.0,98.0,0.980000,416199.0,433800.0,0.959426
4339,434824,434923,100.0,98.0,0.980000,416297.0,433900.0,0.959431
4340,434924,435023,100.0,100.0,1.000000,416397.0,434000.0,0.959440
4341,435024,435123,100.0,98.0,0.980000,416495.0,434100.0,0.959445
4342,435124,435223,100.0,100.0,1.000000,416595.0,434200.0,0.959454
4343,435224,435323,100.0,99.0,0.990000,416694.0,434300.0,0.959461
4344,435324,435423,100.0,98.0,0.980000,416792.0,434400.0,0.959466
4345,435424,435523,100.0,99.0,0.990000,416891.0,434500.0,0.959473
4346,435524,435623,100.0,99.0,0.990000,416990.0,434600.0,0.959480
4347,435624,435723,100.0,100.0,1.000000,417090.0,434700.0,0.959489
4348,435724,435823,100.0,97.0,0.970000,417187.0,434800.0,0.959492
4349,435824,435923,100.0,99.75,0.997500,417286.75,434900.0,0.959500
4350,435924,436023,100.0,99.25,0.992500,417386.0,435000.0,0.959508
4351,436024,436123,100.0,100.0,1.000000,417486.0,435100.0,0.959517
4352,436124,436223,100.0,99.0,0.990000,417585.0,435200.0,0.959524
4353,436224,436323,100.0,98.0,0.980000,417683.0,435300.0,0.959529
4354,436324,436423,100.0,100.0,1.000000,417783.0,435400.0,0.959538
4355,436424,436523,100.0,96.0,0.960000,417879.0,435500.0,0.959538
4356,436524,436623,100.0,99.0,0.990000,417978.0,435600.0,0.959545
4357,436624,436723,100.0,99.0,0.990000,418077.0,435700.0,0.959552
4358,436724,436823,100.0,98.0,0.980000,418175.0,435800.0,0.959557
4359,436824,436923,100.0,94.0,0.940000,418269.0,435900.0,0.959553
4360,436924,437023,100.0,99.0,0.990000,418368.0,436000.0,0.959560
4361,437024,437123,100.0,98.0,0.980000,418466.0,436100.0,0.959564
4362,437124,437223,100.0,99.0,0.990000,418565.0,436200.0,0.959571
4363,437224,437323,100.0,100.0,1.000000,418665.0,436300.0,0.959581
4364,437324,437423,100.0,100.0,1.000000,418765.0,436400.0,0.959590
4365,437424,437523,100.0,98.75,0.987500,418863.75,436500.0,0.959596
4366,437524,437623,100.0,99.25,0.992500,418963.0,436600.0,0.959604
4367,437624,437723,100.0,97.0,0.970000,419060.0,436700.0,0.959606
4368,437724,437823,100.0,97.0,0.970000,419157.0,436800.0,0.959609
4369,437824,437923,100.0,96.0,0.960000,419253.0,436900.0,0.959609
4370,437924,438023,100.0,100.0,1.000000,419353.0,437000.0,0.959618
4371,438024,438123,100.0,99.0,0.990000,419452.0,437100.0,0.959625
4372,438124,438223,100.0,94.0,0.940000,419546.0,437200.0,0.959620
4373,438224,438323,100.0,99.0,0.990000,419645.0,437300.0,0.959627
4374,438324,438423,100.0,99.5,0.995000,419744.5,437400.0,0.959635
4375,438424,438523,100.0,97.75,0.977500,419842.25,437500.0,0.959639
4376,438524,438623,100.0,98.75,0.987500,419941.0,437600.0,0.959646
4377,438624,438723,100.0,100.0,1.000000,420041.0,437700.0,0.959655
4378,438724,438823,100.0,98.0,0.980000,420139.0,437800.0,0.959660
4379,438824,438923,100.0,99.0,0.990000,420238.0,437900.0,0.959667
4380,438924,439023,100.0,98.0,0.980000,420336.0,438000.0,0.959671
4381,439024,439123,100.0,97.75,0.977500,420433.75,438100.0,0.959675
4382,439124,439223,100.0,99.25,0.992500,420533.0,438200.0,0.959683
4383,439224,439323,100.0,98.0,0.980000,420631.0,438300.0,0.959687
4384,439324,439423,100.0,98.0,0.980000,420729.0,438400.0,0.959692
4385,439424,439523,100.0,94.0,0.940000,420823.0,438500.0,0.959688
4386,439524,439623,100.0,99.0,0.990000,420922.0,438600.0,0.959694
4387,439624,439723,100.0,97.25,0.972500,421019.25,438700.0,0.959697
4388,439724,439823,100.0,98.75,0.987500,421118.0,438800.0,0.959704
4389,439824,439923,100.0,98.0,0.980000,421216.0,438900.0,0.959708
4390,439924,440023,100.0,95.5,0.955000,421311.5,439000.0,0.959707
4391,440024,440123,100.0,94.75,0.947500,421406.25,439100.0,0.959705
4392,440124,440223,100.0,95.75,0.957500,421502.0,439200.0,0.959704
4393,440224,440323,100.0,98.5,0.985000,421600.5,439300.0,0.959710
4394,440324,440423,100.0,94.0,0.940000,421694.5,439400.0,0.959705
4395,440424,440523,100.0,95.5,0.955000,421790.0,439500.0,0.959704
4396,440524,440623,100.0,98.0,0.980000,421888.0,439600.0,0.959709
4397,440624,440723,100.0,91.5,0.915000,421979.5,439700.0,0.959699
4398,440724,440823,100.0,89.5,0.895000,422069.0,439800.0,0.959684
4399,440824,440923,100.0,96.0,0.960000,422165.0,439900.0,0.959684
4400,440924,441023,100.0,93.0,0.930000,422258.0,440000.0,0.959677
4401,441024,441123,100.0,98.0,0.980000,422356.0,440100.0,0.959682
4402,441124,441223,100.0,99.0,0.990000,422455.0,440200.0,0.959689
4403,441224,441323,100.0,95.0,0.950000,422550.0,440300.0,0.959687
4404,441324,441423,100.0,98.0,0.980000,422648.0,440400.0,0.959691
4405,441424,441523,100.0,100.0,1.000000,422748.0,440500.0,0.959700
4406,441524,441623,100.0,91.0,0.910000,422839.0,440600.0,0.959689
4407,441624,441723,100.0,100.0,1.000000,422939.0,440700.0,0.959698
4408,441724,441823,100.0,98.0,0.980000,423037.0,440800.0,0.959703
4409,441824,441923,100.0,95.75,0.957500,423132.75,440900.0,0.959702
4410,441924,442023,100.0,99.25,0.992500,423232.0,441000.0,0.959710
4411,442024,442123,100.0,98.5,0.985000,423330.5,441100.0,0.959715
4412,442124,442223,100.0,98.5,0.985000,423429.0,441200.0,0.959721
4413,442224,442323,100.0,97.0,0.970000,423526.0,441300.0,0.959724
4414,442324,442423,100.0,99.0,0.990000,423625.0,441400.0,0.959730
4415,442424,442523,100.0,97.25,0.972500,423722.25,441500.0,0.959733
4416,442524,442623,100.0,92.75,0.927500,423815.0,441600.0,0.959726
4417,442624,442723,100.0,100.0,1.000000,423915.0,441700.0,0.959735
4418,442724,442823,100.0,97.0,0.970000,424012.0,441800.0,0.959737
4419,442824,442923,100.0,87.75,0.877500,424099.75,441900.0,0.959719
4420,442924,443023,100.0,95.25,0.952500,424195.0,442000.0,0.959717
4421,443024,443123,100.0,99.0,0.990000,424294.0,442100.0,0.959724
4422,443124,443223,100.0,93.5,0.935000,424387.5,442200.0,0.959718
4423,443224,443323,100.0,98.5,0.985000,424486.0,442300.0,0.959724
4424,443324,443423,100.0,98.0,0.980000,424584.0,442400.0,0.959729
4425,443424,443523,100.0,99.0,0.990000,424683.0,442500.0,0.959736
4426,443524,443623,100.0,94.0,0.940000,424777.0,442600.0,0.959731
4427,443624,443723,100.0,98.0,0.980000,424875.0,442700.0,0.959736
4428,443724,443823,100.0,100.0,1.000000,424975.0,442800.0,0.959745
4429,443824,443923,100.0,99.0,0.990000,425074.0,442900.0,0.959752
4430,443924,444023,100.0,95.0,0.950000,425169.0,443000.0,0.959749
4431,444024,444123,100.0,94.0,0.940000,425263.0,443100.0,0.959745
4432,444124,444223,100.0,100.0,1.000000,425363.0,443200.0,0.959754
4433,444224,444323,100.0,100.0,1.000000,425463.0,443300.0,0.959763
4434,444324,444423,100.0,96.0,0.960000,425559.0,443400.0,0.959763
4435,444424,444523,100.0,88.5,0.885000,425647.5,443500.0,0.959746
4436,444524,444623,100.0,95.5,0.955000,425743.0,443600.0,0.959745
4437,444624,444723,100.0,100.0,1.000000,425843.0,443700.0,0.959754
4438,444724,444823,100.0,89.0,0.890000,425932.0,443800.0,0.959739
4439,444824,444923,100.0,98.0,0.980000,426030.0,443900.0,0.959743
4440,444924,445023,100.0,100.0,1.000000,426130.0,444000.0,0.959752
4441,445024,445123,100.0,100.0,1.000000,426230.0,444100.0,0.959761
4442,445124,445223,100.0,94.0,0.940000,426324.0,444200.0,0.959757
4443,445224,445323,100.0,90.0,0.900000,426414.0,444300.0,0.959743
4444,445324,445423,100.0,96.0,0.960000,426510.0,444400.0,0.959743
4445,445424,445523,100.0,98.0,0.980000,426608.0,444500.0,0.959748
4446,445524,445623,100.0,95.5,0.955000,426703.5,444600.0,0.959747
4447,445624,445723,100.0,96.5,0.965000,426800.0,444700.0,0.959748
4448,445724,445823,100.0,97.0,0.970000,426897.0,444800.0,0.959750
4449,445824,445923,100.0,97.0,0.970000,426994.0,444900.0,0.959753
4450,445924,446023,100.0,98.5,0.985000,427092.5,445000.0,0.959758
4451,446024,446123,100.0,97.5,0.975000,427190.0,445100.0,0.959762
4452,446124,446223,100.0,96.0,0.960000,427286.0,445200.0,0.959762
4453,446224,446323,100.0,99.5,0.995000,427385.5,445300.0,0.959770
4454,446324,446423,100.0,97.5,0.975000,427483.0,445400.0,0.959773
4455,446424,446523,100.0,98.0,0.980000,427581.0,445500.0,0.959778
4456,446524,446623,100.0,97.0,0.970000,427678.0,445600.0,0.959780
4457,446624,446723,100.0,97.0,0.970000,427775.0,445700.0,0.959782
4458,446724,446823,100.0,89.0,0.890000,427864.0,445800.0,0.959767
4459,446824,446923,100.0,97.25,0.972500,427961.25,445900.0,0.959770
4460,446924,447023,100.0,99.75,0.997500,428061.0,446000.0,0.959778
4461,447024,447123,100.0,98.0,0.980000,428159.0,446100.0,0.959783
4462,447124,447223,100.0,95.5,0.955000,428254.5,446200.0,0.959781
4463,447224,447323,100.0,96.5,0.965000,428351.0,446300.0,0.959783
4464,447324,447423,100.0,98.0,0.980000,428449.0,446400.0,0.959787
4465,447424,447523,100.0,97.0,0.970000,428546.0,446500.0,0.959789
4466,447524,447623,100.0,93.0,0.930000,428639.0,446600.0,0.959783
4467,447624,447723,100.0,88.75,0.887500,428727.75,446700.0,0.959767
4468,447724,447823,100.0,97.25,0.972500,428825.0,446800.0,0.959769
4469,447824,447923,100.0,98.75,0.987500,428923.75,446900.0,0.959776
4470,447924,448023,100.0,93.25,0.932500,429017.0,447000.0,0.959770
4471,448024,448123,100.0,99.0,0.990000,429116.0,447100.0,0.959776
4472,448124,448223,100.0,93.0,0.930000,429209.0,447200.0,0.959770
4473,448224,448323,100.0,98.0,0.980000,429307.0,447300.0,0.959774
4474,448324,448423,100.0,98.0,0.980000,429405.0,447400.0,0.959779
4475,448424,448523,100.0,96.0,0.960000,429501.0,447500.0,0.959779
4476,448524,448623,100.0,99.0,0.990000,429600.0,447600.0,0.959786
4477,448624,448723,100.0,98.0,0.980000,429698.0,447700.0,0.959790
4478,448724,448823,100.0,96.0,0.960000,429794.0,447800.0,0.959790
4479,448824,448923,100.0,97.25,0.972500,429891.25,447900.0,0.959793
4480,448924,449023,100.0,99.75,0.997500,429991.0,448000.0,0.959801
4481,449024,449123,100.0,95.0,0.950000,430086.0,448100.0,0.959799
4482,449124,449223,100.0,100.0,1.000000,430186.0,448200.0,0.959808
4483,449224,449323,100.0,98.0,0.980000,430284.0,448300.0,0.959813
4484,449324,449423,100.0,98.0,0.980000,430382.0,448400.0,0.959817
4485,449424,449523,100.0,97.75,0.977500,430479.75,448500.0,0.959821
4486,449524,449623,100.0,98.75,0.987500,430578.5,448600.0,0.959827
4487,449624,449723,100.0,99.5,0.995000,430678.0,448700.0,0.959835
4488,449724,449823,100.0,98.0,0.980000,430776.0,448800.0,0.959840
4489,449824,449923,100.0,95.75,0.957500,430871.75,448900.0,0.959839
4490,449924,450023,100.0,96.25,0.962500,430968.0,449000.0,0.959840
4491,450024,450123,100.0,97.0,0.970000,431065.0,449100.0,0.959842
4492,450124,450223,100.0,99.0,0.990000,431164.0,449200.0,0.959849
4493,450224,450323,100.0,96.75,0.967500,431260.75,449300.0,0.959850
4494,450324,450423,100.0,96.25,0.962500,431357.0,449400.0,0.959851
4495,450424,450523,100.0,98.0,0.980000,431455.0,449500.0,0.959855
4496,450524,450623,100.0,100.0,1.000000,431555.0,449600.0,0.959864
4497,450624,450723,100.0,100.0,1.000000,431655.0,449700.0,0.959873
4498,450724,450823,100.0,97.5,0.975000,431752.5,449800.0,0.959877
4499,450824,450923,100.0,90.5,0.905000,431843.0,449900.0,0.959864
4500,450924,451023,100.0,98.0,0.980000,431941.0,450000.0,0.959869
4501,451024,451123,100.0,100.0,1.000000,432041.0,450100.0,0.959878
4502,451124,451223,100.0,100.0,1.000000,432141.0,450200.0,0.959887
4503,451224,451323,100.0,97.5,0.975000,432238.5,450300.0,0.959890
4504,451324,451423,100.0,99.5,0.995000,432338.0,450400.0,0.959898
4505,451424,451523,100.0,99.0,0.990000,432437.0,450500.0,0.959905
4506,451524,451623,100.0,100.0,1.000000,432537.0,450600.0,0.959913
4507,451624,451723,100.0,92.5,0.925000,432629.5,450700.0,0.959906
4508,451724,451823,100.0,97.5,0.975000,432727.0,450800.0,0.959909
4509,451824,451923,100.0,92.5,0.925000,432819.5,450900.0,0.959901
4510,451924,452023,100.0,93.5,0.935000,432913.0,451000.0,0.959896
4511,452024,452123,100.0,99.0,0.990000,433012.0,451100.0,0.959902
4512,452124,452223,100.0,99.0,0.990000,433111.0,451200.0,0.959909
4513,452224,452323,100.0,93.0,0.930000,433204.0,451300.0,0.959903
4514,452324,452423,100.0,94.5,0.945000,433298.5,451400.0,0.959899
4515,452424,452523,100.0,95.5,0.955000,433394.0,451500.0,0.959898
4516,452524,452623,100.0,99.0,0.990000,433493.0,451600.0,0.959905
4517,452624,452723,100.0,98.75,0.987500,433591.75,451700.0,0.959911
4518,452724,452823,100.0,97.75,0.977500,433689.5,451800.0,0.959915
4519,452824,452923,100.0,95.75,0.957500,433785.25,451900.0,0.959914
4520,452924,453023,100.0,95.75,0.957500,433881.0,452000.0,0.959914
4521,453024,453123,100.0,94.0,0.940000,433975.0,452100.0,0.959909
4522,453124,453223,100.0,99.5,0.995000,434074.5,452200.0,0.959917
4523,453224,453323,100.0,96.75,0.967500,434171.25,452300.0,0.959919
4524,453324,453423,100.0,94.75,0.947500,434266.0,452400.0,0.959916
4525,453424,453523,100.0,96.0,0.960000,434362.0,452500.0,0.959916
4526,453524,453623,100.0,99.0,0.990000,434461.0,452600.0,0.959923
4527,453624,453723,100.0,100.0,1.000000,434561.0,452700.0,0.959932
4528,453724,453823,100.0,97.0,0.970000,434658.0,452800.0,0.959934
4529,453824,453923,100.0,93.0,0.930000,434751.0,452900.0,0.959927
4530,453924,454023,100.0,96.5,0.965000,434847.5,453000.0,0.959928
4531,454024,454123,100.0,98.5,0.985000,434946.0,453100.0,0.959934
4532,454124,454223,100.0,100.0,1.000000,435046.0,453200.0,0.959943
4533,454224,454323,100.0,97.75,0.977500,435143.75,453300.0,0.959947
4534,454324,454423,100.0,92.25,0.922500,435236.0,453400.0,0.959938
4535,454424,454523,100.0,98.0,0.980000,435334.0,453500.0,0.959943
4536,454524,454623,100.0,99.0,0.990000,435433.0,453600.0,0.959949
4537,454624,454723,100.0,100.0,1.000000,435533.0,453700.0,0.959958
4538,454724,454823,100.0,94.0,0.940000,435627.0,453800.0,0.959954
4539,454824,454923,100.0,96.0,0.960000,435723.0,453900.0,0.959954
4540,454924,455023,100.0,98.0,0.980000,435821.0,454000.0,0.959958
4541,455024,455123,100.0,97.0,0.970000,435918.0,454100.0,0.959960
4542,455124,455223,100.0,100.0,1.000000,436018.0,454200.0,0.959969
4543,455224,455323,100.0,99.0,0.990000,436117.0,454300.0,0.959976
4544,455324,455423,100.0,98.0,0.980000,436215.0,454400.0,0.959980
4545,455424,455523,100.0,98.0,0.980000,436313.0,454500.0,0.959985
4546,455524,455623,100.0,94.0,0.940000,436407.0,454600.0,0.959980
4547,455624,455723,100.0,99.0,0.990000,436506.0,454700.0,0.959987
4548,455724,455823,100.0,98.0,0.980000,436604.0,454800.0,0.959991
4549,455824,455923,100.0,93.0,0.930000,436697.0,454900.0,0.959985
4550,455924,456023,100.0,98.0,0.980000,436795.0,455000.0,0.959989
4551,456024,456123,100.0,89.0,0.890000,436884.0,455100.0,0.959974
4552,456124,456223,100.0,100.0,1.000000,436984.0,455200.0,0.959982
4553,456224,456323,100.0,98.0,0.980000,437082.0,455300.0,0.959987
4554,456324,456423,100.0,96.5,0.965000,437178.5,455400.0,0.959988
4555,456424,456523,100.0,99.5,0.995000,437278.0,455500.0,0.959996
4556,456524,456623,100.0,91.0,0.910000,437369.0,455600.0,0.959985
4557,456624,456723,100.0,100.0,1.000000,437469.0,455700.0,0.959993
4558,456724,456823,100.0,100.0,1.000000,437569.0,455800.0,0.960002
4559,456824,456923,100.0,92.5,0.925000,437661.5,455900.0,0.959995
4560,456924,457023,100.0,97.5,0.975000,437759.0,456000.0,0.959998
4561,457024,457123,100.0,90.0,0.900000,437849.0,456100.0,0.959985
4562,457124,457223,100.0,99.0,0.990000,437948.0,456200.0,0.959991
4563,457224,457323,100.0,100.0,1.000000,438048.0,456300.0,0.960000
4564,457324,457423,100.0,96.0,0.960000,438144.0,456400.0,0.960000
4565,457424,457523,100.0,98.0,0.980000,438242.0,456500.0,0.960004
4566,457524,457623,100.0,93.5,0.935000,438335.5,456600.0,0.959999
4567,457624,457723,100.0,99.5,0.995000,438435.0,456700.0,0.960007
4568,457724,457823,100.0,100.0,1.000000,438535.0,456800.0,0.960015
4569,457824,457923,100.0,98.75,0.987500,438633.75,456900.0,0.960021
4570,457924,458023,100.0,97.25,0.972500,438731.0,457000.0,0.960024
4571,458024,458123,100.0,95.25,0.952500,438826.25,457100.0,0.960022
4572,458124,458223,100.0,99.75,0.997500,438926.0,457200.0,0.960031
4573,458224,458323,100.0,98.0,0.980000,439024.0,457300.0,0.960035
4574,458324,458423,100.0,99.0,0.990000,439123.0,457400.0,0.960042
4575,458424,458523,100.0,92.5,0.925000,439215.5,457500.0,0.960034
4576,458524,458623,100.0,93.5,0.935000,439309.0,457600.0,0.960028
4577,458624,458723,100.0,98.0,0.980000,439407.0,457700.0,0.960033
4578,458724,458823,100.0,99.0,0.990000,439506.0,457800.0,0.960039
4579,458824,458923,100.0,98.0,0.980000,439604.0,457900.0,0.960044
4580,458924,459023,100.0,96.0,0.960000,439700.0,458000.0,0.960044
4581,459024,459123,100.0,97.0,0.970000,439797.0,458100.0,0.960046
4582,459124,459223,100.0,99.0,0.990000,439896.0,458200.0,0.960052
4583,459224,459323,100.0,100.0,1.000000,439996.0,458300.0,0.960061
4584,459324,459423,100.0,100.0,1.000000,440096.0,458400.0,0.960070
4585,459424,459523,100.0,88.0,0.880000,440184.0,458500.0,0.960052
4586,459524,459623,100.0,99.0,0.990000,440283.0,458600.0,0.960059
4587,459624,459723,100.0,100.0,1.000000,440383.0,458700.0,0.960068
4588,459724,459823,100.0,100.0,1.000000,440483.0,458800.0,0.960076
4589,459824,459923,100.0,98.0,0.980000,440581.0,458900.0,0.960081
4590,459924,460023,100.0,97.0,0.970000,440678.0,459000.0,0.960083
4591,460024,460123,100.0,98.0,0.980000,440776.0,459100.0,0.960087
4592,460124,460223,100.0,99.0,0.990000,440875.0,459200.0,0.960094
4593,460224,460323,100.0,99.0,0.990000,440974.0,459300.0,0.960100
4594,460324,460423,100.0,98.0,0.980000,441072.0,459400.0,0.960104
4595,460424,460523,100.0,99.0,0.990000,441171.0,459500.0,0.960111
4596,460524,460623,100.0,84.0,0.840000,441255.0,459600.0,0.960085
4597,460624,460723,100.0,97.0,0.970000,441352.0,459700.0,0.960087
4598,460724,460823,100.0,100.0,1.000000,441452.0,459800.0,0.960096
4599,460824,460923,100.0,100.0,1.000000,441552.0,459900.0,0.960104
4600,460924,461023,100.0,99.0,0.990000,441651.0,460000.0,0.960111
4601,461024,461123,100.0,93.5,0.935000,441744.5,460100.0,0.960105
4602,461124,461223,100.0,98.5,0.985000,441843.0,460200.0,0.960111
4603,461224,461323,100.0,100.0,1.000000,441943.0,460300.0,0.960119
4604,461324,461423,100.0,99.0,0.990000,442042.0,460400.0,0.960126
4605,461424,461523,100.0,95.0,0.950000,442137.0,460500.0,0.960124
4606,461524,461623,100.0,90.0,0.900000,442227.0,460600.0,0.960111
4607,461624,461723,100.0,99.0,0.990000,442326.0,460700.0,0.960117
4608,461724,461823,100.0,100.0,1.000000,442426.0,460800.0,0.960126
4609,461824,461923,100.0,98.0,0.980000,442524.0,460900.0,0.960130
4610,461924,462023,100.0,95.0,0.950000,442619.0,461000.0,0.960128
4611,462024,462123,100.0,98.0,0.980000,442717.0,461100.0,0.960132
4612,462124,462223,100.0,99.0,0.990000,442816.0,461200.0,0.960139
4613,462224,462323,100.0,100.0,1.000000,442916.0,461300.0,0.960147
4614,462324,462423,100.0,99.0,0.990000,443015.0,461400.0,0.960154
4615,462424,462523,100.0,93.0,0.930000,443108.0,461500.0,0.960147
4616,462524,462623,100.0,98.0,0.980000,443206.0,461600.0,0.960152
4617,462624,462723,100.0,100.0,1.000000,443306.0,461700.0,0.960160
4618,462724,462823,100.0,100.0,1.000000,443406.0,461800.0,0.960169
4619,462824,462923,100.0,95.0,0.950000,443501.0,461900.0,0.960167
4620,462924,463023,100.0,97.0,0.970000,443598.0,462000.0,0.960169
4621,463024,463123,100.0,93.0,0.930000,443691.0,462100.0,0.960162
4622,463124,463223,100.0,100.0,1.000000,443791.0,462200.0,0.960171
4623,463224,463323,100.0,97.75,0.977500,443888.75,462300.0,0.960175
4624,463324,463423,100.0,97.25,0.972500,443986.0,462400.0,0.960177
4625,463424,463523,100.0,95.0,0.950000,444081.0,462500.0,0.960175
4626,463524,463623,100.0,97.0,0.970000,444178.0,462600.0,0.960177
4627,463624,463723,100.0,100.0,1.000000,444278.0,462700.0,0.960186
4628,463724,463823,100.0,96.0,0.960000,444374.0,462800.0,0.960186
4629,463824,463923,100.0,98.0,0.980000,444472.0,462900.0,0.960190
4630,463924,464023,100.0,97.0,0.970000,444569.0,463000.0,0.960192
4631,464024,464123,100.0,98.0,0.980000,444667.0,463100.0,0.960197
4632,464124,464223,100.0,98.0,0.980000,444765.0,463200.0,0.960201
4633,464224,464323,100.0,95.75,0.957500,444860.75,463300.0,0.960200
4634,464324,464423,100.0,99.25,0.992500,444960.0,463400.0,0.960207
4635,464424,464523,100.0,98.25,0.982500,445058.25,463500.0,0.960212
4636,464524,464623,100.0,94.75,0.947500,445153.0,463600.0,0.960209
4637,464624,464723,100.0,94.75,0.947500,445247.75,463700.0,0.960206
4638,464724,464823,100.0,95.25,0.952500,445343.0,463800.0,0.960205
4639,464824,464923,100.0,98.25,0.982500,445441.25,463900.0,0.960210
4640,464924,465023,100.0,95.75,0.957500,445537.0,464000.0,0.960209
4641,465024,465123,100.0,97.0,0.970000,445634.0,464100.0,0.960211
4642,465124,465223,100.0,93.5,0.935000,445727.5,464200.0,0.960206
4643,465224,465323,100.0,97.5,0.975000,445825.0,464300.0,0.960209
4644,465324,465423,100.0,96.0,0.960000,445921.0,464400.0,0.960209
4645,465424,465523,100.0,96.75,0.967500,446017.75,464500.0,0.960210
4646,465524,465623,100.0,95.25,0.952500,446113.0,464600.0,0.960209
4647,465624,465723,100.0,98.0,0.980000,446211.0,464700.0,0.960213
4648,465724,465823,100.0,98.0,0.980000,446309.0,464800.0,0.960217
4649,465824,465923,100.0,95.5,0.955000,446404.5,464900.0,0.960216
4650,465924,466023,100.0,98.5,0.985000,446503.0,465000.0,0.960222
4651,466024,466123,100.0,98.0,0.980000,446601.0,465100.0,0.960226
4652,466124,466223,100.0,99.0,0.990000,446700.0,465200.0,0.960232
4653,466224,466323,100.0,98.75,0.987500,446798.75,465300.0,0.960238
4654,466324,466423,100.0,96.25,0.962500,446895.0,465400.0,0.960239
4655,466424,466523,100.0,97.25,0.972500,446992.25,465500.0,0.960241
4656,466524,466623,100.0,98.75,0.987500,447091.0,465600.0,0.960247
4657,466624,466723,100.0,98.0,0.980000,447189.0,465700.0,0.960251
4658,466724,466823,100.0,97.5,0.975000,447286.5,465800.0,0.960254
4659,466824,466923,100.0,92.5,0.925000,447379.0,465900.0,0.960247
4660,466924,467023,100.0,99.0,0.990000,447478.0,466000.0,0.960253
4661,467024,467123,100.0,98.0,0.980000,447576.0,466100.0,0.960257
4662,467124,467223,100.0,100.0,1.000000,447676.0,466200.0,0.960266
4663,467224,467323,100.0,96.25,0.962500,447772.25,466300.0,0.960266
4664,467324,467423,100.0,95.75,0.957500,447868.0,466400.0,0.960266
4665,467424,467523,100.0,93.0,0.930000,447961.0,466500.0,0.960259
4666,467524,467623,100.0,97.0,0.970000,448058.0,466600.0,0.960261
4667,467624,467723,100.0,96.0,0.960000,448154.0,466700.0,0.960261
4668,467724,467823,100.0,92.0,0.920000,448246.0,466800.0,0.960253
4669,467824,467923,100.0,95.0,0.950000,448341.0,466900.0,0.960251
4670,467924,468023,100.0,100.0,1.000000,448441.0,467000.0,0.960259
4671,468024,468123,100.0,97.0,0.970000,448538.0,467100.0,0.960261
4672,468124,468223,100.0,87.0,0.870000,448625.0,467200.0,0.960242
4673,468224,468323,100.0,97.0,0.970000,448722.0,467300.0,0.960244
4674,468324,468423,100.0,93.0,0.930000,448815.0,467400.0,0.960237
4675,468424,468523,100.0,97.0,0.970000,448912.0,467500.0,0.960240
4676,468524,468623,100.0,98.0,0.980000,449010.0,467600.0,0.960244
4677,468624,468723,100.0,97.0,0.970000,449107.0,467700.0,0.960246
4678,468724,468823,100.0,98.0,0.980000,449205.0,467800.0,0.960250
4679,468824,468923,100.0,91.25,0.912500,449296.25,467900.0,0.960240
4680,468924,469023,100.0,96.75,0.967500,449393.0,468000.0,0.960241
4681,469024,469123,100.0,90.0,0.900000,449483.0,468100.0,0.960229
4682,469124,469223,100.0,96.0,0.960000,449579.0,468200.0,0.960229
4683,469224,469323,100.0,98.0,0.980000,449677.0,468300.0,0.960233
4684,469324,469423,100.0,94.0,0.940000,449771.0,468400.0,0.960228
4685,469424,469523,100.0,97.0,0.970000,449868.0,468500.0,0.960231
4686,469524,469623,100.0,97.0,0.970000,449965.0,468600.0,0.960233
4687,469624,469723,100.0,96.0,0.960000,450061.0,468700.0,0.960233
4688,469724,469823,100.0,97.0,0.970000,450158.0,468800.0,0.960235
4689,469824,469923,100.0,92.0,0.920000,450250.0,468900.0,0.960226
4690,469924,470023,100.0,92.0,0.920000,450342.0,469000.0,0.960217
4691,470024,470123,100.0,99.0,0.990000,450441.0,469100.0,0.960224
4692,470124,470223,100.0,94.0,0.940000,450535.0,469200.0,0.960220
4693,470224,470323,100.0,96.75,0.967500,450631.75,469300.0,0.960221
4694,470324,470423,100.0,97.25,0.972500,450729.0,469400.0,0.960224
4695,470424,470523,100.0,86.5,0.865000,450815.5,469500.0,0.960203
4696,470524,470623,100.0,92.5,0.925000,450908.0,469600.0,0.960196
4697,470624,470723,100.0,95.0,0.950000,451003.0,469700.0,0.960194
4698,470724,470823,100.0,97.0,0.970000,451100.0,469800.0,0.960196
4699,470824,470923,100.0,95.25,0.952500,451195.25,469900.0,0.960194
4700,470924,471023,100.0,95.75,0.957500,451291.0,470000.0,0.960194
4701,471024,471123,100.0,93.75,0.937500,451384.75,470100.0,0.960189
4702,471124,471223,100.0,91.75,0.917500,451476.5,470200.0,0.960180
4703,471224,471323,100.0,97.75,0.977500,451574.25,470300.0,0.960183
4704,471324,471423,100.0,95.75,0.957500,451670.0,470400.0,0.960183
4705,471424,471523,100.0,90.0,0.900000,451760.0,470500.0,0.960170
4706,471524,471623,100.0,97.5,0.975000,451857.5,470600.0,0.960173
4707,471624,471723,100.0,98.5,0.985000,451956.0,470700.0,0.960178
4708,471724,471823,100.0,95.0,0.950000,452051.0,470800.0,0.960176
4709,471824,471923,100.0,93.0,0.930000,452144.0,470900.0,0.960170
4710,471924,472023,100.0,94.0,0.940000,452238.0,471000.0,0.960166
4711,472024,472123,100.0,95.0,0.950000,452333.0,471100.0,0.960163
4712,472124,472223,100.0,82.0,0.820000,452415.0,471200.0,0.960134
4713,472224,472323,100.0,97.75,0.977500,452512.75,471300.0,0.960137
4714,472324,472423,100.0,94.75,0.947500,452607.5,471400.0,0.960135
4715,472424,472523,100.0,98.5,0.985000,452706.0,471500.0,0.960140
4716,472524,472623,100.0,79.0,0.790000,452785.0,471600.0,0.960104
4717,472624,472723,100.0,99.0,0.990000,452884.0,471700.0,0.960110
4718,472724,472823,100.0,92.5,0.925000,452976.5,471800.0,0.960103
4719,472824,472923,100.0,97.5,0.975000,453074.0,471900.0,0.960106
4720,472924,473023,100.0,91.0,0.910000,453165.0,472000.0,0.960095
4721,473024,473123,100.0,96.75,0.967500,453261.75,472100.0,0.960097
4722,473124,473223,100.0,94.75,0.947500,453356.5,472200.0,0.960094
4723,473224,473323,100.0,94.5,0.945000,453451.0,472300.0,0.960091
4724,473324,473423,100.0,97.0,0.970000,453548.0,472400.0,0.960093
4725,473424,473523,100.0,95.75,0.957500,453643.75,472500.0,0.960093
4726,473524,473623,100.0,97.25,0.972500,453741.0,472600.0,0.960095
4727,473624,473723,100.0,97.0,0.970000,453838.0,472700.0,0.960097
4728,473724,473823,100.0,98.0,0.980000,453936.0,472800.0,0.960102
4729,473824,473923,100.0,95.0,0.950000,454031.0,472900.0,0.960099
4730,473924,474023,100.0,95.0,0.950000,454126.0,473000.0,0.960097
4731,474024,474123,100.0,99.0,0.990000,454225.0,473100.0,0.960104
4732,474124,474223,100.0,93.0,0.930000,454318.0,473200.0,0.960097
4733,474224,474323,100.0,91.0,0.910000,454409.0,473300.0,0.960087
4734,474324,474423,100.0,97.5,0.975000,454506.5,473400.0,0.960090
4735,474424,474523,100.0,96.75,0.967500,454603.25,473500.0,0.960091
4736,474524,474623,100.0,96.75,0.967500,454700.0,473600.0,0.960093
4737,474624,474723,100.0,96.75,0.967500,454796.75,473700.0,0.960094
4738,474724,474823,100.0,94.25,0.942500,454891.0,473800.0,0.960091
4739,474824,474923,100.0,100.0,1.000000,454991.0,473900.0,0.960099
4740,474924,475023,100.0,92.0,0.920000,455083.0,474000.0,0.960091
4741,475024,475123,100.0,98.0,0.980000,455181.0,474100.0,0.960095
4742,475124,475223,100.0,95.0,0.950000,455276.0,474200.0,0.960093
4743,475224,475323,100.0,96.25,0.962500,455372.25,474300.0,0.960093
4744,475324,475423,100.0,98.75,0.987500,455471.0,474400.0,0.960099
4745,475424,475523,100.0,97.75,0.977500,455568.75,474500.0,0.960103
4746,475524,475623,100.0,97.75,0.977500,455666.5,474600.0,0.960106
4747,475624,475723,100.0,97.5,0.975000,455764.0,474700.0,0.960110
4748,475724,475823,100.0,98.0,0.980000,455862.0,474800.0,0.960114
4749,475824,475923,100.0,98.0,0.980000,455960.0,474900.0,0.960118
4750,475924,476023,100.0,98.0,0.980000,456058.0,475000.0,0.960122
4751,476024,476123,100.0,99.0,0.990000,456157.0,475100.0,0.960128
4752,476124,476223,100.0,100.0,1.000000,456257.0,475200.0,0.960137
4753,476224,476323,100.0,96.0,0.960000,456353.0,475300.0,0.960137
4754,476324,476423,100.0,98.0,0.980000,456451.0,475400.0,0.960141
4755,476424,476523,100.0,98.25,0.982500,456549.25,475500.0,0.960146
4756,476524,476623,100.0,96.75,0.967500,456646.0,475600.0,0.960147
4757,476624,476723,100.0,98.0,0.980000,456744.0,475700.0,0.960151
4758,476724,476823,100.0,96.0,0.960000,456840.0,475800.0,0.960151
4759,476824,476923,100.0,98.0,0.980000,456938.0,475900.0,0.960155
4760,476924,477023,100.0,98.0,0.980000,457036.0,476000.0,0.960160
4761,477024,477123,100.0,97.0,0.970000,457133.0,476100.0,0.960162
4762,477124,477223,100.0,100.0,1.000000,457233.0,476200.0,0.960170
4763,477224,477323,100.0,96.0,0.960000,457329.0,476300.0,0.960170
4764,477324,477423,100.0,99.0,0.990000,457428.0,476400.0,0.960176
4765,477424,477523,100.0,99.0,0.990000,457527.0,476500.0,0.960183
4766,477524,477623,100.0,97.0,0.970000,457624.0,476600.0,0.960185
4767,477624,477723,100.0,98.0,0.980000,457722.0,476700.0,0.960189
4768,477724,477823,100.0,97.0,0.970000,457819.0,476800.0,0.960191
4769,477824,477923,100.0,94.0,0.940000,457913.0,476900.0,0.960187
4770,477924,478023,100.0,98.5,0.985000,458011.5,477000.0,0.960192
4771,478024,478123,100.0,98.5,0.985000,458110.0,477100.0,0.960197
4772,478124,478223,100.0,94.0,0.940000,458204.0,477200.0,0.960193
4773,478224,478323,100.0,99.0,0.990000,458303.0,477300.0,0.960199
4774,478324,478423,100.0,97.5,0.975000,458400.5,477400.0,0.960202
4775,478424,478523,100.0,86.5,0.865000,458487.0,477500.0,0.960182
4776,478524,478623,100.0,95.0,0.950000,458582.0,477600.0,0.960180
4777,478624,478723,100.0,99.0,0.990000,458681.0,477700.0,0.960186
4778,478724,478823,100.0,100.0,1.000000,458781.0,477800.0,0.960195
4779,478824,478923,100.0,94.0,0.940000,458875.0,477900.0,0.960190
4780,478924,479023,100.0,94.0,0.940000,458969.0,478000.0,0.960186
4781,479024,479123,100.0,99.75,0.997500,459068.75,478100.0,0.960194
4782,479124,479223,100.0,98.25,0.982500,459167.0,478200.0,0.960199
4783,479224,479323,100.0,95.0,0.950000,459262.0,478300.0,0.960197
4784,479324,479423,100.0,98.0,0.980000,459360.0,478400.0,0.960201
4785,479424,479523,100.0,96.0,0.960000,459456.0,478500.0,0.960201
4786,479524,479623,100.0,89.0,0.890000,459545.0,478600.0,0.960186
4787,479624,479723,100.0,100.0,1.000000,459645.0,478700.0,0.960194
4788,479724,479823,100.0,94.0,0.940000,459739.0,478800.0,0.960190
4789,479824,479923,100.0,89.0,0.890000,459828.0,478900.0,0.960175
4790,479924,480023,100.0,92.5,0.925000,459920.5,479000.0,0.960168
4791,480024,480123,100.0,97.75,0.977500,460018.25,479100.0,0.960172
4792,480124,480223,100.0,97.75,0.977500,460116.0,479200.0,0.960175
4793,480224,480323,100.0,100.0,1.000000,460216.0,479300.0,0.960184
4794,480324,480423,100.0,99.0,0.990000,460315.0,479400.0,0.960190
4795,480424,480523,100.0,98.25,0.982500,460413.25,479500.0,0.960194
4796,480524,480623,100.0,99.75,0.997500,460513.0,479600.0,0.960202
4797,480624,480723,100.0,98.0,0.980000,460611.0,479700.0,0.960206
4798,480724,480823,100.0,97.0,0.970000,460708.0,479800.0,0.960208
4799,480824,480923,100.0,100.0,1.000000,460808.0,479900.0,0.960217
4800,480924,481023,100.0,96.0,0.960000,460904.0,480000.0,0.960217
4801,481024,481123,100.0,96.0,0.960000,461000.0,480100.0,0.960217
4802,481124,481223,100.0,100.0,1.000000,461100.0,480200.0,0.960225
4803,481224,481323,100.0,95.0,0.950000,461195.0,480300.0,0.960223
4804,481324,481423,100.0,95.0,0.950000,461290.0,480400.0,0.960221
4805,481424,481523,100.0,100.0,1.000000,461390.0,480500.0,0.960229
4806,481524,481623,100.0,95.0,0.950000,461485.0,480600.0,0.960227
4807,481624,481723,100.0,100.0,1.000000,461585.0,480700.0,0.960235
4808,481724,481823,100.0,99.0,0.990000,461684.0,480800.0,0.960241
4809,481824,481923,100.0,96.0,0.960000,461780.0,480900.0,0.960241
4810,481924,482023,100.0,99.0,0.990000,461879.0,481000.0,0.960247
4811,482024,482123,100.0,99.25,0.992500,461978.25,481100.0,0.960254
4812,482124,482223,100.0,96.75,0.967500,462075.0,481200.0,0.960256
4813,482224,482323,100.0,97.25,0.972500,462172.25,481300.0,0.960258
4814,482324,482423,100.0,96.25,0.962500,462268.5,481400.0,0.960259
4815,482424,482523,100.0,97.5,0.975000,462366.0,481500.0,0.960262
4816,482524,482623,100.0,99.0,0.990000,462465.0,481600.0,0.960268
4817,482624,482723,100.0,98.0,0.980000,462563.0,481700.0,0.960272
4818,482724,482823,100.0,98.0,0.980000,462661.0,481800.0,0.960276
4819,482824,482923,100.0,99.25,0.992500,462760.25,481900.0,0.960283
4820,482924,483023,100.0,99.75,0.997500,462860.0,482000.0,0.960290
4821,483024,483123,100.0,94.0,0.940000,462954.0,482100.0,0.960286
4822,483124,483223,100.0,96.0,0.960000,463050.0,482200.0,0.960286
4823,483224,483323,100.0,97.0,0.970000,463147.0,482300.0,0.960288
4824,483324,483423,100.0,100.0,1.000000,463247.0,482400.0,0.960296
4825,483424,483523,100.0,94.0,0.940000,463341.0,482500.0,0.960292
4826,483524,483623,100.0,97.5,0.975000,463438.5,482600.0,0.960295
4827,483624,483723,100.0,98.5,0.985000,463537.0,482700.0,0.960300
4828,483724,483823,100.0,97.0,0.970000,463634.0,482800.0,0.960302
4829,483824,483923,100.0,100.0,1.000000,463734.0,482900.0,0.960311
4830,483924,484023,100.0,99.0,0.990000,463833.0,483000.0,0.960317
4831,484024,484123,100.0,100.0,1.000000,463933.0,483100.0,0.960325
4832,484124,484223,100.0,98.0,0.980000,464031.0,483200.0,0.960329
4833,484224,484323,100.0,96.0,0.960000,464127.0,483300.0,0.960329
4834,484324,484423,100.0,100.0,1.000000,464227.0,483400.0,0.960337
4835,484424,484523,100.0,98.0,0.980000,464325.0,483500.0,0.960341
4836,484524,484623,100.0,97.0,0.970000,464422.0,483600.0,0.960343
4837,484624,484723,100.0,99.0,0.990000,464521.0,483700.0,0.960349
4838,484724,484823,100.0,100.0,1.000000,464621.0,483800.0,0.960358
4839,484824,484923,100.0,97.0,0.970000,464718.0,483900.0,0.960360
4840,484924,485023,100.0,97.0,0.970000,464815.0,484000.0,0.960362
4841,485024,485123,100.0,100.0,1.000000,464915.0,484100.0,0.960370
4842,485124,485223,100.0,91.0,0.910000,465006.0,484200.0,0.960359
4843,485224,485323,100.0,96.0,0.960000,465102.0,484300.0,0.960359
4844,485324,485423,100.0,100.0,1.000000,465202.0,484400.0,0.960367
4845,485424,485523,100.0,96.0,0.960000,465298.0,484500.0,0.960367
4846,485524,485623,100.0,96.0,0.960000,465394.0,484600.0,0.960367
4847,485624,485723,100.0,100.0,1.000000,465494.0,484700.0,0.960375
4848,485724,485823,100.0,100.0,1.000000,465594.0,484800.0,0.960384
4849,485824,485923,100.0,90.5,0.905000,465684.5,484900.0,0.960372
4850,485924,486023,100.0,88.5,0.885000,465773.0,485000.0,0.960357
4851,486024,486123,100.0,100.0,1.000000,465873.0,485100.0,0.960365
4852,486124,486223,100.0,100.0,1.000000,465973.0,485200.0,0.960373
4853,486224,486323,100.0,94.0,0.940000,466067.0,485300.0,0.960369
4854,486324,486423,100.0,100.0,1.000000,466167.0,485400.0,0.960377
4855,486424,486523,100.0,100.0,1.000000,466267.0,485500.0,0.960385
4856,486524,486623,100.0,99.0,0.990000,466366.0,485600.0,0.960391
4857,486624,486723,100.0,98.0,0.980000,466464.0,485700.0,0.960395
4858,486724,486823,100.0,100.0,1.000000,466564.0,485800.0,0.960403
4859,486824,486923,100.0,100.0,1.000000,466664.0,485900.0,0.960412
4860,486924,487023,100.0,100.0,1.000000,466764.0,486000.0,0.960420
4861,487024,487123,100.0,93.0,0.930000,466857.0,486100.0,0.960413
4862,487124,487223,100.0,100.0,1.000000,466957.0,486200.0,0.960422
4863,487224,487323,100.0,99.25,0.992500,467056.25,486300.0,0.960428
4864,487324,487423,100.0,98.75,0.987500,467155.0,486400.0,0.960434
4865,487424,487523,100.0,97.0,0.970000,467252.0,486500.0,0.960436
4866,487524,487623,100.0,100.0,1.000000,467352.0,486600.0,0.960444
4867,487624,487723,100.0,90.0,0.900000,467442.0,486700.0,0.960431
4868,487724,487823,100.0,98.0,0.980000,467540.0,486800.0,0.960435
4869,487824,487923,100.0,99.0,0.990000,467639.0,486900.0,0.960442
4870,487924,488023,100.0,93.0,0.930000,467732.0,487000.0,0.960435
4871,488024,488123,100.0,89.0,0.890000,467821.0,487100.0,0.960421
4872,488124,488223,100.0,95.0,0.950000,467916.0,487200.0,0.960419
4873,488224,488323,100.0,98.5,0.985000,468014.5,487300.0,0.960424
4874,488324,488423,100.0,97.5,0.975000,468112.0,487400.0,0.960427
4875,488424,488523,100.0,92.0,0.920000,468204.0,487500.0,0.960418
4876,488524,488623,100.0,95.0,0.950000,468299.0,487600.0,0.960416
4877,488624,488723,100.0,100.0,1.000000,468399.0,487700.0,0.960424
4878,488724,488823,100.0,95.5,0.955000,468494.5,487800.0,0.960423
4879,488824,488923,100.0,96.5,0.965000,468591.0,487900.0,0.960424
4880,488924,489023,100.0,99.0,0.990000,468690.0,488000.0,0.960430
4881,489024,489123,100.0,96.0,0.960000,468786.0,488100.0,0.960430
4882,489124,489223,100.0,98.0,0.980000,468884.0,488200.0,0.960434
4883,489224,489323,100.0,96.25,0.962500,468980.25,488300.0,0.960435
4884,489324,489423,100.0,98.75,0.987500,469079.0,488400.0,0.960440
4885,489424,489523,100.0,98.0,0.980000,469177.0,488500.0,0.960444
4886,489524,489623,100.0,97.0,0.970000,469274.0,488600.0,0.960446
4887,489624,489723,100.0,97.0,0.970000,469371.0,488700.0,0.960448
4888,489724,489823,100.0,94.0,0.940000,469465.0,488800.0,0.960444
4889,489824,489923,100.0,98.0,0.980000,469563.0,488900.0,0.960448
4890,489924,490023,100.0,95.0,0.950000,469658.0,489000.0,0.960446
4891,490024,490123,100.0,97.5,0.975000,469755.5,489100.0,0.960449
4892,490124,490223,100.0,94.5,0.945000,469850.0,489200.0,0.960446
4893,490224,490323,100.0,95.0,0.950000,469945.0,489300.0,0.960443
4894,490324,490423,100.0,94.0,0.940000,470039.0,489400.0,0.960439
4895,490424,490523,100.0,97.25,0.972500,470136.25,489500.0,0.960442
4896,490524,490623,100.0,89.75,0.897500,470226.0,489600.0,0.960429
4897,490624,490723,100.0,99.75,0.997500,470325.75,489700.0,0.960436
4898,490724,490823,100.0,94.25,0.942500,470420.0,489800.0,0.960433
4899,490824,490923,100.0,98.25,0.982500,470518.25,489900.0,0.960437
4900,490924,491023,100.0,94.75,0.947500,470613.0,490000.0,0.960435
4901,491024,491123,100.0,100.0,1.000000,470713.0,490100.0,0.960443
4902,491124,491223,100.0,91.5,0.915000,470804.5,490200.0,0.960433
4903,491224,491323,100.0,98.5,0.985000,470903.0,490300.0,0.960439
4904,491324,491423,100.0,100.0,1.000000,471003.0,490400.0,0.960447
4905,491424,491523,100.0,90.0,0.900000,471093.0,490500.0,0.960434
4906,491524,491623,100.0,95.0,0.950000,471188.0,490600.0,0.960432
4907,491624,491723,100.0,96.0,0.960000,471284.0,490700.0,0.960432
4908,491724,491823,100.0,98.0,0.980000,471382.0,490800.0,0.960436
4909,491824,491923,100.0,95.0,0.950000,471477.0,490900.0,0.960434
4910,491924,492023,100.0,91.0,0.910000,471568.0,491000.0,0.960424
4911,492024,492123,100.0,86.25,0.862500,471654.25,491100.0,0.960404
4912,492124,492223,100.0,94.75,0.947500,471749.0,491200.0,0.960401
4913,492224,492323,100.0,99.0,0.990000,471848.0,491300.0,0.960407
4914,492324,492423,100.0,98.0,0.980000,471946.0,491400.0,0.960411
4915,492424,492523,100.0,92.25,0.922500,472038.25,491500.0,0.960403
4916,492524,492623,100.0,93.75,0.937500,472132.0,491600.0,0.960399
4917,492624,492723,100.0,96.0,0.960000,472228.0,491700.0,0.960399
4918,492724,492823,100.0,98.5,0.985000,472326.5,491800.0,0.960404
4919,492824,492923,100.0,94.5,0.945000,472421.0,491900.0,0.960400
4920,492924,493023,100.0,84.0,0.840000,472505.0,492000.0,0.960376
4921,493024,493123,100.0,90.0,0.900000,472595.0,492100.0,0.960364
4922,493124,493223,100.0,99.0,0.990000,472694.0,492200.0,0.960370
4923,493224,493323,100.0,98.0,0.980000,472792.0,492300.0,0.960374
4924,493324,493423,100.0,91.0,0.910000,472883.0,492400.0,0.960364
4925,493424,493523,100.0,96.0,0.960000,472979.0,492500.0,0.960363
4926,493524,493623,100.0,96.0,0.960000,473075.0,492600.0,0.960363
4927,493624,493723,100.0,99.25,0.992500,473174.25,492700.0,0.960370
4928,493724,493823,100.0,98.75,0.987500,473273.0,492800.0,0.960375
4929,493824,493923,100.0,92.0,0.920000,473365.0,492900.0,0.960367
4930,493924,494023,100.0,96.0,0.960000,473461.0,493000.0,0.960367
4931,494024,494123,100.0,98.0,0.980000,473559.0,493100.0,0.960371
4932,494124,494223,100.0,99.0,0.990000,473658.0,493200.0,0.960377
4933,494224,494323,100.0,99.75,0.997500,473757.75,493300.0,0.960385
4934,494324,494423,100.0,95.75,0.957500,473853.5,493400.0,0.960384
4935,494424,494523,100.0,98.5,0.985000,473952.0,493500.0,0.960389
4936,494524,494623,100.0,91.0,0.910000,474043.0,493600.0,0.960379
4937,494624,494723,100.0,99.75,0.997500,474142.75,493700.0,0.960386
4938,494724,494823,100.0,92.75,0.927500,474235.5,493800.0,0.960380
4939,494824,494923,100.0,98.5,0.985000,474334.0,493900.0,0.960385
4940,494924,495023,100.0,97.0,0.970000,474431.0,494000.0,0.960387
4941,495024,495123,100.0,92.0,0.920000,474523.0,494100.0,0.960378
4942,495124,495223,100.0,99.0,0.990000,474622.0,494200.0,0.960384
4943,495224,495323,100.0,94.0,0.940000,474716.0,494300.0,0.960380
4944,495324,495423,100.0,99.0,0.990000,474815.0,494400.0,0.960386
4945,495424,495523,100.0,98.0,0.980000,474913.0,494500.0,0.960390
4946,495524,495623,100.0,95.0,0.950000,475008.0,494600.0,0.960388
4947,495624,495723,100.0,96.0,0.960000,475104.0,494700.0,0.960388
4948,495724,495823,100.0,93.0,0.930000,475197.0,494800.0,0.960382
4949,495824,495923,100.0,96.0,0.960000,475293.0,494900.0,0.960382
4950,495924,496023,100.0,91.0,0.910000,475384.0,495000.0,0.960372
4951,496024,496123,100.0,99.0,0.990000,475483.0,495100.0,0.960378
4952,496124,496223,100.0,94.0,0.940000,475577.0,495200.0,0.960374
4953,496224,496323,100.0,96.5,0.965000,475673.5,495300.0,0.960375
4954,496324,496423,100.0,87.5,0.875000,475761.0,495400.0,0.960357
4955,496424,496523,100.0,94.0,0.940000,475855.0,495500.0,0.960353
4956,496524,496623,100.0,100.0,1.000000,475955.0,495600.0,0.960361
4957,496624,496723,100.0,98.0,0.980000,476053.0,495700.0,0.960365
4958,496724,496823,100.0,97.5,0.975000,476150.5,495800.0,0.960368
4959,496824,496923,100.0,95.5,0.955000,476246.0,495900.0,0.960367
4960,496924,497023,100.0,88.0,0.880000,476334.0,496000.0,0.960351
4961,497024,497123,100.0,98.0,0.980000,476432.0,496100.0,0.960355
4962,497124,497223,100.0,96.0,0.960000,476528.0,496200.0,0.960355
4963,497224,497323,100.0,94.0,0.940000,476622.0,496300.0,0.960351
4964,497324,497423,100.0,94.0,0.940000,476716.0,496400.0,0.960346
4965,497424,497523,100.0,87.75,0.877500,476803.75,496500.0,0.960330
4966,497524,497623,100.0,95.25,0.952500,476899.0,496600.0,0.960328
4967,497624,497723,100.0,99.0,0.990000,476998.0,496700.0,0.960334
4968,497724,497823,100.0,90.0,0.900000,477088.0,496800.0,0.960322
4969,497824,497923,100.0,95.75,0.957500,477183.75,496900.0,0.960321
4970,497924,498023,100.0,98.75,0.987500,477282.5,497000.0,0.960327
4971,498024,498123,100.0,95.0,0.950000,477377.5,497100.0,0.960325
4972,498124,498223,100.0,95.5,0.955000,477473.0,497200.0,0.960324
4973,498224,498323,100.0,94.5,0.945000,477567.5,497300.0,0.960321
4974,498324,498423,100.0,97.5,0.975000,477665.0,497400.0,0.960324
4975,498424,498523,100.0,99.0,0.990000,477764.0,497500.0,0.960330
4976,498524,498623,100.0,97.0,0.970000,477861.0,497600.0,0.960332
4977,498624,498723,100.0,95.0,0.950000,477956.0,497700.0,0.960330
4978,498724,498823,100.0,97.0,0.970000,478053.0,497800.0,0.960331
4979,498824,498923,100.0,93.0,0.930000,478146.0,497900.0,0.960325
4980,498924,499023,100.0,98.0,0.980000,478244.0,498000.0,0.960329
4981,499024,499123,100.0,100.0,1.000000,478344.0,498100.0,0.960337
4982,499124,499223,100.0,97.0,0.970000,478441.0,498200.0,0.960339
4983,499224,499323,100.0,99.0,0.990000,478540.0,498300.0,0.960345
4984,499324,499423,100.0,96.0,0.960000,478636.0,498400.0,0.960345
4985,499424,499523,100.0,97.0,0.970000,478733.0,498500.0,0.960347
4986,499524,499623,100.0,99.0,0.990000,478832.0,498600.0,0.960353
4987,499624,499723,100.0,97.5,0.975000,478929.5,498700.0,0.960356
4988,499724,499823,100.0,92.5,0.925000,479022.0,498800.0,0.960349
4989,499824,499923,100.0,99.0,0.990000,479121.0,498900.0,0.960355
4990,499924,500023,100.0,95.0,0.950000,479216.0,499000.0,0.960353
4991,500024,500123,100.0,100.0,1.000000,479316.0,499100.0,0.960361
4992,500124,500223,100.0,97.0,0.970000,479413.0,499200.0,0.960363
4993,500224,500323,100.0,92.0,0.920000,479505.0,499300.0,0.960354
4994,500324,500423,100.0,97.0,0.970000,479602.0,499400.0,0.960356
4995,500424,500523,100.0,95.0,0.950000,479697.0,499500.0,0.960354
4996,500524,500623,100.0,100.0,1.000000,479797.0,499600.0,0.960362
4997,500624,500723,100.0,96.0,0.960000,479893.0,499700.0,0.960362
4998,500724,500823,100.0,98.5,0.985000,479991.5,499800.0,0.960367
4999,500824,500923,100.0,86.5,0.865000,480078.0,499900.0,0.960348
5000,500924,501023,100.0,96.0,0.960000,480174.0,500000.0,0.960348
5001,501024,501123,100.0,98.75,0.987500,480272.75,500100.0,0.960353
5002,501124,501223,100.0,99.25,0.992500,480372.0,500200.0,0.960360
5003,501224,501323,100.0,97.0,0.970000,480469.0,500300.0,0.960362
5004,501324,501423,100.0,96.0,0.960000,480565.0,500400.0,0.960362
5005,501424,501523,100.0,96.0,0.960000,480661.0,500500.0,0.960362
5006,501524,501623,100.0,98.5,0.985000,480759.5,500600.0,0.960367
5007,501624,501723,100.0,97.5,0.975000,480857.0,500700.0,0.960369
5008,501724,501823,100.0,99.0,0.990000,480956.0,500800.0,0.960375
5009,501824,501923,100.0,98.0,0.980000,481054.0,500900.0,0.960379
5010,501924,502023,100.0,97.0,0.970000,481151.0,501000.0,0.960381
5011,502024,502123,100.0,98.0,0.980000,481249.0,501100.0,0.960385
5012,502124,502223,100.0,95.0,0.950000,481344.0,501200.0,0.960383
5013,502224,502323,100.0,99.0,0.990000,481443.0,501300.0,0.960389
5014,502324,502423,100.0,99.0,0.990000,481542.0,501400.0,0.960395
5015,502424,502523,100.0,99.0,0.990000,481641.0,501500.0,0.960401
5016,502524,502623,100.0,100.0,1.000000,481741.0,501600.0,0.960409
5017,502624,502723,100.0,97.0,0.970000,481838.0,501700.0,0.960411
5018,502724,502823,100.0,94.0,0.940000,481932.0,501800.0,0.960407
5019,502824,502923,100.0,98.5,0.985000,482030.5,501900.0,0.960411
5020,502924,503023,100.0,88.5,0.885000,482119.0,502000.0,0.960396
5021,503024,503123,100.0,100.0,1.000000,482219.0,502100.0,0.960404
5022,503124,503223,100.0,96.0,0.960000,482315.0,502200.0,0.960404
5023,503224,503323,100.0,91.25,0.912500,482406.25,502300.0,0.960395
5024,503324,503423,100.0,99.75,0.997500,482506.0,502400.0,0.960402
5025,503424,503523,100.0,98.0,0.980000,482604.0,502500.0,0.960406
5026,503524,503623,100.0,100.0,1.000000,482704.0,502600.0,0.960414
5027,503624,503723,100.0,97.5,0.975000,482801.5,502700.0,0.960417
5028,503724,503823,100.0,96.5,0.965000,482898.0,502800.0,0.960418
5029,503824,503923,100.0,99.0,0.990000,482997.0,502900.0,0.960424
5030,503924,504023,100.0,100.0,1.000000,483097.0,503000.0,0.960431
5031,504024,504123,100.0,99.0,0.990000,483196.0,503100.0,0.960437
5032,504124,504223,100.0,100.0,1.000000,483296.0,503200.0,0.960445
5033,504224,504323,100.0,99.0,0.990000,483395.0,503300.0,0.960451
5034,504324,504423,100.0,98.0,0.980000,483493.0,503400.0,0.960455
5035,504424,504523,100.0,98.0,0.980000,483591.0,503500.0,0.960459
5036,504524,504623,100.0,99.0,0.990000,483690.0,503600.0,0.960465
5037,504624,504723,100.0,100.0,1.000000,483790.0,503700.0,0.960473
5038,504724,504823,100.0,98.0,0.980000,483888.0,503800.0,0.960476
5039,504824,504923,100.0,100.0,1.000000,483988.0,503900.0,0.960484
5040,504924,505023,100.0,98.0,0.980000,484086.0,504000.0,0.960488
5041,505024,505123,100.0,99.5,0.995000,484185.5,504100.0,0.960495
5042,505124,505223,100.0,97.5,0.975000,484283.0,504200.0,0.960498
5043,505224,505323,100.0,100.0,1.000000,484383.0,504300.0,0.960506
5044,505324,505423,100.0,93.0,0.930000,484476.0,504400.0,0.960500
5045,505424,505523,100.0,97.0,0.970000,484573.0,504500.0,0.960501
5046,505524,505623,100.0,99.0,0.990000,484672.0,504600.0,0.960507
5047,505624,505723,100.0,97.25,0.972500,484769.25,504700.0,0.960510
5048,505724,505823,100.0,99.75,0.997500,484869.0,504800.0,0.960517
5049,505824,505923,100.0,100.0,1.000000,484969.0,504900.0,0.960525
5050,505924,506023,100.0,95.5,0.955000,485064.5,505000.0,0.960524
5051,506024,506123,100.0,96.0,0.960000,485160.5,505100.0,0.960524
5052,506124,506223,100.0,99.5,0.995000,485260.0,505200.0,0.960530
5053,506224,506323,100.0,98.0,0.980000,485358.0,505300.0,0.960534
5054,506324,506423,100.0,97.0,0.970000,485455.0,505400.0,0.960536
5055,506424,506523,100.0,100.0,1.000000,485555.0,505500.0,0.960544
5056,506524,506623,100.0,99.0,0.990000,485654.0,505600.0,0.960550
5057,506624,506723,100.0,98.0,0.980000,485752.0,505700.0,0.960554
5058,506724,506823,100.0,96.0,0.960000,485848.0,505800.0,0.960554
5059,506824,506923,100.0,99.0,0.990000,485947.0,505900.0,0.960559
5060,506924,507023,100.0,100.0,1.000000,486047.0,506000.0,0.960567
5061,507024,507123,100.0,95.0,0.950000,486142.0,506100.0,0.960565
5062,507124,507223,100.0,97.5,0.975000,486239.5,506200.0,0.960568
5063,507224,507323,100.0,98.5,0.985000,486338.0,506300.0,0.960573
5064,507324,507423,100.0,98.0,0.980000,486436.0,506400.0,0.960577
5065,507424,507523,100.0,98.0,0.980000,486534.0,506500.0,0.960580
5066,507524,507623,100.0,99.0,0.990000,486633.0,506600.0,0.960586
5067,507624,507723,100.0,99.0,0.990000,486732.0,506700.0,0.960592
5068,507724,507823,100.0,96.0,0.960000,486828.0,506800.0,0.960592
5069,507824,507923,100.0,99.0,0.990000,486927.0,506900.0,0.960598
5070,507924,508023,100.0,99.0,0.990000,487026.0,507000.0,0.960604
5071,508024,508123,100.0,100.0,1.000000,487126.0,507100.0,0.960611
5072,508124,508223,100.0,98.0,0.980000,487224.0,507200.0,0.960615
5073,508224,508323,100.0,92.0,0.920000,487316.0,507300.0,0.960607
5074,508324,508423,100.0,97.0,0.970000,487413.0,507400.0,0.960609
5075,508424,508523,100.0,97.0,0.970000,487510.0,507500.0,0.960611
5076,508524,508623,100.0,100.0,1.000000,487610.0,507600.0,0.960619
5077,508624,508723,100.0,98.25,0.982500,487708.25,507700.0,0.960623
5078,508724,508823,100.0,90.75,0.907500,487799.0,507800.0,0.960612
5079,508824,508923,100.0,99.0,0.990000,487898.0,507900.0,0.960618
5080,508924,509023,100.0,93.0,0.930000,487991.0,508000.0,0.960612
5081,509024,509123,100.0,100.0,1.000000,488091.0,508100.0,0.960620
5082,509124,509223,100.0,99.0,0.990000,488190.0,508200.0,0.960626
5083,509224,509323,100.0,99.0,0.990000,488289.0,508300.0,0.960632
5084,509324,509423,100.0,95.0,0.950000,488384.0,508400.0,0.960629
5085,509424,509523,100.0,93.0,0.930000,488477.0,508500.0,0.960623
5086,509524,509623,100.0,99.0,0.990000,488576.0,508600.0,0.960629
5087,509624,509723,100.0,100.0,1.000000,488676.0,508700.0,0.960637
5088,509724,509823,100.0,95.0,0.950000,488771.0,508800.0,0.960635
5089,509824,509923,100.0,98.75,0.987500,488869.75,508900.0,0.960640
5090,509924,510023,100.0,99.25,0.992500,488969.0,509000.0,0.960646
5091,510024,510123,100.0,98.25,0.982500,489067.25,509100.0,0.960651
5092,510124,510223,100.0,99.75,0.997500,489167.0,509200.0,0.960658
5093,510224,510323,100.0,95.0,0.950000,489262.0,509300.0,0.960656
5094,510324,510423,100.0,99.0,0.990000,489361.0,509400.0,0.960662
5095,510424,510523,100.0,98.0,0.980000,489459.0,509500.0,0.960665
5096,510524,510623,100.0,99.0,0.990000,489558.0,509600.0,0.960671
5097,510624,510723,100.0,100.0,1.000000,489658.0,509700.0,0.960679
5098,510724,510823,100.0,96.0,0.960000,489754.0,509800.0,0.960679
5099,510824,510923,100.0,96.0,0.960000,489850.0,509900.0,0.960679
5100,510924,511023,100.0,100.0,1.000000,489950.0,510000.0,0.960686
5101,511024,511123,100.0,100.0,1.000000,490050.0,510100.0,0.960694
5102,511124,511223,100.0,100.0,1.000000,490150.0,510200.0,0.960702
5103,511224,511323,100.0,97.0,0.970000,490247.0,510300.0,0.960704
5104,511324,511423,100.0,100.0,1.000000,490347.0,510400.0,0.960711
5105,511424,511523,100.0,100.0,1.000000,490447.0,510500.0,0.960719
5106,511524,511623,100.0,99.0,0.990000,490546.0,510600.0,0.960725
5107,511624,511723,100.0,100.0,1.000000,490646.0,510700.0,0.960732
5108,511724,511823,100.0,95.0,0.950000,490741.0,510800.0,0.960730
5109,511824,511923,100.0,97.0,0.970000,490838.0,510900.0,0.960732
5110,511924,512023,100.0,100.0,1.000000,490938.0,511000.0,0.960740
5111,512024,512123,100.0,98.0,0.980000,491036.0,511100.0,0.960743
5112,512124,512223,100.0,97.0,0.970000,491133.0,511200.0,0.960745
5113,512224,512323,100.0,95.0,0.950000,491228.0,511300.0,0.960743
5114,512324,512423,100.0,96.0,0.960000,491324.0,511400.0,0.960743
5115,512424,512523,100.0,99.0,0.990000,491423.0,511500.0,0.960749
5116,512524,512623,100.0,97.0,0.970000,491520.0,511600.0,0.960751
5117,512624,512723,100.0,96.0,0.960000,491616.0,511700.0,0.960750
5118,512724,512823,100.0,94.0,0.940000,491710.0,511800.0,0.960746
5119,512824,512923,100.0,94.0,0.940000,491804.0,511900.0,0.960742
5120,512924,513023,100.0,100.0,1.000000,491904.0,512000.0,0.960750
5121,513024,513123,100.0,98.5,0.985000,492002.5,512100.0,0.960755
5122,513124,513223,100.0,92.0,0.920000,492094.5,512200.0,0.960747
5123,513224,513323,100.0,81.5,0.815000,492176.0,512300.0,0.960718
5124,513324,513423,100.0,97.0,0.970000,492273.0,512400.0,0.960720
5125,513424,513523,100.0,100.0,1.000000,492373.0,512500.0,0.960728
5126,513524,513623,100.0,95.0,0.950000,492468.0,512600.0,0.960726
5127,513624,513723,100.0,97.0,0.970000,492565.0,512700.0,0.960728
5128,513724,513823,100.0,91.0,0.910000,492656.0,512800.0,0.960718
5129,513824,513923,100.0,99.0,0.990000,492755.0,512900.0,0.960723
5130,513924,514023,100.0,99.0,0.990000,492854.0,513000.0,0.960729
5131,514024,514123,100.0,98.0,0.980000,492952.0,513100.0,0.960733
5132,514124,514223,100.0,95.0,0.950000,493047.0,513200.0,0.960731
5133,514224,514323,100.0,97.25,0.972500,493144.25,513300.0,0.960733
5134,514324,514423,100.0,96.75,0.967500,493241.0,513400.0,0.960734
5135,514424,514523,100.0,98.0,0.980000,493339.0,513500.0,0.960738
5136,514524,514623,100.0,95.0,0.950000,493434.0,513600.0,0.960736
5137,514624,514723,100.0,95.0,0.950000,493529.0,513700.0,0.960734
5138,514724,514823,100.0,92.0,0.920000,493621.0,513800.0,0.960726
5139,514824,514923,100.0,97.0,0.970000,493718.0,513900.0,0.960728
5140,514924,515023,100.0,99.0,0.990000,493817.0,514000.0,0.960733
5141,515024,515123,100.0,97.0,0.970000,493914.0,514100.0,0.960735
5142,515124,515223,100.0,94.0,0.940000,494008.0,514200.0,0.960731
5143,515224,515323,100.0,94.0,0.940000,494102.0,514300.0,0.960727
5144,515324,515423,100.0,97.0,0.970000,494199.0,514400.0,0.960729
5145,515424,515523,100.0,100.0,1.000000,494299.0,514500.0,0.960737
5146,515524,515623,100.0,97.0,0.970000,494396.0,514600.0,0.960738
5147,515624,515723,100.0,98.0,0.980000,494494.0,514700.0,0.960742
5148,515724,515823,100.0,100.0,1.000000,494594.0,514800.0,0.960750
5149,515824,515923,100.0,93.0,0.930000,494687.0,514900.0,0.960744
5150,515924,516023,100.0,98.0,0.980000,494785.0,515000.0,0.960748
5151,516024,516123,100.0,97.25,0.972500,494882.25,515100.0,0.960750
5152,516124,516223,100.0,96.75,0.967500,494979.0,515200.0,0.960751
5153,516224,516323,100.0,100.0,1.000000,495079.0,515300.0,0.960759
5154,516324,516423,100.0,96.0,0.960000,495175.0,515400.0,0.960759
5155,516424,516523,100.0,99.0,0.990000,495274.0,515500.0,0.960764
5156,516524,516623,100.0,92.0,0.920000,495366.0,515600.0,0.960756
5157,516624,516723,100.0,98.0,0.980000,495464.0,515700.0,0.960760
5158,516724,516823,100.0,100.0,1.000000,495564.0,515800.0,0.960768
5159,516824,516923,100.0,100.0,1.000000,495664.0,515900.0,0.960775
5160,516924,517023,100.0,97.0,0.970000,495761.0,516000.0,0.960777
5161,517024,517123,100.0,95.25,0.952500,495856.25,516100.0,0.960776
5162,517124,517223,100.0,94.75,0.947500,495951.0,516200.0,0.960773
5163,517224,517323,100.0,100.0,1.000000,496051.0,516300.0,0.960781
5164,517324,517423,100.0,100.0,1.000000,496151.0,516400.0,0.960788
5165,517424,517523,100.0,91.0,0.910000,496242.0,516500.0,0.960778
5166,517524,517623,100.0,93.5,0.935000,496335.5,516600.0,0.960773
5167,517624,517723,100.0,93.5,0.935000,496429.0,516700.0,0.960768
5168,517724,517823,100.0,98.0,0.980000,496527.0,516800.0,0.960772
5169,517824,517923,100.0,97.0,0.970000,496624.0,516900.0,0.960774
5170,517924,518023,100.0,97.0,0.970000,496721.0,517000.0,0.960776
5171,518024,518123,100.0,97.25,0.972500,496818.25,517100.0,0.960778
5172,518124,518223,100.0,98.75,0.987500,496917.0,517200.0,0.960783
5173,518224,518323,100.0,97.0,0.970000,497014.0,517300.0,0.960785
5174,518324,518423,100.0,99.0,0.990000,497113.0,517400.0,0.960790
5175,518424,518523,100.0,95.0,0.950000,497208.0,517500.0,0.960788
5176,518524,518623,100.0,93.0,0.930000,497301.0,517600.0,0.960782
5177,518624,518723,100.0,100.0,1.000000,497401.0,517700.0,0.960790
5178,518724,518823,100.0,97.0,0.970000,497498.0,517800.0,0.960792
5179,518824,518923,100.0,99.0,0.990000,497597.0,517900.0,0.960797
5180,518924,519023,100.0,91.0,0.910000,497688.0,518000.0,0.960788
5181,519024,519123,100.0,95.0,0.950000,497783.0,518100.0,0.960786
5182,519124,519223,100.0,100.0,1.000000,497883.0,518200.0,0.960793
5183,519224,519323,100.0,98.0,0.980000,497981.0,518300.0,0.960797
5184,519324,519423,100.0,99.0,0.990000,498080.0,518400.0,0.960802
5185,519424,519523,100.0,96.5,0.965000,498176.5,518500.0,0.960803
5186,519524,519623,100.0,94.5,0.945000,498271.0,518600.0,0.960800
5187,519624,519723,100.0,98.5,0.985000,498369.5,518700.0,0.960805
5188,519724,519823,100.0,99.5,0.995000,498469.0,518800.0,0.960811
5189,519824,519923,100.0,93.0,0.930000,498562.0,518900.0,0.960806
5190,519924,520023,100.0,98.0,0.980000,498660.0,519000.0,0.960809
5191,520024,520123,100.0,99.0,0.990000,498759.0,519100.0,0.960815
5192,520124,520223,100.0,98.0,0.980000,498857.0,519200.0,0.960819
5193,520224,520323,100.0,99.75,0.997500,498956.75,519300.0,0.960826
5194,520324,520423,100.0,98.25,0.982500,499055.0,519400.0,0.960830
5195,520424,520523,100.0,97.0,0.970000,499152.0,519500.0,0.960832
5196,520524,520623,100.0,100.0,1.000000,499252.0,519600.0,0.960839
5197,520624,520723,100.0,99.0,0.990000,499351.0,519700.0,0.960845
5198,520724,520823,100.0,91.0,0.910000,499442.0,519800.0,0.960835
5199,520824,520923,100.0,99.0,0.990000,499541.0,519900.0,0.960841
5200,520924,521023,100.0,94.0,0.940000,499635.0,520000.0,0.960837
5201,521024,521123,100.0,99.0,0.990000,499734.0,520100.0,0.960842
5202,521124,521223,100.0,100.0,1.000000,499834.0,520200.0,0.960850
5203,521224,521323,100.0,98.0,0.980000,499932.0,520300.0,0.960853
5204,521324,521423,100.0,98.0,0.980000,500030.0,520400.0,0.960857
5205,521424,521523,100.0,100.0,1.000000,500130.0,520500.0,0.960865
5206,521524,521623,100.0,100.0,1.000000,500230.0,520600.0,0.960872
5207,521624,521723,100.0,98.0,0.980000,500328.0,520700.0,0.960876
5208,521724,521823,100.0,98.0,0.980000,500426.0,520800.0,0.960879
5209,521824,521923,100.0,96.0,0.960000,500522.0,520900.0,0.960879
5210,521924,522023,100.0,99.0,0.990000,500621.0,521000.0,0.960885
5211,522024,522123,100.0,100.0,1.000000,500721.0,521100.0,0.960892
5212,522124,522223,100.0,97.0,0.970000,500818.0,521200.0,0.960894
5213,522224,522323,100.0,100.0,1.000000,500918.0,521300.0,0.960902
5214,522324,522423,100.0,100.0,1.000000,501018.0,521400.0,0.960909
5215,522424,522523,100.0,100.0,1.000000,501118.0,521500.0,0.960917
5216,522524,522623,100.0,98.0,0.980000,501216.0,521600.0,0.960920
5217,522624,522723,100.0,95.0,0.950000,501311.0,521700.0,0.960918
5218,522724,522823,100.0,99.0,0.990000,501410.0,521800.0,0.960924
5219,522824,522923,100.0,100.0,1.000000,501510.0,521900.0,0.960931
5220,522924,523023,100.0,100.0,1.000000,501610.0,522000.0,0.960939
5221,523024,523123,100.0,94.0,0.940000,501704.0,522100.0,0.960935
5222,523124,523223,100.0,98.0,0.980000,501802.0,522200.0,0.960938
5223,523224,523323,100.0,99.0,0.990000,501901.0,522300.0,0.960944
5224,523324,523423,100.0,100.0,1.000000,502001.0,522400.0,0.960951
5225,523424,523523,100.0,98.0,0.980000,502099.0,522500.0,0.960955
5226,523524,523623,100.0,99.0,0.990000,502198.0,522600.0,0.960961
5227,523624,523723,100.0,100.0,1.000000,502298.0,522700.0,0.960968
5228,523724,523823,100.0,100.0,1.000000,502398.0,522800.0,0.960976
5229,523824,523923,100.0,100.0,1.000000,502498.0,522900.0,0.960983
5230,523924,524023,100.0,96.0,0.960000,502594.0,523000.0,0.960983
5231,524024,524123,100.0,98.0,0.980000,502692.0,523100.0,0.960986
5232,524124,524223,100.0,96.0,0.960000,502788.0,523200.0,0.960986
5233,524224,524323,100.0,100.0,1.000000,502888.0,523300.0,0.960994
5234,524324,524423,100.0,100.0,1.000000,502988.0,523400.0,0.961001
5235,524424,524523,100.0,94.0,0.940000,503082.0,523500.0,0.960997
5236,524524,524623,100.0,100.0,1.000000,503182.0,523600.0,0.961005
5237,524624,524723,100.0,99.0,0.990000,503281.0,523700.0,0.961010
5238,524724,524823,100.0,100.0,1.000000,503381.0,523800.0,0.961018
5239,524824,524923,100.0,100.0,1.000000,503481.0,523900.0,0.961025
5240,524924,525023,100.0,89.0,0.890000,503570.0,524000.0,0.961011
5241,525024,525123,100.0,99.0,0.990000,503669.0,524100.0,0.961017
5242,525124,525223,100.0,100.0,1.000000,503769.0,524200.0,0.961024
5243,525224,525323,100.0,100.0,1.000000,503869.0,524300.0,0.961032
5244,525324,525423,100.0,100.0,1.000000,503969.0,524400.0,0.961039
5245,525424,525523,100.0,91.0,0.910000,504060.0,524500.0,0.961030
5246,525524,525623,100.0,100.0,1.000000,504160.0,524600.0,0.961037
5247,525624,525723,100.0,100.0,1.000000,504260.0,524700.0,0.961044
5248,525724,525823,100.0,100.0,1.000000,504360.0,524800.0,0.961052
5249,525824,525923,100.0,98.0,0.980000,504458.0,524900.0,0.961055
5250,525924,526023,100.0,97.0,0.970000,504555.0,525000.0,0.961057
5251,526024,526123,100.0,100.0,1.000000,504655.0,525100.0,0.961065
5252,526124,526223,100.0,100.0,1.000000,504755.0,525200.0,0.961072
5253,526224,526323,100.0,100.0,1.000000,504855.0,525300.0,0.961079
5254,526324,526423,100.0,100.0,1.000000,504955.0,525400.0,0.961087
5255,526424,526523,100.0,100.0,1.000000,505055.0,525500.0,0.961094
5256,526524,526623,100.0,100.0,1.000000,505155.0,525600.0,0.961102
5257,526624,526723,100.0,100.0,1.000000,505255.0,525700.0,0.961109
5258,526724,526823,100.0,100.0,1.000000,505355.0,525800.0,0.961116
5259,526824,526923,100.0,95.0,0.950000,505450.0,525900.0,0.961114
5260,526924,527023,100.0,98.0,0.980000,505548.0,526000.0,0.961118
5261,527024,527123,100.0,100.0,1.000000,505648.0,526100.0,0.961125
5262,527124,527223,100.0,100.0,1.000000,505748.0,526200.0,0.961133
5263,527224,527323,100.0,100.0,1.000000,505848.0,526300.0,0.961140
5264,527324,527423,100.0,92.0,0.920000,505940.0,526400.0,0.961132
5265,527424,527523,100.0,100.0,1.000000,506040.0,526500.0,0.961140
5266,527524,527623,100.0,100.0,1.000000,506140.0,526600.0,0.961147
5267,527624,527723,100.0,100.0,1.000000,506240.0,526700.0,0.961154
5268,527724,527823,100.0,96.0,0.960000,506336.0,526800.0,0.961154
5269,527824,527923,100.0,100.0,1.000000,506436.0,526900.0,0.961162
5270,527924,528023,100.0,100.0,1.000000,506536.0,527000.0,0.961169
5271,528024,528123,100.0,100.0,1.000000,506636.0,527100.0,0.961176
5272,528124,528223,100.0,100.0,1.000000,506736.0,527200.0,0.961184
5273,528224,528323,100.0,97.0,0.970000,506833.0,527300.0,0.961185
5274,528324,528423,100.0,100.0,1.000000,506933.0,527400.0,0.961193
5275,528424,528523,100.0,100.0,1.000000,507033.0,527500.0,0.961200
5276,528524,528623,100.0,100.0,1.000000,507133.0,527600.0,0.961207
5277,528624,528723,100.0,100.0,1.000000,507233.0,527700.0,0.961215
5278,528724,528823,100.0,97.0,0.970000,507330.0,527800.0,0.961216
5279,528824,528923,100.0,100.0,1.000000,507430.0,527900.0,0.961224
5280,528924,529023,100.0,100.0,1.000000,507530.0,528000.0,0.961231
5281,529024,529123,100.0,100.0,1.000000,507630.0,528100.0,0.961238
5282,529124,529223,100.0,100.0,1.000000,507730.0,528200.0,0.961246
5283,529224,529323,100.0,100.0,1.000000,507830.0,528300.0,0.961253
5284,529324,529423,100.0,100.0,1.000000,507930.0,528400.0,0.961260
5285,529424,529523,100.0,100.0,1.000000,508030.0,528500.0,0.961268
5286,529524,529623,100.0,100.0,1.000000,508130.0,528600.0,0.961275
5287,529624,529723,100.0,100.0,1.000000,508230.0,528700.0,0.961282
5288,529724,529823,100.0,100.0,1.000000,508330.0,528800.0,0.961290
5289,529824,529923,100.0,100.0,1.000000,508430.0,528900.0,0.961297
5290,529924,530023,100.0,100.0,1.000000,508530.0,529000.0,0.961304
5291,530024,530123,100.0,100.0,1.000000,508630.0,529100.0,0.961312
5292,530124,530223,100.0,100.0,1.000000,508730.0,529200.0,0.961319
5293,530224,530323,100.0,100.0,1.000000,508830.0,529300.0,0.961326
5294,530324,530423,100.0,99.0,0.990000,508929.0,529400.0,0.961332
5295,530424,530523,100.0,100.0,1.000000,509029.0,529500.0,0.961339
5296,530524,530623,100.0,100.0,1.000000,509129.0,529600.0,0.961346
5297,530624,530723,100.0,100.0,1.000000,509229.0,529700.0,0.961354
5298,530724,530823,100.0,99.0,0.990000,509328.0,529800.0,0.961359
5299,530824,530923,100.0,100.0,1.000000,509428.0,529900.0,0.961366
5300,530924,531023,100.0,100.0,1.000000,509528.0,530000.0,0.961374
5301,531024,531123,100.0,100.0,1.000000,509628.0,530100.0,0.961381
5302,531124,531223,100.0,100.0,1.000000,509728.0,530200.0,0.961388
5303,531224,531323,100.0,99.0,0.990000,509827.0,530300.0,0.961394
5304,531324,531423,100.0,100.0,1.000000,509927.0,530400.0,0.961401
5305,531424,531523,100.0,100.0,1.000000,510027.0,530500.0,0.961408
5306,531524,531623,100.0,99.0,0.990000,510126.0,530600.0,0.961413
5307,531624,531723,100.0,98.0,0.980000,510224.0,530700.0,0.961417
5308,531724,531823,100.0,100.0,1.000000,510324.0,530800.0,0.961424
5309,531824,531923,100.0,99.0,0.990000,510423.0,530900.0,0.961430
5310,531924,532023,100.0,100.0,1.000000,510523.0,531000.0,0.961437
5311,532024,532123,100.0,99.0,0.990000,510622.0,531100.0,0.961442
5312,532124,532223,100.0,100.0,1.000000,510722.0,531200.0,0.961450
5313,532224,532323,100.0,100.0,1.000000,510822.0,531300.0,0.961457
5314,532324,532423,100.0,100.0,1.000000,510922.0,531400.0,0.961464
5315,532424,532523,100.0,99.0,0.990000,511021.0,531500.0,0.961469
5316,532524,532623,100.0,100.0,1.000000,511121.0,531600.0,0.961477
5317,532624,532723,100.0,100.0,1.000000,511221.0,531700.0,0.961484
5318,532724,532823,100.0,100.0,1.000000,511321.0,531800.0,0.961491
5319,532824,532923,100.0,99.0,0.990000,511420.0,531900.0,0.961497
5320,532924,533023,100.0,100.0,1.000000,511520.0,532000.0,0.961504
5321,533024,533123,100.0,100.0,1.000000,511620.0,532100.0,0.961511
5322,533124,533223,100.0,100.0,1.000000,511720.0,532200.0,0.961518
5323,533224,533323,100.0,100.0,1.000000,511820.0,532300.0,0.961525
5324,533324,533423,100.0,100.0,1.000000,511920.0,532400.0,0.961533
5325,533424,533523,100.0,100.0,1.000000,512020.0,532500.0,0.961540
5326,533524,533623,100.0,100.0,1.000000,512120.0,532600.0,0.961547
5327,533624,533723,100.0,99.0,0.990000,512219.0,532700.0,0.961552
5328,533724,533823,100.0,99.0,0.990000,512318.0,532800.0,0.961558
5329,533824,533923,100.0,100.0,1.000000,512418.0,532900.0,0.961565
5330,533924,534023,100.0,99.5,0.995000,512517.5,533000.0,0.961571
5331,534024,534123,100.0,99.5,0.995000,512617.0,533100.0,0.961578
5332,534124,534223,100.0,94.0,0.940000,512711.0,533200.0,0.961574
5333,534224,534323,100.0,97.0,0.970000,512808.0,533300.0,0.961575
5334,534324,534423,100.0,97.0,0.970000,512905.0,533400.0,0.961577
5335,534424,534523,100.0,96.0,0.960000,513001.0,533500.0,0.961576
5336,534524,534623,100.0,92.0,0.920000,513093.0,533600.0,0.961569
5337,534624,534723,100.0,99.0,0.990000,513192.0,533700.0,0.961574
5338,534724,534823,100.0,100.0,1.000000,513292.0,533800.0,0.961581
5339,534824,534923,100.0,98.0,0.980000,513390.0,533900.0,0.961585
5340,534924,535023,100.0,100.0,1.000000,513490.0,534000.0,0.961592
5341,535024,535123,100.0,99.75,0.997500,513589.75,534100.0,0.961598
5342,535124,535223,100.0,98.25,0.982500,513688.0,534200.0,0.961602
5343,535224,535323,100.0,100.0,1.000000,513788.0,534300.0,0.961610
5344,535324,535423,100.0,100.0,1.000000,513888.0,534400.0,0.961617
5345,535424,535523,100.0,98.75,0.987500,513986.75,534500.0,0.961622
5346,535524,535623,100.0,98.25,0.982500,514085.0,534600.0,0.961626
5347,535624,535723,100.0,99.25,0.992500,514184.25,534700.0,0.961631
5348,535724,535823,100.0,98.75,0.987500,514283.0,534800.0,0.961636
5349,535824,535923,100.0,97.0,0.970000,514380.0,534900.0,0.961638
5350,535924,536023,100.0,99.5,0.995000,514479.5,535000.0,0.961644
5351,536024,536123,100.0,93.75,0.937500,514573.25,535100.0,0.961639
5352,536124,536223,100.0,96.75,0.967500,514670.0,535200.0,0.961641
5353,536224,536323,100.0,95.0,0.950000,514765.0,535300.0,0.961638
5354,536324,536423,100.0,97.0,0.970000,514862.0,535400.0,0.961640
5355,536424,536523,100.0,98.5,0.985000,514960.5,535500.0,0.961644
5356,536524,536623,100.0,98.5,0.985000,515059.0,535600.0,0.961649
5357,536624,536723,100.0,99.0,0.990000,515158.0,535700.0,0.961654
5358,536724,536823,100.0,97.0,0.970000,515255.0,535800.0,0.961655
5359,536824,536923,100.0,99.0,0.990000,515354.0,535900.0,0.961661
5360,536924,537023,100.0,97.0,0.970000,515451.0,536000.0,0.961662
5361,537024,537123,100.0,93.75,0.937500,515544.75,536100.0,0.961658
5362,537124,537223,100.0,98.75,0.987500,515643.5,536200.0,0.961663
5363,537224,537323,100.0,97.5,0.975000,515741.0,536300.0,0.961665
5364,537324,537423,100.0,95.0,0.950000,515836.0,536400.0,0.961663
5365,537424,537523,100.0,96.0,0.960000,515932.0,536500.0,0.961663
5366,537524,537623,100.0,94.0,0.940000,516026.0,536600.0,0.961659
5367,537624,537723,100.0,97.0,0.970000,516123.0,536700.0,0.961660
5368,537724,537823,100.0,96.0,0.960000,516219.0,536800.0,0.961660
5369,537824,537923,100.0,94.5,0.945000,516313.5,536900.0,0.961657
5370,537924,538023,100.0,96.5,0.965000,516410.0,537000.0,0.961657
5371,538024,538123,100.0,96.0,0.960000,516506.0,537100.0,0.961657
5372,538124,538223,100.0,80.0,0.800000,516586.0,537200.0,0.961627
5373,538224,538323,100.0,99.0,0.990000,516685.0,537300.0,0.961632
5374,538324,538423,100.0,99.0,0.990000,516784.0,537400.0,0.961638
5375,538424,538523,100.0,92.0,0.920000,516876.0,537500.0,0.961630
5376,538524,538623,100.0,100.0,1.000000,516976.0,537600.0,0.961637
5377,538624,538723,100.0,88.0,0.880000,517064.0,537700.0,0.961622
5378,538724,538823,100.0,100.0,1.000000,517164.0,537800.0,0.961629
5379,538824,538923,100.0,98.5,0.985000,517262.5,537900.0,0.961633
5380,538924,539023,100.0,98.5,0.985000,517361.0,538000.0,0.961638
5381,539024,539123,100.0,100.0,1.000000,517461.0,538100.0,0.961645
5382,539124,539223,100.0,99.0,0.990000,517560.0,538200.0,0.961650
5383,539224,539323,100.0,100.0,1.000000,517660.0,538300.0,0.961657
5384,539324,539423,100.0,100.0,1.000000,517760.0,538400.0,0.961664
5385,539424,539523,100.0,96.75,0.967500,517856.75,538500.0,0.961665
5386,539524,539623,100.0,97.25,0.972500,517954.0,538600.0,0.961667
5387,539624,539723,100.0,100.0,1.000000,518054.0,538700.0,0.961674
5388,539724,539823,100.0,99.0,0.990000,518153.0,538800.0,0.961680
5389,539824,539923,100.0,100.0,1.000000,518253.0,538900.0,0.961687
5390,539924,540023,100.0,99.0,0.990000,518352.0,539000.0,0.961692
5391,540024,540123,100.0,100.0,1.000000,518452.0,539100.0,0.961699
5392,540124,540223,100.0,100.0,1.000000,518552.0,539200.0,0.961706
5393,540224,540323,100.0,97.0,0.970000,518649.0,539300.0,0.961708
5394,540324,540423,100.0,100.0,1.000000,518749.0,539400.0,0.961715
5395,540424,540523,100.0,100.0,1.000000,518849.0,539500.0,0.961722
5396,540524,540623,100.0,98.0,0.980000,518947.0,539600.0,0.961725
5397,540624,540723,100.0,100.0,1.000000,519047.0,539700.0,0.961732
5398,540724,540823,100.0,94.0,0.940000,519141.0,539800.0,0.961728
5399,540824,540923,100.0,100.0,1.000000,519241.0,539900.0,0.961736
5400,540924,541023,100.0,100.0,1.000000,519341.0,540000.0,0.961743
5401,541024,541123,100.0,96.0,0.960000,519437.0,540100.0,0.961742
5402,541124,541223,100.0,100.0,1.000000,519537.0,540200.0,0.961749
5403,541224,541323,100.0,93.25,0.932500,519630.25,540300.0,0.961744
5404,541324,541423,100.0,98.75,0.987500,519729.0,540400.0,0.961749
5405,541424,541523,100.0,100.0,1.000000,519829.0,540500.0,0.961756
5406,541524,541623,100.0,91.0,0.910000,519920.0,540600.0,0.961746
5407,541624,541723,100.0,100.0,1.000000,520020.0,540700.0,0.961753
5408,541724,541823,100.0,98.0,0.980000,520118.0,540800.0,0.961757
5409,541824,541923,100.0,100.0,1.000000,520218.0,540900.0,0.961764
5410,541924,542023,100.0,100.0,1.000000,520318.0,541000.0,0.961771
5411,542024,542123,100.0,98.0,0.980000,520416.0,541100.0,0.961774
5412,542124,542223,100.0,100.0,1.000000,520516.0,541200.0,0.961781
5413,542224,542323,100.0,99.0,0.990000,520615.0,541300.0,0.961786
5414,542324,542423,100.0,100.0,1.000000,520715.0,541400.0,0.961793
5415,542424,542523,100.0,100.0,1.000000,520815.0,541500.0,0.961801
5416,542524,542623,100.0,99.0,0.990000,520914.0,541600.0,0.961806
5417,542624,542723,100.0,100.0,1.000000,521014.0,541700.0,0.961813
5418,542724,542823,100.0,99.0,0.990000,521113.0,541800.0,0.961818
5419,542824,542923,100.0,100.0,1.000000,521213.0,541900.0,0.961825
5420,542924,543023,100.0,97.0,0.970000,521310.0,542000.0,0.961827
5421,543024,543123,100.0,100.0,1.000000,521410.0,542100.0,0.961834
5422,543124,543223,100.0,99.0,0.990000,521509.0,542200.0,0.961839
5423,543224,543323,100.0,98.0,0.980000,521607.0,542300.0,0.961842
5424,543324,543423,100.0,100.0,1.000000,521707.0,542400.0,0.961849
5425,543424,543523,100.0,100.0,1.000000,521807.0,542500.0,0.961856
5426,543524,543623,100.0,96.0,0.960000,521903.0,542600.0,0.961856
5427,543624,543723,100.0,99.0,0.990000,522002.0,542700.0,0.961861
5428,543724,543823,100.0,99.0,0.990000,522101.0,542800.0,0.961866
5429,543824,543923,100.0,99.5,0.995000,522200.5,542900.0,0.961872
5430,543924,544023,100.0,97.5,0.975000,522298.0,543000.0,0.961875
5431,544024,544123,100.0,99.0,0.990000,522397.0,543100.0,0.961880
5432,544124,544223,100.0,99.0,0.990000,522496.0,543200.0,0.961885
5433,544224,544323,100.0,98.0,0.980000,522594.0,543300.0,0.961888
5434,544324,544423,100.0,100.0,1.000000,522694.0,543400.0,0.961895
5435,544424,544523,100.0,98.0,0.980000,522792.0,543500.0,0.961899
5436,544524,544623,100.0,99.0,0.990000,522891.0,543600.0,0.961904
5437,544624,544723,100.0,99.5,0.995000,522990.5,543700.0,0.961910
5438,544724,544823,100.0,98.5,0.985000,523089.0,543800.0,0.961914
5439,544824,544923,100.0,98.0,0.980000,523187.0,543900.0,0.961918
5440,544924,545023,100.0,96.0,0.960000,523283.0,544000.0,0.961917
5441,545024,545123,100.0,100.0,1.000000,523383.0,544100.0,0.961924
5442,545124,545223,100.0,98.0,0.980000,523481.0,544200.0,0.961928
5443,545224,545323,100.0,95.0,0.950000,523576.0,544300.0,0.961925
5444,545324,545423,100.0,100.0,1.000000,523676.0,544400.0,0.961932
5445,545424,545523,100.0,97.0,0.970000,523773.0,544500.0,0.961934
5446,545524,545623,100.0,97.0,0.970000,523870.0,544600.0,0.961935
5447,545624,545723,100.0,98.0,0.980000,523968.0,544700.0,0.961939
5448,545724,545823,100.0,100.0,1.000000,524068.0,544800.0,0.961946
5449,545824,545923,100.0,98.0,0.980000,524166.0,544900.0,0.961949
5450,545924,546023,100.0,99.0,0.990000,524265.0,545000.0,0.961954
5451,546024,546123,100.0,99.0,0.990000,524364.0,545100.0,0.961959
5452,546124,546223,100.0,100.0,1.000000,524464.0,545200.0,0.961966
5453,546224,546323,100.0,100.0,1.000000,524564.0,545300.0,0.961973
5454,546324,546423,100.0,97.0,0.970000,524661.0,545400.0,0.961975
5455,546424,546523,100.0,99.0,0.990000,524760.0,545500.0,0.961980
5456,546524,546623,100.0,100.0,1.000000,524860.0,545600.0,0.961987
5457,546624,546723,100.0,99.0,0.990000,524959.0,545700.0,0.961992
5458,546724,546823,100.0,100.0,1.000000,525059.0,545800.0,0.961999
5459,546824,546923,100.0,99.25,0.992500,525158.25,545900.0,0.962004
5460,546924,547023,100.0,99.75,0.997500,525258.0,546000.0,0.962011
5461,547024,547123,100.0,100.0,1.000000,525358.0,546100.0,0.962018
5462,547124,547223,100.0,98.5,0.985000,525456.5,546200.0,0.962022
5463,547224,547323,100.0,98.5,0.985000,525555.0,546300.0,0.962026
5464,547324,547423,100.0,99.0,0.990000,525654.0,546400.0,0.962031
5465,547424,547523,100.0,99.0,0.990000,525753.0,546500.0,0.962037
5466,547524,547623,100.0,97.0,0.970000,525850.0,546600.0,0.962038
5467,547624,547723,100.0,95.0,0.950000,525945.0,546700.0,0.962036
5468,547724,547823,100.0,100.0,1.000000,526045.0,546800.0,0.962043
5469,547824,547923,100.0,97.0,0.970000,526142.0,546900.0,0.962044
5470,547924,548023,100.0,100.0,1.000000,526242.0,547000.0,0.962051
5471,548024,548123,100.0,100.0,1.000000,526342.0,547100.0,0.962058
5472,548124,548223,100.0,96.0,0.960000,526438.0,547200.0,0.962058
5473,548224,548323,100.0,100.0,1.000000,526538.0,547300.0,0.962065
5474,548324,548423,100.0,100.0,1.000000,526638.0,547400.0,0.962072
5475,548424,548523,100.0,100.0,1.000000,526738.0,547500.0,0.962079
5476,548524,548623,100.0,100.0,1.000000,526838.0,547600.0,0.962085
5477,548624,548723,100.0,100.0,1.000000,526938.0,547700.0,0.962092
5478,548724,548823,100.0,100.0,1.000000,527038.0,547800.0,0.962099
5479,548824,548923,100.0,100.0,1.000000,527138.0,547900.0,0.962106
5480,548924,549023,100.0,99.0,0.990000,527237.0,548000.0,0.962111
5481,549024,549123,100.0,92.0,0.920000,527329.0,548100.0,0.962104
5482,549124,549223,100.0,96.0,0.960000,527425.0,548200.0,0.962103
5483,549224,549323,100.0,96.5,0.965000,527521.5,548300.0,0.962104
5484,549324,549423,100.0,99.5,0.995000,527621.0,548400.0,0.962110
5485,549424,549523,100.0,99.0,0.990000,527720.0,548500.0,0.962115
5486,549524,549623,100.0,100.0,1.000000,527820.0,548600.0,0.962122
5487,549624,549723,100.0,99.0,0.990000,527919.0,548700.0,0.962127
5488,549724,549823,100.0,99.0,0.990000,528018.0,548800.0,0.962132
5489,549824,549923,100.0,98.0,0.980000,528116.0,548900.0,0.962135
5490,549924,550023,100.0,98.0,0.980000,528214.0,549000.0,0.962138
5491,550024,550123,100.0,98.0,0.980000,528312.0,549100.0,0.962142
5492,550124,550223,100.0,97.0,0.970000,528409.0,549200.0,0.962143
5493,550224,550323,100.0,100.0,1.000000,528509.0,549300.0,0.962150
5494,550324,550423,100.0,96.0,0.960000,528605.0,549400.0,0.962150
5495,550424,550523,100.0,100.0,1.000000,528705.0,549500.0,0.962157
5496,550524,550623,100.0,96.0,0.960000,528801.0,549600.0,0.962156
5497,550624,550723,100.0,97.25,0.972500,528898.25,549700.0,0.962158
5498,550724,550823,100.0,97.75,0.977500,528996.0,549800.0,0.962161
5499,550824,550923,100.0,98.5,0.985000,529094.5,549900.0,0.962165
5500,550924,551023,100.0,99.5,0.995000,529194.0,550000.0,0.962171
5501,551024,551123,100.0,98.0,0.980000,529292.0,550100.0,0.962174
5502,551124,551223,100.0,100.0,1.000000,529392.0,550200.0,0.962181
5503,551224,551323,100.0,98.0,0.980000,529490.0,550300.0,0.962184
5504,551324,551423,100.0,100.0,1.000000,529590.0,550400.0,0.962191
5505,551424,551523,100.0,97.0,0.970000,529687.0,550500.0,0.962193
5506,551524,551623,100.0,100.0,1.000000,529787.0,550600.0,0.962199
5507,551624,551723,100.0,93.0,0.930000,529880.0,550700.0,0.962194
5508,551724,551823,100.0,99.0,0.990000,529979.0,550800.0,0.962199
5509,551824,551923,100.0,99.0,0.990000,530078.0,550900.0,0.962204
5510,551924,552023,100.0,98.5,0.985000,530176.5,551000.0,0.962208
5511,552024,552123,100.0,97.5,0.975000,530274.0,551100.0,0.962210
5512,552124,552223,100.0,98.0,0.980000,530372.0,551200.0,0.962213
5513,552224,552323,100.0,98.0,0.980000,530470.0,551300.0,0.962217
5514,552324,552423,100.0,100.0,1.000000,530570.0,551400.0,0.962223
5515,552424,552523,100.0,99.0,0.990000,530669.0,551500.0,0.962228
5516,552524,552623,100.0,100.0,1.000000,530769.0,551600.0,0.962235
5517,552624,552723,100.0,100.0,1.000000,530869.0,551700.0,0.962242
5518,552724,552823,100.0,99.0,0.990000,530968.0,551800.0,0.962247
5519,552824,552923,100.0,99.0,0.990000,531067.0,551900.0,0.962252
5520,552924,553023,100.0,99.0,0.990000,531166.0,552000.0,0.962257
5521,553024,553123,100.0,99.0,0.990000,531265.0,552100.0,0.962262
5522,553124,553223,100.0,98.0,0.980000,531363.0,552200.0,0.962265
5523,553224,553323,100.0,98.0,0.980000,531461.0,552300.0,0.962269
5524,553324,553423,100.0,94.0,0.940000,531555.0,552400.0,0.962265
5525,553424,553523,100.0,99.0,0.990000,531654.0,552500.0,0.962270
5526,553524,553623,100.0,94.5,0.945000,531748.5,552600.0,0.962267
5527,553624,553723,100.0,95.5,0.955000,531844.0,552700.0,0.962265
5528,553724,553823,100.0,97.0,0.970000,531941.0,552800.0,0.962267
5529,553824,553923,100.0,99.0,0.990000,532040.0,552900.0,0.962272
5530,553924,554023,100.0,98.5,0.985000,532138.5,553000.0,0.962276
5531,554024,554123,100.0,97.5,0.975000,532236.0,553100.0,0.962278
5532,554124,554223,100.0,98.0,0.980000,532334.0,553200.0,0.962281
5533,554224,554323,100.0,96.0,0.960000,532430.0,553300.0,0.962281
5534,554324,554423,100.0,99.0,0.990000,532529.0,553400.0,0.962286
5535,554424,554523,100.0,96.0,0.960000,532625.0,553500.0,0.962285
5536,554524,554623,100.0,98.0,0.980000,532723.0,553600.0,0.962289
5537,554624,554723,100.0,99.0,0.990000,532822.0,553700.0,0.962294
5538,554724,554823,100.0,99.0,0.990000,532921.0,553800.0,0.962299
5539,554824,554923,100.0,97.0,0.970000,533018.0,553900.0,0.962300
5540,554924,555023,100.0,97.0,0.970000,533115.0,554000.0,0.962301
5541,555024,555123,100.0,98.0,0.980000,533213.0,554100.0,0.962305
5542,555124,555223,100.0,98.0,0.980000,533311.0,554200.0,0.962308
5543,555224,555323,100.0,99.0,0.990000,533410.0,554300.0,0.962313
5544,555324,555423,100.0,99.0,0.990000,533509.0,554400.0,0.962318
5545,555424,555523,100.0,98.0,0.980000,533607.0,554500.0,0.962321
5546,555524,555623,100.0,98.0,0.980000,533705.0,554600.0,0.962324
5547,555624,555723,100.0,99.0,0.990000,533804.0,554700.0,0.962329
5548,555724,555823,100.0,100.0,1.000000,533904.0,554800.0,0.962336
5549,555824,555923,100.0,100.0,1.000000,534004.0,554900.0,0.962343
5550,555924,556023,100.0,97.0,0.970000,534101.0,555000.0,0.962344
5551,556024,556123,100.0,100.0,1.000000,534201.0,555100.0,0.962351
5552,556124,556223,100.0,96.0,0.960000,534297.0,555200.0,0.962351
5553,556224,556323,100.0,99.0,0.990000,534396.0,555300.0,0.962355
5554,556324,556423,100.0,97.0,0.970000,534493.0,555400.0,0.962357
5555,556424,556523,100.0,99.0,0.990000,534592.0,555500.0,0.962362
5556,556524,556623,100.0,100.0,1.000000,534692.0,555600.0,0.962369
5557,556624,556723,100.0,99.75,0.997500,534791.75,555700.0,0.962375
5558,556724,556823,100.0,96.25,0.962500,534888.0,555800.0,0.962375
5559,556824,556923,100.0,98.0,0.980000,534986.0,555900.0,0.962378
5560,556924,557023,100.0,100.0,1.000000,535086.0,556000.0,0.962385
5561,557024,557123,100.0,99.0,0.990000,535185.0,556100.0,0.962390
5562,557124,557223,100.0,100.0,1.000000,535285.0,556200.0,0.962397
5563,557224,557323,100.0,99.0,0.990000,535384.0,556300.0,0.962402
5564,557324,557423,100.0,100.0,1.000000,535484.0,556400.0,0.962408
5565,557424,557523,100.0,99.0,0.990000,535583.0,556500.0,0.962413
5566,557524,557623,100.0,99.0,0.990000,535682.0,556600.0,0.962418
5567,557624,557723,100.0,95.5,0.955000,535777.5,556700.0,0.962417
5568,557724,557823,100.0,98.5,0.985000,535876.0,556800.0,0.962421
5569,557824,557923,100.0,93.0,0.930000,535969.0,556900.0,0.962415
5570,557924,558023,100.0,100.0,1.000000,536069.0,557000.0,0.962422
5571,558024,558123,100.0,90.0,0.900000,536159.0,557100.0,0.962411
5572,558124,558223,100.0,98.0,0.980000,536257.0,557200.0,0.962414
5573,558224,558323,100.0,94.0,0.940000,536351.0,557300.0,0.962410
5574,558324,558423,100.0,98.5,0.985000,536449.5,557400.0,0.962414
5575,558424,558523,100.0,99.5,0.995000,536549.0,557500.0,0.962420
5576,558524,558623,100.0,94.0,0.940000,536643.0,557600.0,0.962416
5577,558624,558723,100.0,100.0,1.000000,536743.0,557700.0,0.962422
5578,558724,558823,100.0,97.0,0.970000,536840.0,557800.0,0.962424
5579,558824,558923,100.0,100.0,1.000000,536940.0,557900.0,0.962431
5580,558924,559023,100.0,93.0,0.930000,537033.0,558000.0,0.962425
5581,559024,559123,100.0,95.75,0.957500,537128.75,558100.0,0.962424
5582,559124,559223,100.0,93.25,0.932500,537222.0,558200.0,0.962418
5583,559224,559323,100.0,96.5,0.965000,537318.5,558300.0,0.962419
5584,559324,559423,100.0,98.5,0.985000,537417.0,558400.0,0.962423
5585,559424,559523,100.0,94.0,0.940000,537511.0,558500.0,0.962419
5586,559524,559623,100.0,100.0,1.000000,537611.0,558600.0,0.962426
5587,559624,559723,100.0,92.0,0.920000,537703.0,558700.0,0.962418
5588,559724,559823,100.0,98.0,0.980000,537801.0,558800.0,0.962421
5589,559824,559923,100.0,92.0,0.920000,537893.0,558900.0,0.962414
5590,559924,560023,100.0,89.0,0.890000,537982.0,559000.0,0.962401
5591,560024,560123,100.0,99.25,0.992500,538081.25,559100.0,0.962406
5592,560124,560223,100.0,89.75,0.897500,538171.0,559200.0,0.962394
5593,560224,560323,100.0,90.0,0.900000,538261.0,559300.0,0.962383
5594,560324,560423,100.0,100.0,1.000000,538361.0,559400.0,0.962390
5595,560424,560523,100.0,91.0,0.910000,538452.0,559500.0,0.962381
5596,560524,560623,100.0,89.0,0.890000,538541.0,559600.0,0.962368
5597,560624,560723,100.0,100.0,1.000000,538641.0,559700.0,0.962374
5598,560724,560823,100.0,93.0,0.930000,538734.0,559800.0,0.962369
5599,560824,560923,100.0,96.5,0.965000,538830.5,559900.0,0.962369
5600,560924,561023,100.0,99.5,0.995000,538930.0,560000.0,0.962375
5601,561024,561123,100.0,96.0,0.960000,539026.0,560100.0,0.962375
5602,561124,561223,100.0,99.0,0.990000,539125.0,560200.0,0.962380
5603,561224,561323,100.0,93.0,0.930000,539218.0,560300.0,0.962374
5604,561324,561423,100.0,94.0,0.940000,539312.0,560400.0,0.962370
5605,561424,561523,100.0,98.75,0.987500,539410.75,560500.0,0.962374
5606,561524,561623,100.0,98.25,0.982500,539509.0,560600.0,0.962378
5607,561624,561723,100.0,96.25,0.962500,539605.25,560700.0,0.962378
5608,561724,561823,100.0,97.75,0.977500,539703.0,560800.0,0.962381
5609,561824,561923,100.0,96.0,0.960000,539799.0,560900.0,0.962380
5610,561924,562023,100.0,99.0,0.990000,539898.0,561000.0,0.962385
5611,562024,562123,100.0,95.0,0.950000,539993.0,561100.0,0.962383
5612,562124,562223,100.0,99.0,0.990000,540092.0,561200.0,0.962388
5613,562224,562323,100.0,96.0,0.960000,540188.0,561300.0,0.962387
5614,562324,562423,100.0,99.0,0.990000,540287.0,561400.0,0.962392
5615,562424,562523,100.0,97.0,0.970000,540384.0,561500.0,0.962394
5616,562524,562623,100.0,100.0,1.000000,540484.0,561600.0,0.962400
5617,562624,562723,100.0,95.75,0.957500,540579.75,561700.0,0.962399
5618,562724,562823,100.0,94.25,0.942500,540674.0,561800.0,0.962396
5619,562824,562923,100.0,98.0,0.980000,540772.0,561900.0,0.962399
5620,562924,563023,100.0,97.0,0.970000,540869.0,562000.0,0.962400
5621,563024,563123,100.0,100.0,1.000000,540969.0,562100.0,0.962407
5622,563124,563223,100.0,97.0,0.970000,541066.0,562200.0,0.962408
5623,563224,563323,100.0,98.5,0.985000,541164.5,562300.0,0.962412
5624,563324,563423,100.0,97.5,0.975000,541262.0,562400.0,0.962415
5625,563424,563523,100.0,100.0,1.000000,541362.0,562500.0,0.962421
5626,563524,563623,100.0,99.0,0.990000,541461.0,562600.0,0.962426
5627,563624,563723,100.0,99.0,0.990000,541560.0,562700.0,0.962431
5628,563724,563823,100.0,100.0,1.000000,541660.0,562800.0,0.962438
5629,563824,563923,100.0,100.0,1.000000,541760.0,562900.0,0.962444
5630,563924,564023,100.0,99.0,0.990000,541859.0,563000.0,0.962449
5631,564024,564123,100.0,98.25,0.982500,541957.25,563100.0,0.962453
5632,564124,564223,100.0,98.75,0.987500,542056.0,563200.0,0.962457
5633,564224,564323,100.0,99.0,0.990000,542155.0,563300.0,0.962462
5634,564324,564423,100.0,99.0,0.990000,542254.0,563400.0,0.962467
5635,564424,564523,100.0,99.0,0.990000,542353.0,563500.0,0.962472
5636,564524,564623,100.0,99.0,0.990000,542452.0,563600.0,0.962477
5637,564624,564723,100.0,98.5,0.985000,542550.5,563700.0,0.962481
5638,564724,564823,100.0,92.0,0.920000,542642.5,563800.0,0.962473
5639,564824,564923,100.0,93.25,0.932500,542735.75,563900.0,0.962468
5640,564924,565023,100.0,86.25,0.862500,542822.0,564000.0,0.962450
5641,565024,565123,100.0,87.25,0.872500,542909.25,564100.0,0.962434
5642,565124,565223,100.0,90.75,0.907500,543000.0,564200.0,0.962425
5643,565224,565323,100.0,92.75,0.927500,543092.75,564300.0,0.962418
5644,565324,565423,100.0,94.25,0.942500,543187.0,564400.0,0.962415
5645,565424,565523,100.0,99.75,0.997500,543286.75,564500.0,0.962421
5646,565524,565623,100.0,98.25,0.982500,543385.0,564600.0,0.962425
5647,565624,565723,100.0,98.0,0.980000,543483.0,564700.0,0.962428
5648,565724,565823,100.0,98.0,0.980000,543581.0,564800.0,0.962431
5649,565824,565923,100.0,100.0,1.000000,543681.0,564900.0,0.962438
5650,565924,566023,100.0,99.5,0.995000,543780.5,565000.0,0.962443
5651,566024,566123,100.0,99.5,0.995000,543880.0,565100.0,0.962449
5652,566124,566223,100.0,99.0,0.990000,543979.0,565200.0,0.962454
5653,566224,566323,100.0,98.0,0.980000,544077.0,565300.0,0.962457
5654,566324,566423,100.0,99.0,0.990000,544176.0,565400.0,0.962462
5655,566424,566523,100.0,100.0,1.000000,544276.0,565500.0,0.962469
5656,566524,566623,100.0,100.0,1.000000,544376.0,565600.0,0.962475
5657,566624,566723,100.0,96.0,0.960000,544472.0,565700.0,0.962475
5658,566724,566823,100.0,95.0,0.950000,544567.0,565800.0,0.962473
5659,566824,566923,100.0,97.0,0.970000,544664.0,565900.0,0.962474
5660,566924,567023,100.0,97.0,0.970000,544761.0,566000.0,0.962475
5661,567024,567123,100.0,98.0,0.980000,544859.0,566100.0,0.962478
5662,567124,567223,100.0,98.0,0.980000,544957.0,566200.0,0.962481
5663,567224,567323,100.0,98.0,0.980000,545055.0,566300.0,0.962485
5664,567324,567423,100.0,98.0,0.980000,545153.0,566400.0,0.962488
5665,567424,567523,100.0,98.0,0.980000,545251.0,566500.0,0.962491
5666,567524,567623,100.0,100.0,1.000000,545351.0,566600.0,0.962497
5667,567624,567723,100.0,100.0,1.000000,545451.0,566700.0,0.962504
5668,567724,567823,100.0,98.0,0.980000,545549.0,566800.0,0.962507
5669,567824,567923,100.0,98.0,0.980000,545647.0,566900.0,0.962510
5670,567924,568023,100.0,98.0,0.980000,545745.0,567000.0,0.962513
5671,568024,568123,100.0,97.0,0.970000,545842.0,567100.0,0.962515
5672,568124,568223,100.0,98.0,0.980000,545940.0,567200.0,0.962518
5673,568224,568323,100.0,98.0,0.980000,546038.0,567300.0,0.962521
5674,568324,568423,100.0,94.0,0.940000,546132.0,567400.0,0.962517
5675,568424,568523,100.0,88.0,0.880000,546220.0,567500.0,0.962502
5676,568524,568623,100.0,98.0,0.980000,546318.0,567600.0,0.962505
5677,568624,568723,100.0,99.0,0.990000,546417.0,567700.0,0.962510
5678,568724,568823,100.0,93.0,0.930000,546510.0,567800.0,0.962504
5679,568824,568923,100.0,99.0,0.990000,546609.0,567900.0,0.962509
5680,568924,569023,100.0,100.0,1.000000,546709.0,568000.0,0.962516
5681,569024,569123,100.0,95.0,0.950000,546804.0,568100.0,0.962514
5682,569124,569223,100.0,98.5,0.985000,546902.5,568200.0,0.962518
5683,569224,569323,100.0,99.5,0.995000,547002.0,568300.0,0.962523
5684,569324,569423,100.0,100.0,1.000000,547102.0,568400.0,0.962530
5685,569424,569523,100.0,98.0,0.980000,547200.0,568500.0,0.962533
5686,569524,569623,100.0,99.0,0.990000,547299.0,568600.0,0.962538
5687,569624,569723,100.0,97.0,0.970000,547396.0,568700.0,0.962539
5688,569724,569823,100.0,95.0,0.950000,547491.0,568800.0,0.962537
5689,569824,569923,100.0,94.75,0.947500,547585.75,568900.0,0.962534
5690,569924,570023,100.0,98.75,0.987500,547684.5,569000.0,0.962539
5691,570024,570123,100.0,94.5,0.945000,547779.0,569100.0,0.962536
5692,570124,570223,100.0,94.0,0.940000,547873.0,569200.0,0.962532
5693,570224,570323,100.0,97.75,0.977500,547970.75,569300.0,0.962534
5694,570324,570423,100.0,99.25,0.992500,548070.0,569400.0,0.962540
5695,570424,570523,100.0,99.0,0.990000,548169.0,569500.0,0.962544
5696,570524,570623,100.0,95.0,0.950000,548264.0,569600.0,0.962542
5697,570624,570723,100.0,99.5,0.995000,548363.5,569700.0,0.962548
5698,570724,570823,100.0,95.5,0.955000,548459.0,569800.0,0.962547
5699,570824,570923,100.0,93.0,0.930000,548552.0,569900.0,0.962541
5700,570924,571023,100.0,97.0,0.970000,548649.0,570000.0,0.962542
5701,571024,571123,100.0,95.5,0.955000,548744.5,570100.0,0.962541
5702,571124,571223,100.0,95.5,0.955000,548840.0,570200.0,0.962539
5703,571224,571323,100.0,95.5,0.955000,548935.5,570300.0,0.962538
5704,571324,571423,100.0,97.5,0.975000,549033.0,570400.0,0.962540
5705,571424,571523,100.0,100.0,1.000000,549133.0,570500.0,0.962547
5706,571524,571623,100.0,96.0,0.960000,549229.0,570600.0,0.962546
5707,571624,571723,100.0,97.25,0.972500,549326.25,570700.0,0.962548
5708,571724,571823,100.0,99.75,0.997500,549426.0,570800.0,0.962554
5709,571824,571923,100.0,94.75,0.947500,549520.75,570900.0,0.962552
5710,571924,572023,100.0,95.25,0.952500,549616.0,571000.0,0.962550
5711,572024,572123,100.0,85.5,0.855000,549701.5,571100.0,0.962531
5712,572124,572223,100.0,88.5,0.885000,549790.0,571200.0,0.962518
5713,572224,572323,100.0,95.0,0.950000,549885.0,571300.0,0.962515
5714,572324,572423,100.0,99.0,0.990000,549984.0,571400.0,0.962520
5715,572424,572523,100.0,86.0,0.860000,550070.0,571500.0,0.962502
5716,572524,572623,100.0,96.0,0.960000,550166.0,571600.0,0.962502
5717,572624,572723,100.0,84.25,0.842500,550250.25,571700.0,0.962481
5718,572724,572823,100.0,86.75,0.867500,550337.0,571800.0,0.962464
5719,572824,572923,100.0,98.0,0.980000,550435.0,571900.0,0.962467
5720,572924,573023,100.0,95.0,0.950000,550530.0,572000.0,0.962465
5721,573024,573123,100.0,94.0,0.940000,550624.0,572100.0,0.962461
5722,573124,573223,100.0,96.0,0.960000,550720.0,572200.0,0.962461
5723,573224,573323,100.0,97.25,0.972500,550817.25,572300.0,0.962462
5724,573324,573423,100.0,95.75,0.957500,550913.0,572400.0,0.962462
5725,573424,573523,100.0,95.0,0.950000,551008.0,572500.0,0.962459
5726,573524,573623,100.0,93.0,0.930000,551101.0,572600.0,0.962454
5727,573624,573723,100.0,92.75,0.927500,551193.75,572700.0,0.962448
5728,573724,573823,100.0,93.25,0.932500,551287.0,572800.0,0.962442
5729,573824,573923,100.0,96.75,0.967500,551383.75,572900.0,0.962443
5730,573924,574023,100.0,97.25,0.972500,551481.0,573000.0,0.962445
5731,574024,574123,100.0,99.0,0.990000,551580.0,573100.0,0.962450
5732,574124,574223,100.0,98.0,0.980000,551678.0,573200.0,0.962453
5733,574224,574323,100.0,99.0,0.990000,551777.0,573300.0,0.962458
5734,574324,574423,100.0,97.0,0.970000,551874.0,573400.0,0.962459
5735,574424,574523,100.0,98.0,0.980000,551972.0,573500.0,0.962462
5736,574524,574623,100.0,97.0,0.970000,552069.0,573600.0,0.962463
5737,574624,574723,100.0,95.0,0.950000,552164.0,573700.0,0.962461
5738,574724,574823,100.0,96.0,0.960000,552260.0,573800.0,0.962461
5739,574824,574923,100.0,94.0,0.940000,552354.0,573900.0,0.962457
5740,574924,575023,100.0,94.0,0.940000,552448.0,574000.0,0.962453
5741,575024,575123,100.0,93.5,0.935000,552541.5,574100.0,0.962448
5742,575124,575223,100.0,97.5,0.975000,552639.0,574200.0,0.962450
5743,575224,575323,100.0,94.0,0.940000,552733.0,574300.0,0.962446
5744,575324,575423,100.0,95.0,0.950000,552828.0,574400.0,0.962444
5745,575424,575523,100.0,93.5,0.935000,552921.5,574500.0,0.962440
5746,575524,575623,100.0,93.0,0.930000,553014.5,574600.0,0.962434
5747,575624,575723,100.0,94.5,0.945000,553109.0,574700.0,0.962431
5748,575724,575823,100.0,91.0,0.910000,553200.0,574800.0,0.962422
5749,575824,575923,100.0,95.5,0.955000,553295.5,574900.0,0.962420
5750,575924,576023,100.0,96.0,0.960000,553391.5,575000.0,0.962420
5751,576024,576123,100.0,95.5,0.955000,553487.0,575100.0,0.962419
5752,576124,576223,100.0,96.0,0.960000,553583.0,575200.0,0.962418
5753,576224,576323,100.0,93.25,0.932500,553676.25,575300.0,0.962413
5754,576324,576423,100.0,88.75,0.887500,553765.0,575400.0,0.962400
5755,576424,576523,100.0,98.25,0.982500,553863.25,575500.0,0.962404
5756,576524,576623,100.0,97.75,0.977500,553961.0,575600.0,0.962406
5757,576624,576723,100.0,92.5,0.925000,554053.5,575700.0,0.962400
5758,576724,576823,100.0,95.5,0.955000,554149.0,575800.0,0.962398
5759,576824,576923,100.0,98.0,0.980000,554247.0,575900.0,0.962401
5760,576924,577023,100.0,95.0,0.950000,554342.0,576000.0,0.962399
5761,577024,577123,100.0,91.0,0.910000,554433.0,576100.0,0.962390
5762,577124,577223,100.0,91.0,0.910000,554524.0,576200.0,0.962381
5763,577224,577323,100.0,98.0,0.980000,554622.0,576300.0,0.962384
5764,577324,577423,100.0,98.0,0.980000,554720.0,576400.0,0.962387
5765,577424,577523,100.0,95.0,0.950000,554815.0,576500.0,0.962385
5766,577524,577623,100.0,99.0,0.990000,554914.0,576600.0,0.962390
5767,577624,577723,100.0,98.0,0.980000,555012.0,576700.0,0.962393
5768,577724,577823,100.0,96.0,0.960000,555108.0,576800.0,0.962393
5769,577824,577923,100.0,98.5,0.985000,555206.5,576900.0,0.962396
5770,577924,578023,100.0,96.0,0.960000,555302.5,577000.0,0.962396
5771,578024,578123,100.0,94.5,0.945000,555397.0,577100.0,0.962393
5772,578124,578223,100.0,96.0,0.960000,555493.0,577200.0,0.962393
5773,578224,578323,100.0,87.25,0.872500,555580.25,577300.0,0.962377
5774,578324,578423,100.0,89.75,0.897500,555670.0,577400.0,0.962366
5775,578424,578523,100.0,98.0,0.980000,555768.0,577500.0,0.962369
5776,578524,578623,100.0,99.0,0.990000,555867.0,577600.0,0.962374
5777,578624,578723,100.0,100.0,1.000000,555967.0,577700.0,0.962380
5778,578724,578823,100.0,99.0,0.990000,556066.0,577800.0,0.962385
5779,578824,578923,100.0,100.0,1.000000,556166.0,577900.0,0.962391
5780,578924,579023,100.0,100.0,1.000000,556266.0,578000.0,0.962398
5781,579024,579123,100.0,100.0,1.000000,556366.0,578100.0,0.962404
5782,579124,579223,100.0,99.0,0.990000,556465.0,578200.0,0.962409
5783,579224,579323,100.0,94.25,0.942500,556559.25,578300.0,0.962406
5784,579324,579423,100.0,92.75,0.927500,556652.0,578400.0,0.962400
5785,579424,579523,100.0,96.0,0.960000,556748.0,578500.0,0.962399
5786,579524,579623,100.0,99.0,0.990000,556847.0,578600.0,0.962404
5787,579624,579723,100.0,98.0,0.980000,556945.0,578700.0,0.962407
5788,579724,579823,100.0,99.0,0.990000,557044.0,578800.0,0.962412
5789,579824,579923,100.0,98.0,0.980000,557142.0,578900.0,0.962415
5790,579924,580023,100.0,98.0,0.980000,557240.0,579000.0,0.962418
5791,580024,580123,100.0,100.0,1.000000,557340.0,579100.0,0.962424
5792,580124,580223,100.0,100.0,1.000000,557440.0,579200.0,0.962431
5793,580224,580323,100.0,98.0,0.980000,557538.0,579300.0,0.962434
5794,580324,580423,100.0,95.0,0.950000,557633.0,579400.0,0.962432
5795,580424,580523,100.0,99.0,0.990000,557732.0,579500.0,0.962437
5796,580524,580623,100.0,100.0,1.000000,557832.0,579600.0,0.962443
5797,580624,580723,100.0,100.0,1.000000,557932.0,579700.0,0.962450
5798,580724,580823,100.0,100.0,1.000000,558032.0,579800.0,0.962456
5799,580824,580923,100.0,100.0,1.000000,558132.0,579900.0,0.962462
5800,580924,581011,88.0,88.0,1.000000,558220.0,579988.0,0.962468
